adiaux,さようなら
bis,アンコール！
hura,万歳！
uxa,ワァ！
kia,どのような
tia,そんな，あんな
cxia,すべての
kies,だれの
nenia,どんな～も～ない
ali,他の
alt,高い
bel,美しい
bon,良い
jun,若い
nov,新しい
sam,同一の
fort,強い
grav,重要な
kelk,幾つかの
last,最後の
long,長い
mult,多くの
plen,いっぱいの
ricx,金持ちの
rugx,赤い
facil,容易な
grand,大きい
liber,自由な
rapid,速い
felicx,幸福な
proksim,近い
fru,早い
pur,純粋な
sol,唯一の
ver,本当の
cert,確かな
nigr,黒い
varm,暑い
afabl,愛想のよい
blank,白い
dolcx,甘い
neces,必要な
propr,固有の
simpl,簡単な
dekstr,右の
kuragx,勇気ある
trankvil,平静な
blu,青い
dik,太い
gaj,陽気な
hel,明るい
kar,親愛な
lac,疲れた
san,健康な
sat,満腹した
just,正義の
prav,正当な
pret,用意の整った
util,有用な
verd,緑の
apart,別々の
atent,注意深い
fremd,他国の
gxust,正しい
komun,共通の
largx,幅の広い
agrabl,快い
divers,様々な
intern,内部の
suficx,十分な
kontent,満足な
profund,深い
mol,柔らかい
pez,重い
sek,乾いた
brun,褐色の
egal,等しい
flav,黄色の
griz,灰色の
kulp,罪のある
lert,器用な
rekt,まっすぐな
sagx,賢明な
vast,広い
ceter,残りの
fresx,新鮮な
simil,よく似た
kapabl,有能な
serioz,まじめな
efektiv,現実の
ordinar,普通の
akr,鋭い
fam,名高い
ies,だれかの
avar,欲の深い
dens,濃い
eben,平らな
fier,誇りたかい
firm,堅固な
nepr,必然の
plat,平たい
plur,複数の
surd,つんぼの、耳が聞こえない
vigl,活発な
fidel,忠実な
kviet,静かな
matur,成熟した
sankt,神聖な
spert,経験を積んだ
subit,不意の
tauxg,役立つ
honest,正直な
konven,ふさわしい
plur,複数の
preciz,正確な
strang,奇妙な
delikat,繊細な
gxentil,礼儀正しい
komfort,安楽な
pacienc,我慢強い
special,特別の
gxeneral,全般の
konstant,不変の
lam,びっこの
mut,唖の
nud,裸の
pal,青ざめた
ruz,ずるい
van,むなしい
acid,酸っぱい
glat,なめらかな
kler,教養ある
krud,生の
mild,温和な
abund,有り余るほどの
blind,盲目の
blond,金髪の
cxarm,魅力的な
etern,永遠の
favor,好意的な
graci,優美な
humil,謙虚な
lauxt,大声の
sever,厳しい
stult,愚鈍な
fortik,頑丈な
frenez,気の狂った
kurioz,珍奇な
privat,私的な
sincer,誠実な
evident,明白な
oportun,便利な
prudent,思慮深い
sci/vol##,好奇心のある
diligent,勤勉な
proksim/um##,およその
ard,白熱の
avid,渇望している
brav,勇敢な
ebri,酔った
krut,切り立った
naiv,無邪気な
nobl,高潔な
sobr,節制の
humid,湿気のある
ident,同一の
komik,こっけいな
kripl,不具の
kruel,残酷な
moder,適度の
sagac,明敏な
seren,おだやかな
sprit,機知に富んだ
akurat,時間厳守の
fervor,熱心な
inklin,傾向のある
jxaluz,嫉妬深い
kapric,気まぐれの
modern,現代の
modest,控え目な
nenies,誰の～でもない
normal,正常な
sovagx,野生の
ekstrem,ぎりぎりの
elegant,上品な
eminent,優れた
komplet,完全な
oficial,公式の
perfekt,完全な
probabl,ありそうな
reciprok,相互の
indiferent,無関心な
inteligent,聡明な
amar,苦い
imun,免疫の
real,現実の
ties,それ・あれの
unik,特異な
vant,虚栄の
virg,純潔な
aktiv,活動的な
civil,市民の
cxies,各人の，皆の
elast,弾力のある
human,人間的な
intim,親密な
kaduk,老朽の
koket,なまめかしい
lojal,忠義な
malic,悪意の
mir/ind##,不思議な
rauxk,しわがれ声の
rigid,硬直した
sekur,安全な
solen,荘厳な
tener,優しい
valid,有効な
abrupt,突然の
absurd,非常識な
aktual,現存の
arbitr,任意の
auxdac,ずぶとい
ekzakt,精密な
furioz,怒り狂った
graved,妊娠した
klasik,古典の
majest,尊厳な
nervoz,神経質な
oblikv,斜めの
obstin,頑固な
plen/agx##,成年の
social,社会的な
subtil,微細な
tragik,悲惨な
absolut,絶対の
kontant,現金の
popular,人気のある
relativ,相対的な
sin/don##,献身的な
solidar,連帯の
vegetar,菜食の
familiar,心安い
grandioz,雄大な
kolektiv,集合的な
sin/gard##,用心のための
kompetent,適任の
universal,普遍的な
kvit,借のない
miop,近視の
punc,ひなげし色の
ranc,酸敗した
cxast,貞節な
ekstr,特別の
masiv,どっしり重い
antikv,古代の
arogant,横柄な
konform,適合した
trivial,野卑な
elokvent,雄弁な
kriminal,刑事上の
predikat,述部
akut,鋭角の
dual,二重の
hirt,逆立った
kalv,はげた
banal,ありふれた
cinik,冷笑的な
gotik,ゴシック式の
inert,惰性的な
obtuz,鈍い
okult,神秘術の
pasiv,受身の
rigor,厳格な
stoik,ストア学派の
analog,類似の
anonim,匿名の
arkaik,古風な
diafan,半透明の
efemer,はかない
erotik,性愛の
fiktiv,fikcia
formal,外形的な
frivol,軽はずみな
intens,強烈な
invers,逆の
konciz,簡潔な
konkav,凹の
mistik,神秘主義的な
neuxtr,中性の
vulgar,通俗の
akcesor,副の
apokrif,偽作の
arhxaik,arkaika
burlesk,道化た
decimal,十進法の
diskret,口の固い
fanatik,狂信的な
grotesk,グロテスクな
konkret,具体的な
kontinu,連続的な
liberal,自由主義の
monoton,単調な
negativ,消極的の
nominal,名目上の
pozitiv,積極的な
radikal,急進的な
skeptik,懐疑的な
solvent,支払能力のある
abstrakt,抽象的な
auxtonom,自治の
eventual,起こり得る
inkluziv,含んだ
neuxtral,中立の
objektiv,客観的な
ortodoks,正統の
primitiv,原始的な
provizor,臨時の
racional,有理の
romantik,ロマンチックな
sinoptik,一覧用の
spontane,自発的な
auxtentik,真正の
definitiv,最終決定の
ekskluziv,排他的な
korelativ,相関的な
respektiv,それぞれの
subjektiv,主観的な
transitiv,他動の
spekulativ,思弁的な
impertinent,厚かましい
konservativ,保守派の
sentimental,感傷的な
dek,十
mil,千
sep,七
ses,六
tri,三
unu,一
cent,百
kvar,四
kvin,五
naux,九
aux,または
nek,～もまた～ない
sed,しかし
kvankam,けれども
plus,プラス
minus,マイナス
cxe,ところで
kun,共に
per,よって
pri,ついて
pro,ために
sen,なしで
sub,下に
sur,上に
tra,通って
apud,そばに
krom,ほかに
laux,沿って
post,後で
inter,間に
super,上方に
trans,向こうに
antaux,前に
ekster,外で
preter,そばを通って
kontraux,向かって
malgraux,にもかかわらず
gxi,それ
ili,それら
kio,何
oni,人々
sxi,彼女
tio,それ，あれ
cxio,すべて
nenio,何も～ない
tio cxi##,これ
dis,分散
mal,正反対
cxef,主
eks,前
mis,誤り
pra,原始
dev,しなければならない
dir,言う
don,与える
est,である
far,する
fin,終える
hav,持っている
kon,知っている
leg,読む
lev,上げる
met,置く
mov,動かす
pet,頼む
pov,できる
rid,笑う
sci,知っている
sid,座っている
ten,支え持つ
ven,来る
vid,見る，会う
viv,生きている
vol,意志がある
gxoj,喜ぶ
help,手助けする
kred,信じる
lern,学習する
logx,住む
mort,死ぬ
okaz,起こる
port,持ち運ぶ
pren,手に取る
sekv,付き従う
send,送る
star,立っている
dezir,望む
labor,働く
milit,戦争する
montr,示す
parol,話しをする
ricev,受取る
skrib,書く
sxajn,見える
vetur,行く
demand,質問する
komenc,始める
kompren,理解する
respond,答える
bat,打つ
fal,落ちる
kri,叫ぶ
kur,走る
las,手放す
lum,光っている
mir,不思議に思う
pag,支払う
pas,通過する
reg,統治する
son,音がする
tim,恐れる
tir,引く
auxd,聞く
brul,燃える
dank,感謝する
dorm,眠っている
ferm,閉める
flug,飛ぶ
halt,止まる
jxet,投げる
kant,歌う
kost,価する
mank,欠けている
nask,生む
okup,占めている
pens,思う
perd,失う
prem,押える
prov,試す
sent,感じる
turn,回す
acxet,買う
atend,待つ
bezon,必要とする
kresk,成長する
mangx,食べる
memor,覚えている
sercx,捜す
trink,飲む
konsil,助言する
permes,許可する
postul,要求する
rakont,物語る
rigard,見る
rimark,気づく
sxangx,変える
vojagx,旅行する
konstru,建造する
prezent,差し出す
renkont,出会う
bru,騒音を出す
dub,疑う
lav,洗う
lud,遊ぶ
pen,努力する
vek,目覚めさせる
vok,呼ぶ
aper,現れる
bril,輝く
erar,誤る
fest,祝う
frap,たたく
gajn,かち取る
kapt,捕える
kasx,隠す
kovr,おおう
kuir,料理する
kusx,横たわっている
pasx,歩く
plor,泣く
romp,破壊する
salt,跳躍する
serv,仕える
tusx,触れる
vend,売る
zorg,世話をする
batal,戦う
elekt,選ぶ
esper,希望する
koler,怒っている
mezur,計る
opini,意見である
ordon,命令する
plend,不満を訴える
ripoz,休息する
salut,挨拶する
sufer,苦しむ
akcept,受入れる
forges,忘れる
kalkul,計算する
komerc,商売する
konduk,導く
pardon,ゆるす
silent,黙っている
trancx,切る
konsent,同意する
auxskult,聴く
ban,水浴させる
flu,流れる
kre,創造する
mok,あざける
amuz,楽しませる
cxes,止む
efik,効果をあげる
gard,見張る
jugx,裁判する
klin,傾ける
pend,掛っている
pusx,押す
spir,呼吸する
stud,研究する
sxat,価値を認める
tond,刈る
traf,命中する
ating,着く
decid,決定する
estim,尊敬する
invit,招待する
kurac,治療する
marsx,行進する
placx,気に入る
ripet,繰り返す
sxlos,鍵をかける
sxtel,盗む
vizit,訪問する
arangx,整える
ekzist,存在する
instru,教える
intenc,意図する
kompat,あわれむ
prefer,より好む
prepar,用意する
promen,散歩する
promes,約束する
sukces,成功する
konserv,保存する
bol,沸騰する
kis,キスする
obe,服従する
paf,撃つ
pel,追いたてる
pik,刺す
pun,罰する
sav,救助する
tus,せきをする
akir,獲得する
apog,支える
atak,攻撃する
bala,掃く
blov,吹く
cxas,狩る
danc,踊る
eduk,教育する
evit,避ける
fleg,看護する
glit,すべる
gvid,案内する
gxen,邪魔する
hejt,暖房する
hont,恥じる
imag,想像する
imit,模倣する
komb,すく
mend,注文する
miks,混ぜる
nagx,泳ぐ
plug,耕す
pres,印刷する
soif,喉が乾く
spez,出納する
sxir,ちぎる
trem,震える
trov,見つける
venk,勝つ
visx,拭く
volv,巻く
anonc,公表する
aprob,賛成する
avert,警告する
merit,価する
minac,脅す
pentr,描く
posed,所有する
pregx,祈る
rifuz,拒絶する
rilat,関係する
ripar,修理する
skrap,削る
sxerc,冗談を言う
tromp,だます
defend,守る
desegn,描く
esting,消す
inform,通報する
kompar,比較する
kondut,ふるまう
konfes,告白する
konsci,意識する
kultur,栽培する
mensog,嘘をつく
rezult,起きる
rikolt,収穫する
strecx,緊張させる
sxovel,シャベルですくう
akompan,同行する
aparten,所属する
bedauxr,残念に思う
konsist,成り立つ
organiz,組織する
progres,進歩する
respekt,尊敬する
riprocx,とがめる
diferenc,異なる
rekomend,推薦する
korespond,文通する
enu,退屈する
fid,信頼する
gxu,楽しむ
hak,たたき切る
log,気を引く
pek,罪を犯す
pes,重さを計る
raz,そる
dron,溺れる
fajf,口笛を吹く
fand,溶かす
farm,小作する
fart,暮らす
frot,摩擦する
gxem,うめく
krev,裂ける
kudr,縫う
mord,かむ
muel,挽く
nutr,養う
odor,臭う
rajd,乗って行く
solv,解決する
taks,評価する
teks,織る
tent,誘惑する
urgx,さし迫る
babil,雑談する
detru,破壊する
difin,定義する
distr,気を散らす
diven,見抜く
divid,分割する
etend,伸ばす
evolu,進化する
forgx,鍛える
frand,美食する
grimp,よじ登る
hezit,ためらう
krocx,ひっ掛ける
lauxd,ほめる
mason,築く
ofert,提供する
ornam,装飾する
petol,いたずらをする
songx,夢を見る
stern,敷き広げる
supoz,想定する
sxirm,かばう
sxpar,節約する
sxtop,詰めふさぐ
sxuld,債務を負う
sxvel,膨れる
toler,我慢する
versx,注ぐ
aspekt,見える
dauxr/ig##,続ける
difekt,損傷する
diskut,討議する
domagx,惜しむ
ekscit,興奮させる
ekzerc,訓練する
esplor,探求する
esprim,表現する
konsol,慰める
murmur,つぶやく
prezid,議長を勤める
signif,意味する
skulpt,彫刻する
traduk,翻訳する
ekskurs,遠足する
ekzamen,調べる
komunik,伝える
koncern,関係がある
konstat,確認する
protekt,保護する
protest,抗議する
renvers,転覆させる
surpriz,驚かす
konsider,考慮する
persekut,迫害する
reprezent,代表する
bak,焼く
ben,祝福する
boj,ほえる
bor,穴をあける
ced,譲歩する
cit,引用する
lek,なめる
rab,強奪する
rav,うっとりさせる
rem,漕ぐ
rev,空想する
seg,鋸で引く
sku,揺すぶる
ted,うんざりさせる
teg,上張りする
abon,予約する
dung,雇う
envi,うらやむ
flar,嗅ぐ
fond,創立する
frit,フライにする
friz,カールする
gest,身振りをする
glad,アイロンをかける
glut,飲み込む
jxur,誓う
kned,こねる
macx,かみ砕く
melk,乳を搾る
migr,移動する
munt,組み立てる
ofer,捧げる
pent,後悔する
pruv,証明する
pump,吸い上げる
putr,腐敗する
ramp,這って進む
risk,危険にさらす
ronk,いびきをかく
rost,焼く
sven,失神する
sxov,押しやる
sxut,まく
tajl,裁断する
tord,よじる
tren,引きずって行く
vari,変動する
velk,枯れる
adici,足し算する
admir,感嘆する
admon,言い聞かせる
adopt,養子にする
akcel,加速する
atest,証明する
cxerp,汲む
degel,融ける
deleg,派遣する
fleks,曲げる
flirt,翻る
hered,相続する
influ,影響を与える
kares,愛撫する
medit,黙考する
nauxz,吐き気を催させる
osced,あくびをする
pasxt,放牧する
pauxz,休止する
pincx,つまむ
plekt,編む
regal,ごちそうする
ribel,反乱する
sopir,恋しがる
sorcx,魔法にかける
strik,ストライキをする
sufok,窒息させる
sving,振る
sxarg,装填する
sxmir,塗る
trakt,取り扱う
tremp,ひたす
afrank,切手を貼る
asekur,保険をかける
balanc,上下に揺る
barakt,もがく
dedicx,捧げる
deklar,宣言する
destin,予定する
disput,口論する
escept,除外する
festen,宴会をする
frakas,打ち砕く
gratul,お祝いを言う
ilustr,挿絵を入れる
import,輸入する
insist,固執する
instal,据え付ける
instig,励ます
insult,罵る
komand,指揮する
komisi,委託する
konfid,信頼する
konfit,砂糖漬けにする
konfuz,混乱させる
konkur,競争する
kritik,批判する
observ,観察する
penetr,浸透する
perfid,裏切る
proced,手順を運ぶ
raport,報告する
reklam,広告をする
rezign,放棄する
rezist,抵抗する
rifugx,避難する
brak/um##,抱きしめる
civiliz,教化する
cxagren,いらだたせる
de/pend##,依存する
disting,判別する
eksplod,爆発する
garanti,保証する
komplez,親切にする
kondamn,罪
konfirm,確認する
konjekt,推測する
konklud,結論する
kontrol,検査する
konvink,説得する
operaci,手術する
plen/um##,果たす
pretend,権利を要求する
suspekt,怪しむ
turment,いじめる
distribu,分配する
fanfaron,大言壮語する
kontrakt,契約する
mastr/um##,家政をとる
prokrast,延期する
administr,管理する
el/turn/igx##,身をかわす
entrepren,企てる
dec,かなう
juk,かゆい
lul,寝かしつける
vad,歩く
vag,さまよう
vet,賭ける
vom,吐く
zum,ブンブン言う
ador,崇拝する
agit,扇動する
akuz,告発する
alud,ほのめかす
bapt,洗礼を施す
bind,製本する
blek,いななく
bred,飼育する
bucx,屠殺する
cxif,しわくちゃにする
dikt,口述筆記させる
dres,調教する
ekip,装備する
est/ig##,引き起こす
fast,断食する
flat,おだてる
flik,継ぎを当てる
fugx,逃げる
fusx,仕損じる
garn,補強する
grat,掻く
hav/ig##,持たせる
izol,孤立させる
jung,つなぐ
lukt,格闘する
mugx,うなる
opon,反対する
palp,手探りする
pekl,塩づけにする
pere,破滅する
pli/ig##,ふやす
sark,除草する
sekc,切断する
sorb,吸収する
spit,ものともしない
sucx,吸う
svat,仲人する
tajp,タイプする
tern,くしゃみをする
tikl,くすぐる
tint,チンチンと鳴る
trik,編み物をする
trud,押し付ける
vart,保育する
adapt,適合させる
aplik,応用する
asert,断言する
asist,補佐する
balot,投票する
cxe/est##,出席する
delir,錯乱する
depon,預ける
deput,出す
enket,調査する
eskap,逃れる
falcx,かまで刈る
flagr,揺らめく
for/est##,不在だ
grinc,きしる
ignor,無視する
impet,突進する
incit,怒らせる
indik,指し示す
insid,落とし入れる
inund,氾濫する
kracx,たんを吐く
liver,供給する
menci,言及する
modif,修正する
ofend,侮辱する
rezon,推論する
rivel,あかす
start,スタートする
susur,さらさら鳴る
sxpin,紡ぐ
trejn,訓練する
vengx,復讐をする
abstin,節制する
aflikt,悩ませる
altern,交互に起こる
balbut,どもる
cirkul,循環する
dejxor,当直する
denunc,告発する
de/ten##,引きとめる
dev/ont/ig##,約束させる
digest,消化する
dispon,自由に使う
dorlot,甘やかす
eksped,発送する
el/don##,出版する
establ,創立する
flustr,ささやく
grimac,顔をしかめる
grumbl,ぶつぶつ言う
implik,もつれさす
indign,激怒する
indulg,容赦する
infekt,感染させる
injekt,注射する
inspir,心に吹き込む
invent,発明する
klopod,奔走する
kolizi,衝突する
kombin,組合わせる
kompon,構成する
konsum,消費する
korekt,訂正する
lubrik,油を注す
manovr,機動演習する
plongx,飛び込む
preleg,講演する
propon,提案する
provok,挑発する
recenz,批評する
redakt,編集する
redukt,縮小する
revizi,校閲する
sxpruc,噴出する
aplauxd,拍手する
blasfem,冒涜する
bon/vol##,どうぞ～する
brokant,古物売買する
eksport,輸出する
ekzekut,死刑を執行する
gust/um##,味わう
iniciat,発起する
kalumni,中傷する
kompens,補償する
komplik,複雑にする
kontest,異議を唱える
manipul,操作する
neglekt,なおざりにする
persist,頑張る
prononc,発音する
prosper,繁栄する
reflekt,反射する
re/form##,改造する
subtrah,引き算する
sxancel,ぐらつかせる
televid,テレビを見る
determin,確定する
ekspluat,開発する
koncentr,集中する
mistifik,煙にまく
preskrib,処方する
revoluci,革命を起こす
riverenc,お辞儀する
interpret,通訳する
kompromit,危険にさらす
multiplik,掛ける
propagand,宣伝する
konversaci,会話する
interpelaci,質問する
erp,まぐわでならす
kov,抱いている
lut,半田づけする
pep,さえずる
tan,なめす
agac,歯の浮くような思いをさせる
brod,刺繍する
brog,熱湯をかける
cxiz,彫刻する
edif,教化する
fajl,やすりをかける
krak,音をたてる
kroz,巡航する
pist,つく
rasp,すりおろす
rast,かく
rigl,かんぬきをかける
rukt,げっぷ
sibl,シューシュー音を立てる
skiz,スケッチする
sput,吐く
steb,合わせ縫いする
stuk,漆喰を塗る
sxim,かびる
torn,旋削する
trot,速歩する
urin,排尿する
varb,募集する
adult,密通する
afekt,見せかける
akusx,出産する
arest,逮捕する
asign,割当てる
atenc,危害を加える
drasx,打穀する
drink,飲む
ekzil,国外追放する
filtr,ろ過する
infuz,振り出す
kribr,ふるいにかける
parad,分裂行進する
rabot,かんなをかける
rafin,精製する
satur,飽和させる
siegx,包囲する
skerm,フェンシングをする
strab,やぶにらみする
sxmac,チュッと音を立てる
uzurp,横領する
veget,植生する
border,縁取る
cxikan,難癖を付ける
degrad,降格する
dibocx,酒色にふける
distil,蒸留する
drapir,掛け布でおおう
gargar,うがいする
gravur,彫り込む
guvern,養育する
ilumin,照明する
inokul,接種する
intrig,陰謀を企てる
jxongl,手品を使う
kartav,ｒ音をのどで発音する
kontuz,打撲傷を与える
likvid,清算する
makler,仲買をする
plauxd,ばしゃりと音を立てる
predik,説教する
rembur,詰め物をする
ventol,換気する
decxifr,解読する
degener,退化する
diskont,手形割引する
ferment,発酵する
kalfatr,コーキンする
kolport,行商する
kompost,植字する
konspir,陰謀を企む
konvert,改宗させる
paraliz,麻痺させる
proklam,布告する
singult,しゃっくりする
cxarpent,大工仕事をする
hipokrit,偽善をする
intermit,断続する
konstern,仰天させる
marcxand,値切る
kapitulac,降伏する
kauxteriz,腐食させる
komentari,koment
koment,注釈する
poz,ポーズをとる
vak,あいている
boks,拳闘する
gxir,振替える
kirl,かきまわす
klak,かちかち音をたてる
kluk,クックッと鳴く
knar,きしる
murd,殺害する
pled,弁護する
sond,探る
tatu,入れ墨する
abdik,退く
abort,流産する
agoni,死の苦しみを味わう
aklam,歓呼する
amput,切断する
aneks,併合する
aspir,熱望する
deriv,派生させる
feder,連合させる
impon,威圧する
invad,侵入する
kauxr,うずくまっている
klacx,悪口をいう
klisx,ステロ版にとる
kotiz,払う
marin,マリネソースに漬ける
miaux,ニャアと鳴く
modul,転調する
refut,論破する
rikan,冷笑する
streb,【に）全力をつくす
svarm,群がっている
sxveb,浮かぶ
absorb,夢中にさせる
akapar,買占める
analiz,分析する
asimil,同化する
asperg,水をやる
atribu,割り当てる
auxgur,占う
bojkot,ボイコットする
cenzur,検閲する
dedukt,演繹する
deklam,朗読する
dekolt,くる
indukt,帰納する
kompil,編さんする
konced,容認する
konker,征服する
korupt,買収する
kverel,口論する
lament,悲嘆にくれる
narkot,麻酔する
stimul,激励する
strigl,櫛をかける
sxrump,しなびる
amortiz,原価消却する
anticip,前もってする
apelaci,訴える
bankrot,破産する
bombard,砲撃する
emancip,解放する
inspekt,査察する
katekiz,問答で教理を教える
koincid,符合する
konfisk,没収する
konsekr,清める
konsult,相談する
legitim,証明する
mobiliz,動員する
pilgrim,巡礼する
improviz,即興的に作る
inauxgur,式を行う
karambol,キャノンする
katehxiz,katekiz
klasifik,分類する
kontribu,寄与する
litograf,石版印刷する
prostitu,売春させる
centraliz,集中する
stenograf,速記する
ekskomunik,破門する
karakteriz,特色づける
ajx,事物
ant,能動・継続　
ebl,可能
igx,なる
ind,価値
int,能動・完了　
ism,主義
ist,従事者
obl,倍数
ont,能動・将然　
estr,長
acx,粗悪
cxj##,男子愛称
end,必要
ing,さや
ajn,であろうと
cxi##,近接
ecx##,さえ
for,離れて
iam,ある時
iom,いくらか，多少
jam,既に
jen,そらここに
jes,はい
kie,どこで
mem,自身
nun,今
nur,ただ～だけ
pli,より
plu,さらに
tie,そこ・あそこで
tre,たいへん
tro,あまりに～すぎる
tuj,すぐに
cxie,いたる所で
jxus,たった今
kiam,いつ
plej,最も
tial,それゆえ
tiam,その時，あの時
tiel,その・あの様に
tiom,そんな・あんなに
cxiam,いつも
nenie,どこにも～ない
ankaux,また
neniam,決して～ない/td>
baldaux,まもなく
hieraux,昨日
hodiaux,今日
morgaux,明日
tie cxi##,ここで
almenaux,少なくとも
ankoraux,まだ
preskaux,ほとんど
tiel cxi##,この様に
oft,たびたび
ial,ある理由で
iel,どうにかして
volont,自ら進んで
des,それだけますます
neniom,少しも～ない
cxial,あらゆる理由で
cxiom,全部
ia/foj##,ある時
nenial,どんなわけでも～ない
neniel,どうしても～ない
parker,暗記して
foj,回
hom,人
jar,年
kap,頭
kor,心
lok,場所
man,手
nom,名前
tag,日
ter,土地
vir,男
voj,道
afer,物事
amik,友達
form,形
kamp,野原
land,国
mond,世界
naci,国民
patr,父
temp,時間
vort,語
flank,側
infan,子供
patr/in##,母
cxambr,部屋
sinjor,紳士
akv,水
arb,木
art,技術
dom,家
edz,夫
fil,息子
har,毛
hor,時間
lit,ベッド
mar,海
mon,金銭
mur,壁
pac,平和
pec,一片
sun,太陽
urb,市
bild,絵
bird,鳥
busx,口
frat,兄弟
hejm,家庭
knab,少年
kort,中庭
libr,本
mont,山
okul,目
part,部分
pied,足
pord,戸口
rajt,権利
tabl,テーブル
vent,風
vest,服
fingr,指
frukt,果実
kolor,色
leter,手紙
lingv,言語
maten,朝
popol,人民
punkt,点
rimed,手段
valor,価値
cxeval,馬
famili,家族
frauxl,未婚男子
person,人
semajn,一週間
vesper,夕方
vizagx,顔
fenestr,窓
aer,空気
agx,年齢
cel,目的
fer,鉄
ide,観念
kat,猫
kol,首
mez,まん中
naz,鼻
nub,雲
ord,順序
pan,パン
roz,バラ
best,動物
bord,岸
brak,腕
dent,歯
fajr,火
fisx,魚
flor,花
glas,コップ
hund,犬
korp,体
lakt,乳
lign,木材
lini,線
mark,しるし
negx,雪
nokt,夜
onkl,おじ
orel,耳
plum,ペン
pluv,雨
rond,円形
sang,血
segx,いす
spec,種類
stat,状態
supr,頂上
sxip,船
vitr,ガラス
angul,角
dauxr,継続
dolor,痛み
gazet,雑誌
kauxz,原因
kutim,習慣
minut,分
monat,月
natur,自然
nombr,数
paper,紙
plank,床
river,川
somer,夏
staci,駅
strat,街路
suker,砂糖
sxton,石
vagon,車両
veter,天候
vintr,冬
auxtun,秋
cxapel,帽子
direkt,方向
kolekt,収集品
moment,瞬間
plezur,喜び
vilagx,村
ekzempl,例
gxarden,庭
histori,歴史
printemp,春
bov,牛
ink,インク
kaf,コーヒー
kok,ニワトリ
kuk,ケーキ
kuz,いとこ
lag,湖
lim,境界
lun,月
maj,５月
pak,包み
sak,袋
sum,合計
tru,穴
vin,ぶどう酒
anim,魂
azen,ロバ
benk,ベンチ
dors,背
foli,葉
font,源泉
fund,底
genu,ひざ
gren,穀物
grup,グループ
herb,草
juli,７月
juni,６月
kart,カード
klas,クラス
korb,かご
kruc,十字架
krur,すね
lang,舌
legx,法律
lund,月曜日
mard,火曜日
mart,３月
ofic,職務
ombr,かげ
pagx,ページ
pork,豚
posx,ポケット
radi,線
regx,王
senc,意味
stel,星
sxaf,ヒツジ
verk,著作
vocx,声
adres,住所
april,４月
brust,胸
buter,バター
donac,贈り物
glaci,氷
kuler,さじ
mastr,主人
muzik,音楽
numer,番号
posxt,郵便
prunt,貸し借り
sabat,土曜日
sxtat,国家
sxtup,段
teler,皿
terur,恐怖
vapor,蒸気
insekt,昆虫
januar,１月
jxauxd,木曜日
kovert,封筒
krajon,鉛筆
manier,やり方
objekt,物体
oktobr,１０月
plafon,天井
region,地方
religi,宗教
spirit,精神
argxent,銀
dangxer,危険
decembr,１２月
dimancx,日曜日
februar,２月
horlogx,時計
merkred,水曜日
novembr,１１月
produkt,生産
vendred,金曜日
septembr,９月
bar,障害
bek,くちばし
fak,専門
fum,煙
gas,ガス
gut,しずく
jak,背広
kel,地下室
kuv,大桶
lip,唇
nep,孫
nev,おい
not,覚え書
ole,油
ond,波
ost,骨
par,一対
pom,リンゴ
pot,つぼ
rad,車輪
ret,網
sal,塩
sap,石鹸
sem,種子
sud,南
sup,スープ
sxu,短靴
tas,茶碗
tol,リンネル
tuk,布
ung,つめ
val,谷
vic,列
barb,あごひげ
bros,ブラシ
fakt,事実
flag,旗
fork,フォーク
forn,炉
gast,客
gras,脂肪
kapr,山羊
karb,炭
kest,箱
korn,角
krim,犯罪
lamp,ランプ
mebl,家具
mien,顔つき
musx,ハエ
nord,北
past,ペースト
pilk,ボール
pint,先端
polv,ほこり
pont,橋
prez,価格
rand,縁
regn,国家
seri,連続
sign,符号
sort,運命
spic,香辛料
vang,ほお
vost,尾
vund,傷
botel,びん
buton,ボタン
cifer,数字
faden,糸
frunt,額
hauxt,皮膚
honor,名誉
insul,島
kajer,ノート
kamen,暖炉
legom,野菜
liter,文字
metal,金属
pingl,ピン
polic,警察
polur,光沢
premi,賞品
regul,規則
sezon,季節
sxanc,機会
sxnur,綱
tabul,板
viand,肉
baston,棒
brancx,枝
cxemiz,シャツ
doktor,博士
kravat,ネクタイ
lecion,授業
masxin,機械
milion,百万
najbar,隣人
parenc,親族
publik,公衆
scienc,科学
sekret,秘密
skatol,手箱
soldat,兵士
spegul,鏡
sxargx,積荷
sxrank,戸棚
tualet,衣装
cxapitr,章
fromagx,チーズ
kondicx,条件
praktik,実践
serpent,ヘビ
sxtrump,長靴下
tegment,屋根
telefon,電話
industri,産業
kilogram,キログラム
okcident,西
pantalon,ズボン
abi,モミ
agl,ワシ
ber,液果
bot,長靴
bul,玉
dat,日付
glu,糊
jup,スカート
kav,穴
lan,羊毛
led,なめし皮
mod,流行
mor,風俗
pin,マツ
pip,パイプ
piz,エンドウ
put,井戸
rel,レール
riz,米
rok,岩
suk,汁
tem,テーマ
tub,管
tur,塔
vat,綿
vaz,うつわ
zon,帯
arme,軍隊
bank,銀行
bien,地所
bier,ビール
bret,棚
brik,れんが
cikl,周期
cxap,帽子
drat,針金
epok,時代
fask,束
feri,休日
film,フィルム
flam,炎
flos,いかだ
fojn,干し草
fulm,稲妻
glob,球体
grad,程度
gust,味
kadr,枠
krem,クリーム
kurb,曲線
kurs,講座
larm,涙
leon,ライオン
litr,リットル
luks,ぜいたく
meti,手仕事
metr,メートル
najl,釘
nest,巣
pajl,わら
plac,広場
plad,大さら
plan,計画
poet,詩人
pugn,こぶし
ring,輪
sabl,砂
scen,場
skal,尺度
soci,社会
spac,空間
stal,馬小屋
task,任務
tomb,墓
verm,虫
vers,詩句
viol,スミレ
agord,調和
balon,気球
bilet,切符
burgx,ブルジョワ
centr,中心
etagx,階
farun,穀粉
figur,姿
frost,厳寒
gorgx,のど
grund,地盤
haven,港
hotel,ホテル
humor,気分
karot,ニンジン
katar,カタル
kling,刃身
koton,綿
kvant,量
lepor,野ウサギ
makul,汚れ
manik,そで
membr,会員
mizer,悲惨
nebul,霧
organ,器官
parti,党派
pastr,聖職者
radik,根
serur,錠
solid,固体
sonor,音響
strek,線
sxvit,汗
tabak,タバコ
tabel,一覧表
titol,題名
tondr,雷
valiz,旅行かばん
ventr,腹
alumet,マッチ
aparat,装置
brasik,キャベツ
citron,シトロン
cxifon,ぼろぎれ
dekliv,坂
dezert,砂漠
elektr,電気
energi,エネルギー
fiancx,婚約者
hirund,ツバメ
kelner,給仕
kvalit,品質
majstr,巨匠
mantel,マント
martel,金槌
matrac,マットレス
menton,下あご
orangx,オレンジ
origin,起源
potenc,勢力
salajr,給料
sekund,秒
societ,会
stomak,胃
sxultr,肩
tapisx,絨毯
tritik,小麦
aventur,冒険
cigared,巻きタバコ
distanc,距離
embaras,当惑
kamarad,仲間
kaserol,シチュー鍋
komitat,委員会
kongres,大会
kvadrat,正方形
magazen,倉庫
pasport,旅券
politik,政治
registr,登録簿
ter/pom##,ジャガイモ
akcident,事故
auxtobus,バス
auxtomat,自動装置
cxokolad,チョコレート
direktor,管理者
instinkt,本能
karakter,性格
kauxcxuk,弾性ゴム
material,材料
standard,旗
telegraf,電信機
restoraci,レストラン
ark,弓形
baz,基礎
beb,赤ん坊
bub,いたずらっ子
bud,仮小屋
fel,毛皮
hok,鉤
huf,ひづめ
jur,法
kas,金庫
kin,映画
kom,コンマ
kot,泥
lup,狼
mam,乳房
map,地図
min,鉱山
mus,ハツカネズミ
net,清書
nod,結び目
orf,孤児
ort,直角
pat,フライパン
pil,電池
pir,ナシ
pup,人形
rat,ネズミ
rip,ろっ骨
rob,ローブ
tip,典型
ton,楽音
urs,クマ
var,商品
vel,帆
vit,ブドウの木
abel,ミツバチ
auxt,自動車
bluz,ブラウス
boat,ボート
brov,眉
cerb,頭脳
cxek,小切手
cxen,鎖
disk,円盤
dram,戯曲
drap,ラシャ
dusx,シャワー
ezok,カワカマス
farb,絵具
febr,高熱
fend,割れ目
foir,定期市
fost,柱
frag,オランダイチゴ
fulg,煤
funt,ポンド
gant,手袋
geni,天才
glor,栄光
golf,湾
hajl,雹
hero,英雄
kemi,化学
kord,弦
kork,コルク
krad,格子
kran,コック
kret,白墨
kriz,危機
kron,冠
kugl,弾丸
kupr,銅
lift,エレベータ
list,一覧表
mast,マスト
nadl,針
nerv,神経
oliv,オリーブ
park,公園
pasi,情熱
pask,復活祭
pelt,毛皮
plet,盆
poem,詩
proz,散文
pulm,肺
pulv,火薬
rang,地位
revu,専門雑誌
ritm,リズム
seks,性
sens,感覚
silk,絹
simi,サル
sojl,敷居
stil,文体
stri,筋
sxel,殻
tend,テント
verb,動詞
verg,細枝
vert,頭頂
vidv,男やもめ
virt,徳
vual,ベール
vulp,キツネ
afisx,ポスター
album,アルバム
almoz,施し物
arane,クモ
asoci,協会
avenu,並木道
aviad/il##,航空機
barel,たる
bazar,市場
betul,白樺
brems,ブレーキ
butik,店
detal,詳細
diabl,悪魔
emoci,感動
enigm,謎
esenc,本質
fauxk,口
fizik,物理学
framb,エゾイチゴ
grajn,穀粒
hxemi,kemio
ideal,理想
juvel,装身具
katen,かせ
kitel,スモック
krucx,水差し
krust,皮
kubut,ひじ
kukol,カッコウ
kverk,カシ
lamen,薄片
marcx,沼
metod,方法
model,模型
motor,モーター
nivel,水準
palac,宮殿
panj,ママ
penik,絵筆
piocx,つるはし
plumb,鉛
poezi,詩歌
salon,サロン
sauxc,ソース
sitel,バケツ
sklav,奴隷
sport,スポーツ
stamp,スタンプ
stang,棒
stump,切株
sxtal,鋼鉄
sxtof,反物
teatr,劇場
teori,理論
teren,地所
trajn,列車
trajt,目鼻立ち
trunk,幹
venen,毒
vesxt,チョッキ
abomen,嫌悪
angxel,天使
animal,動物
apetit,食欲
apotek,薬局
benzin,ガソリン
bicikl,自転車
bombon,キャンデー
cement,セメント
cxeriz,サクランボ
desert,デザート
fabrik,工場
financ,財政
funebr,喪
funkci,機能
garagx,ガレージ
imperi,帝国
impost,税
impres,印象
kalkan,踵
kalson,パンツ
kamion,トラック
kandel,ろうそく
kanzon,カンツォーネ
kastel,城
klient,顧客
kol/um##,カラー
kurten,カーテン
mandat,為替
mister,神秘
moskit,蚊
muskol,筋肉
ombrel,傘
pacxj,パパ
parfum,芳香
patron,後援者
petrol,石油
posten,部署
pozici,位置
proces,訴訟
profit,利益
proviz,貯蔵
pulvor,粉末
recept,作り方
rekord,記録
rezerv,保留
signal,信号
sistem,体系
surfac,表面
sxofor,運転手
tajlor,仕立屋
trezor,財宝
trikot,トリコット
vakcin,ワクチン
advokat,弁護士
alkohol,アルコール
ampleks,大きさ
brosxur,仮綴本
bulvard,大通り
deficit,赤字
ekonomi,経済
elefant,象
jxurnal,新聞
kabinet,内閣
kapital,資本
koncert,コンサート
krepusk,薄明り
kvartal,市区
miliard,十億
pejzagx,風景
problem,問題
profesi,職業
simpati,共感
student,学生
sxrauxb,ねじ
tempest,暴風雨
traktor,トラクター
tri/angul##,三角形
trotuar,歩道
adjektiv,形容詞
dekoraci,装飾
ekvilibr,平衡
esperant,エスペラント
hospital,病院
intelekt,知性
kalendar,カレンダー
kilometr,キロメートル
komision,委員会
mehxanik,mekaniko
milimetr,ミリメートル
original,原作
pretekst,口実
struktur,構造
telegram,電報
tribunal,裁判所
bibliotek,図書館
fundament,基礎
ingxenier,技師
konferenc,会議
konscienc,良心
literatur,文学
mehxanism,mekanismo
rekompenc,報酬
respublik,共和国
sekretari,書記
apartament,アパートメント
auxtomobil,自動車
auxtoritat,権威
instrument,器具
medikament,医薬
temperatur,温度
cirkonstanc,周囲の事情
eksperiment,実験
mal/varm/um##,風邪
ajl,ニンニク
akn,吹出物
aks,軸
akt,幕
ale,並木道
alg,藻類
apr,イノシシ
azi,アジア
bal,舞踏会
bet,ビート
buk,バックル
cep,玉ネギ
cir,靴墨
dot,持参金
ehx,反響
fab,ソラマメ
fac,面
fag,ブナ
fig,イチジク
gal,胆汁
gru,ツル
gum,ゴム
hal,ホール
jug,くびき
kal,たこ
kaz,格
kub,立方体
lad,ブリキ板
lak,ラッカー
lap,ゴボウ
lin,亜麻
lot,くじ
luk,天窓
mas,かたまり
mat,マット
nuk,うなじ
pap,法王
pav,孔雀
pig,カササギ
pus,膿
ran,カエル
ren,腎臓
rib,スグリ
rim,韻
rol,役割
ros,露
sag,矢
sin,懐
ski,スキー
sof,ソファー
tig,茎
tuf,束
tun,トン
vip,鞭
akci,株式
atom,原子
aven,カラスムギ
bant,飾り結び
bark,小舟
bask,すそ
bend,ひも
blok,塊
bors,株式取引所
bovl,ボウル
brid,馬ろく
brut,家畜
bukl,巻き毛
bulb,玉ねぎ
bulk,ロールパン
cerv,鹿
cign,白鳥
cxel,細胞
dand,伊達男
diet,規定食
dorn,トゲ
etap,行程
etat,明細書
fecx,澱
felt,フェルト
frak,燕尾服
fraz,文
fung,キノコ
garb,束
gent,民族
glav,刀
gobi,カマツカ
gram,グラム
greg,家畜の群れ
grip,インフルエンザ
grot,洞穴
gudr,タール
gxib,こぶ
hegx,生け垣
himn,賛美歌
hxor,合唱
kacx,かゆ
kagx,鳥かご
kaka,ココア
kakt,サボテン
karn,肉体
karp,鯉
kejl,木釘
kern,核
klub,クラブ
korv,カラス
kosm,宇宙
kult,礼拝
lacx,ひも
lard,ラード
larv,幼虫
lice,リセー
likv,液体
lili,ユリ
maiz,トウモロコシ
malv,ゼニアオイ
mens,精神
menu,メニュー
miel,蜂蜜
musk,コケ
muze,博物館
nuks,クルミ
oper,オペラ
oval,卵形線
palm,ヤシ
palt,オーバー
pane,停止
perl,真珠
pian,ピアノ
pice,トウヒ
pipr,こしょう
plag,天罰
prun,スモモ
pudr,白粉
punt,レース
raci,理性
rent,賃貸料
ruin,廃墟
rust,さび
situ,位置
sled,そり
sorg,モロコシ
spik,穂
spur,足跡
stan,スズ
sulk,うね
takt,拍子
tali,胴
tigr,トラ
tort,タルト
tram,市街電車
trup,一座
vaks,ワックス
vejn,静脈
vesp,スズメバチ
vind,おむつ
zink,亜鉛
afrik,アフリカ
agent,代理人
akord,一致
akrid,イナゴ
aktor,俳優
alarm,警報
ampol,アンプル
angil,ウナギ
anser,ガチョウ
artik,関節
bacil,バチルス
bambu,竹
banan,バナナ
brand,ブランデー
bronz,青銅
buked,花束
cigar,葉巻
cikad,セミ
cinam,肉桂
cindr,灰
cirkl,円
civit,自治都市
cxerk,棺
debet,負債
diant,カーネーション
dogan,関税
efekt,感銘
ekran,スクリーン
emajl,エナメル
event,事件
fabel,童話
fasad,ファサード
fason,仕立て
fluid,流体
fotel,肘掛け椅子
front,正面
funel,じょうご
gxerm,胚
hepat,肝臓
horde,オオムギ
infer,地獄
ironi,皮肉
kaban,小屋
kahel,タイル
kajut,船室
kamel,ラクダ
kanal,運河
kankr,ザリガニ
karaf,水差し
kokos,やしの実
krani,頭蓋
krest,とさか
kukum,キュウリ
kupon,クーポン券
kusen,クッション
latun,真ちゅう
lauxb,園亭
lekci,講義
lesiv,灰汁
limak,ナメクジ
logik,論理
lotus,ハス
melon,メロン
moral,道徳
muzel,鼻づら
nilon,ナイロン
ocean,大洋
palat,口蓋
palis,杭
papag,オウム
paser,スズメ
pensi,年金
peron,階段
pilot,パイロット
pland,足の裏
plast,プラスチック
porci,分け前
princ,王子
pupil,ひとみ
rabat,割引
rafan,大根
rauxp,幼虫
resum,要約
rimen,皮ひも
roman,長編小説
salat,サラダ
salik,ヤナギ
satir,諷刺
sciur,リス
sekal,ライ麦
sekci,部
senat,参議院
split,薄片
spong,海綿
stadi,段階
statu,立像
sterk,肥料
strig,フクロウ
strut,ダチョウ
sxink,ハム
sxtip,木片
tapet,壁紙
tarif,関税表
tegol,屋根がわら
tekst,本文
teras,テラス
tomat,トマト
tuber,こぶ
tunel,トンネル
velur,ビロード
veruk,いぼ
vezik,嚢胞
volum,巻
adverb,副詞
akcent,アクセント
alauxd,ヒバリ
amator,アマチュア
amerik,アメリカ
arteri,動脈
asfalt,アスファルト
auxtor,作者
barbir,理容師
bugxet,予算
bulten,会報
cikatr,傷跡
cikoni,コウノトリ
cirkel,コンパス
daktil,なつめやし
dialog,対話
ego/ist##,エゴイスト
eklezi,教会
emerit,定年退職者
euxrop,ヨーロッパ
fajenc,陶土
fazeol,インゲンマメ
fontan,噴水
formik,蟻
formul,書式
fripon,ペテン師
furagx,まぐさ
galosx,オーバーシューズ
gvardi,親衛隊
gxemel,双子
hangar,格納庫
haring,ニシン
hazard,偶然
hektar,ヘクタール
herold,伝令使
higien,衛生
impuls,衝撃
insign,記章
intest,腸
jubile,記念祭
karton,厚紙
kasked,帽子
kavern,ほら穴
kirurg,外科医
klimat,気候
klinik,臨床
kolegi,カレッジ
kolomb,ハト
kolumn,欄
komedi,喜劇
konsul,領事
konval,スズラン
kornik,コガラス
kostum,服装
kredit,信用
kukurb,カボチャ
kunikl,イエウサギ
kurent,電流
lacert,トカゲ
licenc,認可
maleol,くるぶし
materi,物質
mirtel,ミルツ
monstr,怪物
oficir,士官
orator,弁士
papili,チョウ
pendol,振子
period,周期
persik,モモ
pionir,開拓者
planed,惑星
platan,プラタナス
plural,複数
profet,預言者
prolet,プロレタリア
pronom,代名詞
reakci,反動
regxim,政体
rivolu,回転
ruband,リボン
skorpi,サソリ
spinac,ホウレンソウ
stamen,おしべ
statur,身長
surtut,外套
sxakal,ジャッカル
sxauxm,泡
teknik,技術
testud,カメ
torent,急流
trafik,交通
tumult,騒動
turism,観光
turist,観光客
vertic,頂点
viktim,いけにえ
violon,バイオリン
vulkan,火山
vultur,ハゲタカ
abrikot,アンズ
akademi,学士院
alfabet,アルファベット
alumini,アルミニウム
ambasad,大使館
anekdot,逸話
apertur,開口部
apostol,使徒
asemble,総会
bagatel,つまらない事
bakteri,バクテリア
bandagx,包帯
bifstek,ビフテキ
budgxet,bugxeto
burgxon,芽
central,中央施設
cirkvit,回路
cxar/um##,手押車
dimensi,次元
ekvator,赤道
element,要素
epidemi,流行性伝染病
fantazi,幻想
fenomen,現象
gelaten,ゼラチン
general,将軍
girland,花輪
harmoni,調和
instanc,審級
invalid,廃疾者
kaldron,大釜
kasxtan,クリ
katalog,カタログ
kirurgi,外科学
kolonel,陸軍大佐
komisar,委員
kompani,会社
koncept,概念
konkord,和合
konkurs,競技
koridor,廊下
kristal,水晶
lantern,ランタン
latitud,緯度
medicin,医学
mineral,鉱物
minimum,最小
ministr,大臣
obstakl,障害物
orkestr,オーケストラ
pacifik,太平洋
palpebr,まぶた
pantofl,スリッパ
paradiz,天国
paralel,平行線
plastik,造形術
portret,肖像画
princip,原則
program,プログラム
projekt,企画
proverb,諺
provinc,州
rendevu,会合の約束
sin/ten##,態度
situaci,事態
stadion,スタジアム
subjekt,主題
tehxnik,tekniko
tendenc,傾向
tinktur,染料
tradici,伝統
tragedi,悲劇
traktat,条約
trumpet,トランペット
uniform,制服
vegetal,植物
viadukt,陸橋
volumen,体積
zoologi,動物学
atlantik,大西洋
avantagx,有利な立場
bracelet,腕輪
cirkuler,回覧状
dokument,文書
federaci,連合
generaci,世代
geografi,地理学
gramatik,文法
gxendarm,憲兵
horizont,水平線
individu,個人
kandidat,候補者
karnaval,カーニバル
kategori,カテゴリー
komun/um##,自治体
krokodil,ワニ
longitud,経度
maksimum,最大
marmelad,ママレード
monument,記念碑
parasxut,パラシュート
pasagxer,乗客
pland/um##,靴底
porcelan,磁器
procent,パーセント
profesor,教授
radiator,ラジエータ
regiment,連隊
rekt/angul##,直角→長方形　　　　ミスでは？
sandvicx,サンドイッチ
sindikat,労働組合
singular,単数
specimen,見本
spektakl,見せ物
substanc,物質
teritori,領土
vertikal,鉛直
ambasador,大使
auxstrali,オーストラリア
centimetr,センチメートル
ekspozici,展覧会
inspektor,査察官
kalkan/um##,かかと
konfidenc,打ち明け話
lokomotiv,機関車
matematik,数学
metalurgi,冶金学
ministeri,省
najtingal,ナイチンゲール
ortografi,正書法
parlament,国会
proletari,prolet
propozici,文
psikologi,心理学
suplement,補足
termometr,温度計
elektronik,電子工学
helikopter,ヘリコプター
horizontal,水平
komplement,補語
konsekvenc,帰結
konstituci,憲法
laboratori,研究室
leuxtenant,中尉
mediterane,地中海
substantiv,名詞
universitat,大学
s-ro##,～さん
s-ino##,～さん
sinjor/in##,淑女
alk,オオシカ
aln,ハンノキ
ann,アンナ
bed,苗床
boa,ボア
buf,ヒキガエル
cim,なんきん虫
col,インチ
dam,貴婦人
dig,堤防
duk,公爵
fav,黄癬
fok,アザラシ
fut,フィート
gad,タラ
gam,音階
gri,挽割り麦
guf,ワシミミズク
huz,チョウザメ
kan,アシ
ken,樹脂材
ker,ハート
kil,竜骨
kuf,頭巾
kul,蚊
kup,吸い玉
laf,溶岩
lir,リラ
lod,半オンス
lol,ドクムギ
mac,種無しパン
mel,アナグマ
mes,ミサ
mev,カモメ
muf,マフ
muk,粘液
mul,ラバ
nap,カブラ
peg,キツツキ
pol,ポーランド人
pul,ノミ
rap,カブラ
rif,岩礁
rod,停泊地
rot,中隊
rub,瓦礫
rum,ラム酒
rus,ロシア人
seb,獣脂
sel,鞍
tez,命題
tul,チュール
ulm,ニレ
uln,尺骨
unc,オンス
urn,壷
vil,絨毛
abat,修道院長
acer,カエデ
akar,ダニ
alte,タチアオイ
alun,ミョウバン
amel,デンプン糊
anas,アヒル
angl,イギリス人
aniz,アニス
ankr,錨
arcx,弓
arde,アオサギ
aren,闘技場
atut,切り札
avel,ハシバミ
aviz,通知
azot,窒素
bast,じん皮
bert,ベルタ
blat,ゴキブリ
bram,ブリーム
bran,ふすま
burd,マルハナバチ
cedr,西洋スギ
citr,チター
cxam,カモシカ
cxan,撃鉄
dogm,教条
drak,竜
drog,生薬
ebon,黒たん
eter,エーテル
fabl,寓話
falk,ハヤブサ
fibr,繊維
flan,フラン
flok,片
flut,フルート
fraj,卵塊
ftiz,肺結核
gajl,五倍子
gips,石膏
glan,ドングリ
glim,雲母
graf,伯爵
gril,コオロギ
gros,グースベリー
gurd,手回しオルガン
ibis,トキ
idol,偶像
kalk,石灰
kand,氷砂糖
kard,ヒレアザミ
karo,ダイヤ
kask,ヘルメット
kaze,凝乳
kegl,九柱戯の柱
klap,弁
klav,キー
kluz,水門
kojn,くさび
koks,腰
konk,貝殻
kren,セイヨウワサビ
krep,クレープ
krop,そ嚢
krup,クループ
lake,従僕
laks,下痢
legi,軍団
lent,レンズマメ
lepr,癩病
lian,つる植物
lien,脾臓
link,オオヤマネコ
liut,リュート
lojt,カワメンタイ
lorn,望遠鏡
lumb,腰
lutr,カワウソ
magi,魔術
mana,マナ
mari,マリア
mask,仮面
masx,編目
mecx,灯心
mejl,マイル
ment,ハッカ
merl,クロウタドリ
mesi,メシア
mili,キビ
mirh,ミルラ
mirt,ミルタ
misi,使命
mops,チン
most,ブドウ液
nicx,壁がん
omar,ウミザリガニ
opal,オパール
ostr,カキ
paru,シジュウガラ
pecx,ピッチ
pelv,たらい
perk,ペルカ
pest,ペスト
petr,ペテロ
pini,マツカサマツ
pips,舌病
plik,糾髪病
plot,ウグイ
popl,ハコヤナギ
pram,渡し船
sakr,仙骨
salm,サケ
sepi,イカ
sofi,ソフィア
sorp,ナナカマド
spat,デイ石
spin,脊柱
stab,幕僚
step,ステップ
stip,ハネガヤ
stof,シュトフ
stup,麻くず
sxak,チェス
sxal,ショール
sxam,セーム皮
taft,タフタ
talp,モグラ
tetr,クロライチョウ
tibi,頚骨
tili,ボダイジュ
tine,衣魚
torf,泥炭
trab,はり
tref,クラブ
tril,トリル
trip,はらわた
trog,飼い葉桶
tron,玉座
truf,フランス松露
trul,こて
trut,マス
turd,ツグミ
turk,トルコ人
turt,キジバト
uter,子宮
uxat,ワット
vafl,ワッフル
vals,ワルツ
vekt,天秤棒
zebr,シマウマ
altar,祭壇
ambos,鉄床
anton,アントン
ardez,粘板岩
argil,粘土
aspid,エジプトコブラ
balen,クジラ
barcx,ボルシチ
boben,コイル
brank,鰓
bubal,水牛
bufed,ビュッフェ
cejan,ヤグルマギク
dativ,与格
datur,チョウセンアサガオ
demon,悪霊
denar,デナリウス銀貨
deviz,座右の銘
domen,ドミノ
embri,胎児
emili,エミリア
ermen,エゾイタチ
ermit,隠者
facet,切子面
fazan,キジ
femur,大腿
filik,シダ
flegm,冷静
fokus,焦点
franc,フランス人
frank,フラン
fring,アトリ
galon,モール
gazel,ガゼル
genot,ジェネット
georg,ゲオルグ
gitar,ギター
gland,腺
grosx,グロシェン
hebre,ヘブライ人
heder,キヅタ
herez,異端
herni,ヘルニア
hirud,ヒル
hosti,聖餐式のパン
husar,軽騎兵
hxaos,kaoso
idili,牧歌
johan,ヨハン
jozef,ヨセフ
kalik,聖杯
kambi,為替手形
kamer,カメラ
kanab,麻
kanap,長椅子
kapel,チャペル
kapon,去勢オンドリ
kapor,フウチョウボク
kapot,頭巾付き外套
karas,フナ
karob,イナゴマメ
katun,綿布
kerub,ケルビム
kiras,装甲
klaft,尋
klosx,鐘形ガラス器
koaks,コークス
koleg,同僚
kolon,円柱
komiz,店員
komod,たんす
konus,円錐
kopek,コペイカ
koran,コーラン
kramp,かすがい
kring,クリンゲル
krisp,ひだ飾り
krist,キリスト
kupol,円天井
kvarc,石英
kvart,四度音程
lanug,うぶ毛
lauxr,月桂樹
libel,トンボ
liken,地衣
livre,制服
logxi,桟敷
lupol,ホップ
lustr,シャンデリア
luter,ルーテル
medal,メダル
meriz,野生のサクランボ
moned,コクマルガラス
morus,桑の実
mosxt,閣下
negoc,取引
nobel,貴族
novic,修練士
nuanc,ニュアンス
oblat,オブラート
okzal,スイバ
orden,勲章
orgen,パイプオルガン
pagxi,小姓
papav,ケシ
pariz,パリ
pauxl,パウロ
pavim,舗装材
pedik,シラミ
percx,アセリナ
piked,小哨
pilol,錠剤
pirit,黄鉄鉱
pirol,ウソ
piroz,胸やけ
pisxt,ピストン
plusx,フラシ天
poent,得点
pokal,さかずき
polus,極
potas,灰汁
prujn,霜
pudel,ムクイヌ
pumik,軽石
puncx,ポンス
putor,ニオイネコ
raben,ラビ
rapir,長剣
regol,キクイタダキ
rezin,樹脂
rostr,鼻
ruben,ルビー
safir,サファイア
salvi,サルビア
sigel,封印
silab,音節
silik,ケイ石
silur,ナマズ
silvi,シルビア
sirop,シロップ
skabi,かいせん
skadr,騎兵中隊
skarp,スカーフ
skvam,うろこ
sorik,トガリネズミ
spion,スパイ
spron,拍車
stabl,仕事台
sturg,チョウザメ
sturn,ムクドリ
sxalm,あし笛
sxark,サメ
sxelk,ズボンつり
sxild,盾
sxind,こけら板
sxlim,泥
taban,アブ
tavol,層
tempi,こめかみ
tetan,破傷風
tetra,エゾライチョウ
timon,かじ棒
topaz,トパーズ
torcx,たいまつ
tromb,たつまき
tulip,チューリップ
ulcer,潰瘍
urtik,イラクサ
vanil,バニラ
vasal,家臣
velen,子牛皮紙
verst,ベルスタ
vezir,大臣
vipur,マムシ
vokal,母音
zenit,天頂
zibel,黒テン
zizel,ジゼル
absces,膿瘍
absint,ニガヨモギ
alcion,カワセミ
amfibi,両生動物
ananas,パイナップル
artrit,関節炎
atripl,ハマアカザ
berlin,ベルリン
bismut,ビスマス
boraks,ほう砂
buljon,ブイヨン
bulonj,ブーロニュ
busxel,ブッシェル
centim,サンチーム
cikori,キクヂシャ
cimbal,シンバル
cinabr,シン砂
cipres,イトスギ
cxarpi,リント布
damask,ダマスク
delfen,イルカ
didelf,フクロネズミ
embusk,待ち伏せ
epolet,肩章
erinac,ハリネズミ
ernest,エルネスト
eskadr,艦隊
faktur,仕切書
falbal,ひだ飾り
fantom,幽霊
faring,咽頭
fenkol,ウイキョウ
ferdek,甲板
fistul,瘻孔
flanel,フランネル
fosfor,リン
frangx,房飾り
furunk,ねぶと
fusten,ファスチアン
galeri,回廊
gamasx,ゲートル
german,ドイツ人
granat,ザクロ
granit,花コウ岩
grenad,リュウ弾
grifel,石筆
gxiraf,キリン
haladz,悪気
hamstr,ハムスター
hispan,スペイン人
hximer,kimero
hxoler,コレラ
ingven,鼠径
izrael,イスラエル
jasmen,ジャスミン
kalesx,四輪馬車
kalvin,カルビン
kamfor,ショウノウ
kamlot,呉絽
kanajl,ごろつき
kanari,カナリヤ
kantor,聖歌隊員
kanvas,キャンバス
kapsul,カプセル
kapucx,ずきん
kardel,ゴシキヒワ
karmin,カルミン
karpen,イヌシデ
kastor,ビーバー
kaviar,キャビア
kobalt,コバルト
kobold,妖精
kolbas,ソーセージ
kolibr,ハチスズメ
kolimb,アビ
kolubr,コルブラ
komuni,聖餐式
kontor,事務室
kontur,輪郭
kornic,軒蛇腹
korpus,軍団
koturn,ウズラ
kraken,クラッカー
kratag,サンザシ
krater,噴火口
kronik,年代記
kurier,急使
lampir,ホタル
laring,喉頭
lavang,なだれ
legend,伝説
lekant,マーガレット
lentug,そばかす
levkoj,アラセイトウ
likvor,リキュール
litani,連祷
london,ロンドン
magnet,磁石
makzel,顎
mangan,マンガン
markot,取木
marmor,大理石
marmot,マーモット
mastik,パテ
migdal,アーモンド
miogal,ジャコウネズミ
miozot,ワスレナグサ
monahx,monak
morbil,はしか
morter,モルタル
muskat,ニクズク
muslin,モスリン
mustel,イタチ
nanken,ナンキンもめん
narcis,スイセン
nikola,ニコラウス
notari,公証人
orakol,神託
paletr,パレット
panter,ヒョウ
parget,寄木張り
parohx,parok
parter,平土間
pastel,ドロップ
patent,特許
patrol,巡察隊
pfenig,ペニヒ
pistak,ピスタチオ
pistol,ピストル
plastr,膏薬
platen,白金
ponard,短剣
porfir,斑岩
porter,ポーター
primol,サクラソウ
prunel,リンボクの実
purpur,紫色
rekrut,新兵
rempar,城壁
risort,ばね
rosmar,セイウチ
rozari,数珠
rubrik,見出し
safran,サフラン
sambuk,ニワトコ
sankci,裁可
sardel,塩アンチョービ
sceptr,王杖
selakt,乳精
servic,食器セット
servut,夫役
siring,ライラック
skapol,肩甲骨
skarab,カブト虫
skolop,シギ
skurgx,むち
sofism,詭弁
sopran,ソプラノ
spalir,果樹垣根
stefan,ステファン
sufiks,接尾辞
sukcen,コハク
sulfur,硫黄
talent,才能
tambur,ドラム
tenden,腱
teodor,テオドル
termin,専門用語
testik,睾丸
timian,イブキジャコウソウ
tombak,人造金
trahxe,気管
tremol,ハコヤナギ
tribun,演壇
tropik,回帰線
turban,ターバン
turkis,トルコ玉
turnir,トーナメント
urogal,オオライチョウ
variol,天然痘
viburn,ガマズミ
vikari,助任司祭
vinagr,酢
vizier,ひさし
volupt,官能
ablativ,奪格
antimon,アンチモン
arleken,道化者
arsenik,亜ヒ酸
artifik,術策
asparag,アスパラガス
bajonet,銃剣
bastion,稜堡
beladon,ベラドンナ
biskvit,ビスケット
cxampan,シャンペン
cxarnir,ちょうつがい
diamant,ダイアモンド
episkop,司教
esxafod,死刑台
fraksen,トネリコ
frangol,クロウメモドキ
fringel,マヒワ
genitiv,属格
henriet,ヘンリエッタ
hidrarg,水銀
hiskiam,ヒヨス
histrik,ヤマアラシ
jugland,クルミ
juniper,ネズ
kalikot,キャラコ
kamizol,キャミソール
kamomil,カミツレ
kapitan,船長
kapitel,柱頭
kapreol,ノロ
kapucen,カプチン会修道士
karaben,カービン銃
kartocx,薬包
karusel,回転木馬
kavalir,騎士
klarnet,クラリネット
klister,浣腸
koklusx,百日咳
kolofon,ロジン
kompres,湿布
kurator,管財人
kvitanc,領収書
leontod,タンポポ
leopard,
limonad,レモネード
lonicer,スイカズラ
ludovik,ルドビク
lunatik,精神病者
maroken,モロッコ皮
marsxal,元帥
meleagr,七面鳥
membran,膜
mihxael,ミカエル
monarhx,monark
mustard,マスタード
negligx,ネグリジェ
nikodem,ニコデモ
novjork,ニューヨーク
oksigen,酸素
oksikok,ツルコケモモ
parazit,寄生生物
pastecx,パイ
pelikan,ペリカン
perdrik,シャコ
poligon,多角形
prefiks,接頭辞
redakci,編集部
rinocer,サイ
salpetr,硝石
sentenc,格言
skarlat,緋色
skorbut,壊血病
skrofol,るいれき
smerald,エメラルド
sterled,コチョウザメ
stertor,あえぎ
sxiller,シラー
umbilik,ヘそ
univers,宇宙
varsovi,ワルシャワ
verdigr,緑青
vertebr,脊椎
vespert,コウモリ
vestibl,玄関
vilhelm,ウィルヘルム
virtuoz,名人
vitriol,硫酸塩
zingibr,ショウガ
akcipitr,タカ
akuzativ,対格
argument,論証
arhxaism,arkaismo
artisxok,チョウセンアザミ
baldaken,天蓋
briliant,ブリリアント
diplomat,外交官
distrikt,地区
elizabet,エリザベス
fragment,断片
framason,フリーメーソン会員
frugileg,ミヤマガラス
hidrogen,水素
hortulan,アオジ
institut,研究所
kantarid,ハンミョウ
kariofil,チョウジ
kartilag,軟骨
katarakt,白内障
kocxenil,コチニール
kokcinel,ナナホシテントウムシ
konvulsi,ひきつけ
leksikon,用語事典
marcipan,マジパン
medalion,大メダル
monarhxi,monarki
obstrukc,妨害
paradoks,逆説
parentez,かっこ
particip,分詞
pasament,モール
pastinak,アメリカボウフウ
pergamen,羊皮紙
peritone,腹膜
perlamot,真珠層
petromiz,ヤツメウナギ
petrosel,パセリ
ranunkol,キンポウゲ
redaktor,編集者
rezultat,結果
rosmaren,マンネンロウ
sergxent,軍曹
sublimat,昇コウ
tacxment,分遣隊
terebint,テレビン
tornistr,ランドセル
zamenhof,ザメンホフ
aleksandr,アレキサンダー
anunciaci,受胎告知
balustrad,手すり
cxambelan,侍従
cxarlatan,大道薬売り
deklinaci,格変化
diplomati,外交
ekscelenc,閣下
ekzempler,一冊
entuziasm,熱狂
fortepian,グランドピアノ
galanteri,化粧道具
ihxtiokol,iktiokolo
instituci,施設
instrukci,指令
kancelari,官房
kancelier,大法官
kataplasm,あん法
kondolenc,哀悼
konjugaci,動詞活用
konjunkci,接続詞
konsonant,子音
korporaci,社団法人
kvaranten,検疫停船
nominativ,主格
pentekost,聖霊降臨祭
piedestal,台座
prepozici,前置詞
privilegi,特権
promontor,みさき
salamandr,サンショウウオ
testament,遺言
vermicxel,バーミセリ
interjekci,間投詞
supersticx,迷信
vasxington,ワシントン
violoncxel,チェロ
arhxitektur,arkitekturo
interpunkci,句読法
jork,ヨーク
parok,教区
navig,航行
kaos,混沌
kimer,キメラ
korus,合唱
monak,修道士
iktiokol,魚膠
ald,アルト
alo,アロエ
api,野生セロリ
ari,アリア
bas,バス
car,ツァーリ
dog,マスチフ
dok,ドック
doz,一服
ego,自我
elf,小妖精
etn,民族
faz,位相
fon,背景
fuk,ヒバマタ
gaz,ガーゼ
gem,宝石
hum,腐植土
jod,ヨード
jud,ユダヤ人
kep,ケピ帽
lat,木摺り
lob,葉
mim,物まね師
mit,神話
muz,詩神
nas,やな
nav,ネーブ
niz,ハイタカ
oaz,オアシス
opi,アヘン
puf,膨らみ
raj,エイ
ras,人種
ref,リーフ
rit,儀式
rut,ヘンルーダ
sod,ソーダ
tif,チフス
tog,トーガ
viz,ビザ
agat,メノウ
agxi,打ち歩
alen,突き針
ambr,竜涎香
amor,アモル
aort,大動脈
arom,芳香
astm,喘息
astr,天体
azil,非難所
bard,吟遊詩人
bomb,爆弾
bosk,植込み
brom,臭素
bust,上半身
cend,セント
cidr,リンゴ酒
cirk,円形競技場
dali,ダリア
dign,尊厳
duel,決闘
duet,デュエット
ebur,象牙
eden,エデン
egid,アテナの盾
erik,ヒース
etik,倫理学
etim,原義
fars,笑劇
fili,支部
fisk,国庫
furi,復讐の女神
gnom,地の精
grog,グログ
gruz,砂利
gxin,ジン
hidr,ヒドラ
hien,ハイエナ
irid,アヤメ
iris,虹彩
istm,地峡
jesu,イエス
junk,イグサ
kabl,ケーブル
kali,カリウム
kame,カメオ
kast,カースト
klor,塩素
kofr,トランク
kolz,アブラナ
kont,勘定口座
krab,カニ
kres,オランダガラシ
kupe,車室
laik,俗人
lama,ラマ僧
lanc,槍
lens,レンズ
lord,卿
malt,モルト
mani,マニア
medi,環境
milv,トビ
mitr,ミトラ
moru,タラ
mosk,じゃ香
mumi,ミイラ
naft,ナフサ
negr,黒人
nimb,後光
norm,基準
obol,オボロス
ogiv,オジーブ
orgi,バッカス祭
ozon,オゾン
penc,ペンス
pleb,平民階級
podi,ひな壇
polk,ポルカ
pomp,壮麗
pore,ニラネギ
rabi,狂犬病
rism,連
romb,ひし形
rubl,ルーブル
sabr,サーベル
sagu,サゴ粉
sald,貸借差引高
salv,一斉射撃
sekt,宗派
sfer,球
skem,図表
skol,学派
slip,メモ用紙
sokl,台座
sold,スー
sole,シタビラメ
spad,剣
sxah,シャー
talk,滑石
teni,サナダムシ
tiar,王冠
tink,テンチ
tors,トルソ
tost,乾杯
trop,比喩
turb,こま
ukaz,勅命
ulan,槍騎兵
uzur,高利
verv,情熱
vink,ニチニチソウ
visk,ヤドリギ
vist,ホイスト
vizi,幻影
zuav,アルジェリア歩兵
abism,深淵
adept,信奉者
afiks,接辞
afust,砲架
agraf,ホック
akaci,アカシア
akciz,消費税
aksel,わきの下
albin,白子
alibi,アリバイ
aline,改行字下げ
alkov,アルコーブ
amfor,アンフォラ
angin,アンギナ
angor,苦悶
anten,アンテナ
apati,無感動
apoge,遠地点
arkad,アーケード
arkiv,古文書
arnik,アルニカ
atlas,地図帳
atlet,運動選手
aviad,航空
balad,バラッド
balet,バレー
barak,バラック
baron,男爵
basen,水盤
beril,緑柱石
bibli,聖書
bigot,狂信者
biret,角帽
bitum,瀝青
bivak,野営
brecx,割れ目
brocx,ブローチ
bronk,気管支
cigan,ジプシー
cikut,毒ゼリ
cxifr,暗号
debat,討議
dekan,学部長
dilem,ジレンマ
diluv,ノアの洪水
divan,長椅子
dolar,ドル
drakm,ドラクマ
dukat,デュカット
edikt,勅令
eklog,牧歌
ekzem,湿疹
elegi,哀歌
elips,省略
elizi,母音省略
emfaz,強調
epope,叙事詩
fagot,ファゴット
fakir,行者
fatal,宿命
feuxd,封土
fiakr,辻馬車
fiask,大失敗
final,フィナーレ
fjord,フィヨルド
forum,フォーラム
fresk,フレスコ画
furor,大流行
galer,ガレー
galop,駆け足
garol,カケス
goril,ゴリラ
hamak,ハンモック
harem,ハーレム
harpi,ハルピュイア
helic,プロペラ
helik,カタツムリ
hisop,ヒソップ
hoboj,オーボエ
humer,上腕骨
idiom,固有言語
idiot,白痴
ileks,モチノキ
iluzi,幻想
indig,インジゴ
jalap,ヤラッパ
jud/ism##,ユダヤ教
kabal,カバラ
kadet,士官候補生
kalif,カリフ
kanon,大砲
karat,カラット
kazin,カジノ
kinin,キニーネ
kirsx,キルシュ
kloak,下水管
kobaj,モルモット
kokon,繭
kolik,疝痛
kolos,巨像
komet,彗星
koral,サンゴ
korne,角膜
korol,花冠
kozak,コサック
krabr,スズメバチ
kreol,クレオール
kript,地下聖堂
kulis,舞台裏
kumin,クミン
kvast,ふさ飾り
kvint,五度音程
lagun,潟
lapis,硝石
larik,カラマツ
later,辺
lazur,るり色
legat,教皇特使
lirik,叙情詩
madon,聖母
major,陸軍少佐
mamut,マンモス
medol,髄
meduz,クラゲ
melas,糖蜜
melis,メリッサ草
miasm,毒気
mimoz,ミモザ
mitul,イガイ
moske,回教寺院
motiv,動機
natri,ナトリウム
nikel,ニッケル
nimfe,スイレン
noktu,コフクロウ
nomad,遊牧民
novel,小説
nunci,教皇特派大使
oksid,酸化物
oktav,オクターブ
oniks,シマメノウ
optik,光学
orbit,軌道
oriol,コウライウグイス
ovaci,大喝采
pagod,仏塔
panel,パネル
panik,恐慌
paraf,書き判
patos,パトス
pedal,ペダル
pedel,小役人
peoni,シャクヤク
peruk,かつら
pigme,ピグミー
pirat,海賊
pivot,ピボット
polip,ポリプ
polis,保険契約
pomad,ポマード
prior,小修道院長
prism,プリズム
psalm,聖歌
raket,ロケット
rebus,判じ絵
retin,網膜
retor,修辞学教師
rezed,モクセイソウ
ricin,ヒマ
rokok,ロココ式
rubus,キイチゴ
rutin,慣例
saliv,唾液
satan,サタン
saten,サテン
seraf,セラフィム
sifon,サイフォン
sinap,カラシナ
sinod,教会会議
siren,セイレーン
skalp,戦利頭皮
skerc,スケルツォ
skism,分裂
sonat,ソナタ
sonet,ソネット
spasm,けいれん
sperm,精液
splen,憂鬱
stopl,刈株
strof,節
sutan,スータン
sxose,車道
sxpat,すき
taler,ターレル
tanin,タンニン
tarok,タロ
teism,有神論
teist,有神論者
templ,寺院
tenor,テノール
teror,テロル
tindr,ほくち
tiran,専制君主
tonel,容量トン
trofe,トロフィー
trust,トラスト
tunik,チュニック
utopi,ユートピア
vanel,タゲリ
vinkt,留め金
viper,vipur
viski,ウイスキー
zefir,そよ風
advent,降臨節
aksiom,公理
akvari,水槽
algebr,代数学
alkemi,錬金術
ambici,野心
amulet,お守り
anagal,ルリハコベ
anarki,無政府状態
anatom,解剖学者
ancxov,アンチョビー
anemon,アネモネ
anilin,アニリン
aplomb,落ち着き
apolog,教訓談
arbust,小低木
arhxiv,arkivo
asesor,陪席判事
ateism,無神論
ateist,無神論者
auxkci,競売
balast,バラスト
balkon,バルコニー
balzam,バルサム
bandit,山賊
barbar,未開人
barier,門柵
bateri,電池
batist,バチスト
bazalt,玄武岩
beletr,美文学
bilanc,貸借対照表
bilard,ビリヤード
binokl,双眼鏡
biolog,生物学者
blazon,紋章
blokad,封鎖
bordel,売春宿
braman,バラモン
brigad,旅団
buduar,女性の私室
burnus,ブルヌス
celeri,セロリ
cidoni,マルメロ
ciklon,低気圧
ciklop,キュクロプス
dekret,政令
depesx,急報
despot,専制君主
diabet,糖尿病
diadem,王冠型髪飾り
diakon,助祭
diplom,免状
divizi,師団
dragon,竜騎兵
eklips,食
eksces,過多
ekstaz,エクスタシー
ekvaci,方程式
emblem,表徴
emulsi,乳剤
endivi,キクヂシャ
epilog,エピローグ
epitet,付加形容詞
epizod,エピソード
erupci,噴火
eskort,護送隊
estrad,壇
etiket,礼儀
euxnuk,宦官
ezofag,食道
faktor,要因
falang,密集方陣
fanfar,ファンファーレ
feniks,不死鳥
feston,花綱
feticx,物神
fleksi,語尾変化
floren,フロリン
format,判
frakci,分数
fregat,フリゲート艦
galant,ユキワリソウ
gangli,神経節
genist,ヒトツバエニシダ
geolog,地質学者
gerani,ゼラニウム
gigant,巨人
glazur,うわ薬
glikoz,glukoz
glukoz,ブドウ糖
gondol,ゴンドラ
grafit,黒鉛
gulden,ギルダー
harpun,銛
hetman,アタマン
hipnot,催眠
incens,香
indeks,索引
inflam,炎症
jaguar,ジャガー
jezuit,イエズス会士
jxaket,モーニングコート
kadavr,死体
kadenc,カデンツァ
kalibr,口径
kameli,ツバキ
kantat,カンタータ
kanton,郡
karbon,炭素
karcer,監房
karier,職業
kariol,軽馬車
katedr,法座
kauxci,保証金
kazern,兵営
kokard,帽章
kolodi,コロジオン
koloni,植民地
kompas,羅針盤
kondor,コンドル
konjak,コニャック酒
korife,合唱隊長
kornet,コルネット
korsar,私掠船
korset,コルセット
korvet,コルベット
kotlet,カツレツ
kursiv,イタリック
laktuk,レタス
lavend,ラベンダ
loteri,宝くじ
lucern,つりランプ
maksim,金言
malari,マラリア
marasm,衰弱
markiz,侯爵
martir,殉教者
masagx,マッサージ
mazurk,マズルカ
medium,霊媒
melodi,旋律
mentor,良き指導者
merkat,市場
mespil,西洋カリン
meteor,大気現象
metrik,韻律学
mikrob,微生物
mirakl,奇跡
miriad,無数
molusk,軟体動物
monark,君主
morfin,モルヒネ
mozaik,モザイク
munici,弾薬
nektar,ネクタル
orkide,ラン
pacxul,パチョリ
parodi,パロディ
pavian,ヒヒ
pedant,学者ぶる人
pepsin,ペプシン
petard,爆竹
piastr,ピアストル
pistil,めしべ
podagr,痛風
ponton,平底舟
portal,正面玄関
portik,ポーチコ
prelat,高位聖職者
prelud,前奏曲
premis,前提
profan,冒涜者
profil,横顔
prolog,プロローグ
puding,プディング
pupitr,見台
pustul,膿疱
rabarb,ダイオウ
regent,摂政
rektor,学長
relief,浮彫り
retort,レトルト
romanc,ロマンス
rotond,ロタンダ
sandal,サンダル
santal,ビャクダン
sarong,サロン
satrap,太守
sektor,扇形
septet,七重奏
serajl,宮殿
sevrug,チョウザメ
sfinks,スフィンクス
siluet,シルエット
simbol,象徴
sinkop,失神
sintez,合成
skelet,骨格
sofist,ソフィスト
spektr,スペクトル
spiral,螺旋
sponde,長長格
suflor,プロンプター
sultan,サルタン
sxalup,ランチ
sxankr,下疳
sxarad,字謎
taksus,イチイ
taktik,戦術
talmud,タルムード
tamtam,タムタム
tandem,タンデム車
tapiok,タピオカ
teolog,神学者
teorem,定理
terapi,療法
tercet,三行詩
termit,シロアリ
tonsur,剃髪
torped,魚雷
trapez,台形
tribut,貢ぎ物
triumf,凱旋
turbin,タービン
unison,ユニゾン
uragan,大暴風
vampir,吸血鬼
verand,ベランダ
vermut,ベルモット
vinjet,装飾カット
zigzag,ジグザグ
zodiak,黄道帯
admiral,海軍大将
aerolit,隕石
aforism,警句
agronom,農学者
akrobat,曲芸師
akvarel,水彩画
alegori,たとえ話
alhxemi,alkemi
almanak,暦
ambrozi,アンブロシア
ametist,紫水晶
amnesti,大赦
anagram,アナグラム
analogi,類推
anapest,短短長格
anatomi,解剖学
angelik,アンゼリカ
anomali,変則
antilop,カモシカ
antipod,対蹠地
antitez,アンチテーゼ
apoteoz,神格化
apozici,同格
arabesk,アラベスク
arkaism,古語
asonanc,母音押韻
atavism,隔世遺伝
atribut,属性
auxreol,後光
bankier,銀行家
barikad,バリケード
bariton,バリトン
bastard,庶子
bazilik,バジリカ
biograf,伝記作家
biologi,生物学
bisturi,柳葉刀
bombast,大言壮語
botanik,植物学
celuloz,セルローズ
ceramik,製陶
cilindr,円筒
cistern,貯水池
citadel,砦
cxevron,垂木
demagog,煽動政治家
diagnoz,診断
dialekt,方言
diametr,直径
difteri,ジフテリア
diftong,二重母音
dinamik,力学
dinamit,ダイナマイト
dinasti,歴代王朝
doktrin,学説
ekspres,急行列車
eliksir,エリキシル
eminenc,台下
epiderm,表皮
epifani,主顕節
epigraf,碑銘
epigram,警句
erudici,博学
estetik,美学
etim/olog##,語源学者
etiolog,病原学者
evoluci,進化
farmaci,薬学
filolog,文献学者
filozof,哲学者
fonetik,音声学
fronton,ペディメント
gangren,壊疽
gardeni,クチナシ
gencian,リンドウ
geodezi,測地学
geograf,地理学者
geologi,地質学
geometr,幾何学者
gerundi,動名詞
gilotin,ギロチン
gimnast,体操教師
gimnazi,ギムナジウム
guberni,県
hiacint,ヒアシンス
hipotek,抵当権
hipotez,仮説
histeri,ヒステリー
homonim,同音異義語
hxirurg,kirurg
judaism,judsm
jxargon,通語
kalomel,甘汞
kanaben,ベニヒワ
kanibal,食人種
kanonik,教会参事会員
kaporal,伍長
karamel,カルメラ
karavan,隊商
kartusx,カルトゥーシュ
katolik,カトリック教徒
kazemat,砲郭
komplot,陰謀
koncesi,払い下げ
kontakt,接触
korsajx,胴部
kreozot,クレオソート
kriteri,規準
kvadril,カドリール
kvestor,出納官
letargi,昏睡
liturgi,礼拝式
lozangx,ひし形
lumbrik,ミミズ
mahagon,マホガニ
majolik,マジョリカ焼き
makadam,マカダム
makaron,マカロン
malakit,孔雀石
mansard,屋根裏部屋
margxen,余白
matador,闘牛士
mekanik,力学
merlang,メルラン
metafor,隠喩
minaret,ミナレット
mirabel,ミラベル
molekul,分子
monarki,君主政治
monolog,独白
monopol,独占
nikotin,ニコチン
obelisk,オベリスク
oleandr,セイヨウキョウチクトウ
oligark,少数独裁者
omnibus,乗合馬車
onobrik,イガマメ
optativ,願望法
pacient,患者
palinur,イセエビ
pamflet,パンフレット
panoram,全景
papirus,パピルス
parabol,放物線
parafin,パラフィン
paskvil,風刺文
pasxtel,パステル
patolog,病理学者
patrici,貴族
patriot,愛国者
pedagog,教育者
pelerin,ケープ
pension,下宿屋
percept,知覚
pilastr,柱形
piramid,ピラミッド
plagiat,盗作
plantag,オオバコ
polemik,論争
prefekt,知事
procesi,行列
prognoz,予想
prozodi,作詩法
puritan,清教徒
retorik,修辞学
revizor,検察官
samovar,サモワール
sarkasm,辛辣な皮肉
segment,線分
sekreci,分泌物
semafor,信号機
serenad,セレナーデ
sifilis,梅毒
simetri,対称
simfoni,交響曲
simptom,症状
sinagog,ユダヤ教会
sinedri,法廷
sinonim,同義語
sintaks,構文論
skandal,スキャンダル
skrupul,細心
stearin,ステアリン
sugesti,暗示
sxiling,シリング
taburet,腰掛
tangent,正接
teokrat,神権主義者
teologi,神学
trombon,トロンボーン
ultimat,最後通告
uvertur,序曲
variant,異文
vazelin,ワセリン
verdikt,判決
veteran,ベテラン
vokativ,呼格
abnegaci,自己犠牲
adjutant,副官
aeroplan,飛行機
agronomi,農学
akvafort,銅版
akvilegi,オダマキ
alabastr,雪花石膏
aligator,ワニ
ambulanc,救急車
antipati,反感
antologi,文学選集
apostrof,アポストロフィ
arbalest,大弓
areometr,浮ばかり
arkeolog,考古学者
arkitekt,建築家
artileri,砲兵隊
astrolog,占星術師
astronom,天文学者
atmosfer,大気
auxdienc,引見
balistik,弾道学
balzamin,ホウセンカ
banderol,帯封
barelief,浅浮彫り
batalion,大隊
bazilisk,バジリスク
biografi,伝記
ceremoni,儀式
dekadenc,衰退
delegaci,代表団
demagogi,デマ
demokrat,民主主義者
diafragm,横隔膜
diagonal,対角線
diapazon,音叉
didaktik,教授法
difterit,difteri
diktator,独裁者
discxipl,弟子
dispepsi,消化不良
ditiramb,酒神賛歌
dromedar,ヒトコブラクダ
ekstrakt,抜粋
epilepsi,てんかん
erizipel,丹毒
etimologi##,語源学
etiologi,病原学
etnograf,民族誌学者
evangeli,福音書
faksimil,ファクシミリ
fakultat,学部
felieton,学芸欄
feminism,フェミニズム
feminist,フェミニスト
filologi,文献学
filozofi,哲学
fiziolog,生理学者
fonograf,ろう管蓄音機
galantin,ガランティン
garnitur,装身具一式
garnizon,守備隊
genealog,系図学者
geometri,幾何学
glicerin,グリセリン
gliciriz,カンゾウ
grafolog,筆跡学者
gramofon,蓄音機
gutaperk,グタペルカ
halebard,ほこやり
harmonik,ハーモニカ
hegemoni,主導権
hekatomb,雄牛百頭のいけにえ
hierarki,階級制度
hipodrom,競馬場
honorari,謝礼金
horoskop,天宮図
hortensi,アジサイ
hxirurgi,kirurgi
idiotism,慣用語法
imperial,屋上席
indigxen,土着民
inkognit,お忍び
intervju,インタビュー
kalendul,キンセンカ
kardinal,枢機卿
katafalk,棺台
katakomb,カタコンベ
katedral,大聖堂
katekist,伝道師
kavaleri,騎兵隊
komandit,合資会社
konfekci,既製服
konflikt,葛藤
kontralt,コントラルト
kontrast,対照
konvenci,協定
kosmetik,化粧法
kreditor,債権者
ksilofon,シロホン
kvocient,商
labirint,迷路
lauxreat,優勝者
logaritm,対数
logogrif,語字判じ物
makaroni,マカロニ
mandaren,官吏
mandolin,マンドリン
manifest,宣言
manometr,圧力計
margarin,マーガリン
marionet,操り人形
mauxzole,霊廟
mekanism,メカニズム
melodram,メロドラマ
meridian,子午線
metronom,メトロノーム
metropol,中心都市
mikrofon,マイクロフォン
miniatur,細密画
monogram,モノグラム
monomani,偏執狂
naftalin,ナフタリン
narkotik,麻酔薬
navigaci,navig/ad
nekrolog,死亡記事
nepotism,縁者びいき
nihilism,ニヒリズム
nihilist,ニヒリスト
nostalgi,郷愁
numismat,古銭学者
obligaci,債券
oligarhx,oligark
oligarki,寡頭政治
optimism,楽天主義
optimist,楽天主義者
organism,有機体
orografi,山岳誌
pacifism,平和主義
pacifist,平和主義者
palanken,かご
panteism,汎神論
panteist,汎神論者
pantomim,パントマイム
paradigm,語形変化表
parafraz,パラフレーズ
paragraf,節
partitur,総譜
patologi,病理学
pedagogi,教育学
perimetr,周辺
peristil,柱廊
pesimism,悲観論
pesimist,悲観論者
pleonasm,冗言法
poliglot,ポリグロット
preterit,過去
procedur,訴訟手続
projekci,映写
proporci,割合
prospekt,内容説明書
protokol,議事録
prototip,原型
prozelit,改宗者
psikolog,心理学者
referenc,参照
renesanc,ルネサンス
reputaci,評判
revelaci,啓示
revolver,リボルバー
rojalist,王党員
sacerdot,司祭
sakristi,聖具室
sarkofag,石棺
seminari,ゼミナール
sensaci,センセーション
sfinkter,括約筋
silogism,三段論法
solecism,語法違反
stipendi,奨学金
strategi,戦略
subvenci,補助金
talisman,護符
tamburin,タンバリン
tarantel,タランテラ
tarantul,タランチュラ
teleskop,望遠鏡
teokrati,神権政治
tipograf,活版印刷技術者
topograf,地誌学者
toreador,闘牛士
transept,トランセプト
tuberkul,結節
amfiteatr,円形競技場
apopleksi,卒中
arbitraci,調停
arhxeolog,arkeologo
arhxitekt,arkitekto
aritmetik,算数
arkeologi,考古学
arkipelag,群島
astrologi,占星術
astronomi,天文学
auxditori,講堂
auxtograf,自筆
auxtokrat,専制君主
deklaraci,宣言
demokrati,民主政治
dialektik,弁証法
disciplin,規律
disenteri,赤痢
entomolog,昆虫学者
etnografi,民族誌学
filantrop,博愛主義者
fiziologi,生理学
fizionomi,人相
fotografi,写真術
genealogi,系図学
gladiator,剣闘士
grafologi,筆跡学
harmonium,リードオルガン
heksametr,六歩格
heliotrop,キダチルリソウ
hidrofobi,恐水病
hieroglif,ヒエログリフ
higrometr,湿度計
hipopotam,カバ
homeopati,同種療法医師
ideografi,表意文字方式
imperativ,命令法
imperfekt,半過去
impresari,興行主
indikativ,直説法
infanteri,歩兵隊
infinitiv,不定法
inkvizici,宗教裁判
intendant,執事
kabriolet,カブリオレ
kandelabr,枝付き燭台
karikatur,諷刺画
kartograf,地図製作者
kastanjet,カスタネット
katalepsi,強硬症
katastrof,大災害
katehxist,katekist
kompromis,妥協
konduktor,車掌
konkurenc,競争
kontinent,大陸
kontrabas,コントラバス
konvolvul,ヒルガオ
kosmogoni,宇宙進化論
kosmograf,宇宙形状誌学者
krizantem,キク
kronologi,年代学
kronometr,クロノメータ
krucifiks,十字架像
kvadratur,求積法
litografi,石版印刷術
lokomobil,移動式蒸気機関
melankoli,憂うつ
metafizik,形而上学
mikrometr,マイクロメータ
mikroskop,顕微鏡
mineralog,鉱物学者
monoteism,一神論
neologism,新語
oligarhxi,oligarki
ornitolog,鳥類学者
ostracism,陶片追放
paleograf,古文書学者
palisandr,シタン
paroksism,激発
pentametr,五歩格
plutokrat,金権政治家
politeism,多神教
providenc,神の摂理
pulcxinel,プルチネッラ
purgatori,煉獄
recitativ,叙唱部
reformaci,宗教改革
rekrement,絞りかす
repertuar,レパートリ
rezignaci,あきらめ
sakrament,秘跡
sekundant,決闘立会人
skarlatin,しょうこう熱
skolastik,スコラ哲学
somnambul,夢遊病者
sortiment,見本一式
spekulaci,投機
spiritism,交霊術
spiritist,交霊術師
stalagmit,石筍
stalaktit,鍾乳石
statistik,統計
sxovinism,排外的愛国心
sxovinist,排外的愛国者
tipografi,活版印刷
topografi,地誌学
velociped,自転車
veterinar,獣医
vivisekci,生体解剖
abiturient,アビトゥリエント
alternativ,二者択一
anakronism,時代錯誤
antropolog,人類学者
arhxeologi,arkeologio
arhxipelag,arkipelago
aristokrat,貴族
arkitektur,建築術
auxtokrati,専制政治
beletristik,美文学研究
bibliograf,書誌学者
civilizaci,文明
dinamometr,動力計
ekskrement,糞便
entomologi,昆虫学
euxkaristi,聖餐
filantropi,博愛
hipertrofi,肥大
ingredienc,成分
inkvizitor,宗教裁判官
kartografi,地図製作法
koeficient,係数
kompliment,お世辞
kongregaci,教団
konsistori,枢機卿会議
kontraband,密輸入
kontribuci,賠償金
kosmografi,宇宙形状誌
kosmopolit,コスモポリタン
krestomati,模範詩文集
kvintesenc,第五元素
manufaktur,手工業制工場
manuskript,原稿
metamorfoz,変身
meteorolog,気象学者
mineralogi,鉱物学
naturalism,自然主義
numismatik,古銭学
ornitologi,鳥類学
paleografi,古文書学
perspektiv,展望
plutokrati,金権政治
pneuxmatik,タイヤ
prerogativ,大権
pseuxdonim,pseuxdonomo
stenografi,速記術
subjunktiv,接続法
superlativ,最上級
tuberkuloz,結核症
admiralitat,海軍本部
antropologi,人類学
aristokrati,貴族政治
bibliografi,書誌学
cirkumfleks,サーカムフレクス
demonstraci,論証
departement,部
enciklopedi,百科事典
hermafrodit,雌雄同体
hidrostatik,流体静力学
hidroterapi,水治療法
imperialism,帝国主義
inauxguraci,式
kalejdoskop,万華鏡
kondicional,条件法
konfederaci,国家連合
konglomerat,レキ岩
kontrapunkt,対位法
manifestaci,デモ
metempsikoz,輪廻
meteorologi,気象学
observatori,観測所
paleontolog,古生物学者
pleuxronekt,ヒラメ
protagonist,主役
protektorat,保護国
pseuxd,仮名
racionalism,合理主義
racionalist,合理主義者
reuxmatism,リューマチ
temperament,気質
tragikomedi,悲喜劇
administraci,管理部
demonstrativ,指示詞
konservatori,音楽学校
paleontologi,古生物学
paralelogram,平行四辺形
spiritualism,唯心論
spiritualist,唯心論者
trigonometri,三角法
auxtobiografi,自伝
t.e.,つまり
k.t.p.,kaj tiel plu
kiom,何番目の
kiom##,～ほど
kiom##,どれほど
dum,間
dum##,間
gxis,まで
gxis##,まで
anstataux,代わりに
anstataux##,代わりに
kiu##,どの
kiu,だれ，どれ
tiu##,その・あの～
tiu##,その・あのひと
cxiu,各々の，各～
cxiu##,各々
neniu,どの～も～ない
neniu##,誰も～ない
ambaux,両方の
ambaux##,両方
tiu cxi##,この
tiu cxi##,このひと
fiks,固定した
fiks##,固定する
fals,偽の
fals##,偽造する
cxu##,～かどうか
cxu,～か？
kial,なぜ～するか
kial##,なぜ
kiel,～のように
kiel##,いかに
tamen,けれども
tamen##,とはいえ
apenaux,～するや否や
apenaux##,やっと
kvazaux,まるでように
kvazaux##,まるでように
cxirkaux,まわりに
cxirkaux##,約
precip##,特に主要な
precip,特に
tut,全部の
tut##,まったく
rest##,残る
rest,残り
cxiel,いろいろに
cxiel##,空
interes,興味を持たせる
interes##,興味
lig,結ぶ
lig##,連盟
rul,ころがす
rul##,巻き物
arm##,武装させる
arm,武器
fos,掘る
fos##,穴
plant,植える
plant##,植物
orient##,方位を定める
orient,東
fald,折りたたむ
fald##,折り目
kaj,そして
kaj##,プラットホーム
amas,集積
amas##,大衆
kopi,複写する
kopi##,複写
fotograf,撮影する
fotograf##,カメラマン
cxar,～だから
cxar##,荷馬車
fikci##,架空の
fikci,虚構
nul,ゼロ
nul##,ゼロ
klar##,クララ
klar,明瞭な
artikol,記事
artikol##,冠詞
auxgust,８月
auxgust##,アウグスト
por,ために
por##,細孔
opozici,反対する
opozici##,反対
fot,写真、写真をとる
vibr,振動する · 揺れる
oscil,振動する
fluktu,変動する・上下する
ad,継続
ad,行為
ag,行動する
al,～の方へ
am,愛する
an,会員
ar,集団
as,現在形
at,受動・継続　
av,祖父
bo,姻戚
ci,おまえ
da,の
de,～の
di,神
Di,神
do,そこで
du,二
ec,性質
eg,強大
ej,場所
ek,開始
el,中から
em,傾向
en,中で
er,粒子
et,弱小
fe,妖精
fi,チェッ！
fi,下劣な
ge,男女
ha,ああ！
he,おい！
ho,まあ！
ia,ある種の
id,子孫
ie,どこかで
ig,させる
il,道具
in,女性
io,何か
ir,行く
is,過去形
it,受動・完了　
iu,ある～
iu,ある人
ja,実に
je,に
ju,ju pli すればするほど
ke,ということ
li,彼
lu,賃借する
mi,私
ne,ない
ni,私達
nj,女子愛称
nu,さて
od,オード
ok,八
ol,～よりも
on,分数
op,集合数
or,金
os,未来形
ot,受動・将然　
ov,卵
pi,信心深い
po,～ずつ
re,再び
se,もし～なら
si,自分　
te,茶
uj,容器
ul,人
um,特定の意味を持たない
ur,野牛
us,条件法
uz,使う
ve,ああ！
vi,あなた

la,the
