###世界语单词,
adiaux,안녕
bis,재청!
hura,만세
uxa,와!
kia,어떤
tia,그런
cxia,모든
kies,누구의
nenia,어떤~도~아닌
ali,다른
alt,높은
bel,아름다운
bon,좋은
jun,젊은
nov,새로운
sam,같은
fort,강한
grav,중요한
kelk,몇몇
last,마지막
long,긴
mult,많은
plen,가득한
ricx,부유한
rugx,빨간
facil,쉬운
grand,큰
liber,자유로운
rapid,빠른
felicx,행복한
proksim,가까운
fru,이른
pur,순수한
sol,유일한
ver,진실한
cert,확실한
nigr,검은
varm,더운
afabl,친절한
blank,하얀
dolcx,달콤한
neces,필요한
propr,고유한
simpl,단순한
dekstr,오른쪽의
kuragx,용감한
trankvil,평온한
blu,파란
dik,굵은
gaj,명랑한
hel,밝은
kar,사랑스러운
lac,피곤한
san,건강한
sat,배부른
just,정의로운
prav,옳은
pret,준비된
util,유용한
verd,초록
apart,따로
atent,주의깊은
fremd,외국의
gxust,올바른
komun,공통의
largx,넓은
agrabl,쾌적한
divers,다양한
intern,내부의
suficx,충분한
kontent,만족한
profund,깊은
mol,부드러운
pez,무거운
sek,마른
brun,갈색의
egal,같은
flav,노란
griz,회색
kulp,죄 있는
lert,능숙한
rekt,곧은
sagx,현명한
vast,넓다
ceter,남은
fresx,신선한
simil,유사한
kapabl,능력있는
serioz,진지한
efektiv,현실적
ordinar,보통의
akr,날카로운
fam,유명한
ies,누군가의
avar,탐욕스러운
dens,짙은
eben,평평한
fier,자랑스러운
firm,단단한
nepr,반드시
plat,평평한
plur,여러
surd,귀먹은
vigl,활발한
fidel,충실한
kviet,조용한
matur,성숙한
sankt,성스러운
spert,경험豊富한
subit,갑작스러운
tauxg,유용한
honest,정직한
konven,적합한
plur,여러
preciz,정확한
strang,이상한
delikat,섬세한
gxentil,예의 바른
komfort,편안한
pacienc,참을성 있는
special,특별한
gxeneral,일반적인
konstant,일정한
lam,절름발이
mut,벙어리
nud,벌거벗은
pal,창백한
ruz,교활한
van,헛된
acid,시큼한
glat,매끄러운
kler,교양 있는
krud,날것의
mild,온화한
abund,풍부한
blind,맹목적인
blond,금발의
cxarm,매력적인
etern,영원한
favor,호의적인
graci,우아한
humil,겸손한
lauxt,큰 소리의
sever,엄격한
stult,어리석은
fortik,튼튼한
frenez,미친
kurioz,기이한
privat,사적인
sincer,성실한
evident,명백한
oportun,편리한
prudent,신중한
sci/vol##,호기심의
diligent,근면한
proksim/um##,대략적인
ard,백열의
avid,갈망하는
brav,용감한
ebri,취한
krut,가파른
naiv,순진한
nobl,고귀한
sobr,절제된
humid,습기 있는
ident,동일한
komik,우스운
kripl,불구의
kruel,잔혹한
moder,적당한
sagac,현명한
seren,고요한
sprit,재치있는
akurat,정확한
fervor,열심인
inklin,경향이 있는
jxaluz,질투하는
kapric,변덕스러운
modern,현대의
modest,겸손한
nenies,아무의 것도 아닌
normal,정상적인
sovagx,야생의
ekstrem,극단적인
elegant,우아한
eminent,뛰어난
komplet,완전한
oficial,공식적
perfekt,완전한
probabl,있을법한
reciprok,상호의
indiferent,무관심한
inteligent,총명한
amar,쓰다
imun,면역의
real,현실의
ties,그것의
unik,독특한
vant,허영의
virg,순결한
aktiv,활동적
civil,시민의
cxies,각자의
elast,탄력있는
human,인간의
intim,친밀한
kaduk,노후한
koket,요염한
lojal,충성스러운
malic,악의적인
mir/ind##,놀라운
rauxk,쉰
rigid,딱딱한
sekur,안전한
solen,장엄한
tener,부드러운
valid,유효한
abrupt,갑작스러운
absurd,불합리한
aktual,현재의
arbitr,임의의
auxdac,뻔뻔한
ekzakt,정확한
furioz,격노한
graved,임신한
klasik,고전적인
majest,위엄 있는
nervoz,신경질적
oblikv,비스듬한
obstin,고집스러운
plen/agx##,성년의
social,사회적
subtil,섬세한
tragik,비극적
absolut,절대적
kontant,현금
popular,인기있는
relativ,상대적
sin/don##,헌신적
solidar,연대의
vegetar,채식의
familiar,익숙한
grandioz,웅장한
kolektiv,집합의
sin/gard##,조심스러운
kompetent,유능한
universal,보편적인
kvit,빚이 없는
miop,근시의
punc,양귀비색의
ranc,썩은
cxast,정숙한
ekstr,특별한
masiv,육중한
antikv,고대의
arogant,거만한
konform,일치한
trivial,사소한
elokvent,웅변의
kriminal,형사
predikat,술어
akut,예각의
dual,이중의
hirt,뾰족한
kalv,대머리
banal,평범한
cinik,냉소적
gotik,고딕식
inert,무기력한
obtuz,둔한
okult,신비한
pasiv,수동적
rigor,엄격한
stoik,스토아
analog,유사한
anonim,익명
arkaik,고풍의
diafan,반투명한
efemer,덧없는
erotik,에로틱한
fiktiv,허구의
formal,형식적인
frivol,경솔한
intens,강렬한
invers,역의
konciz,간결한
konkav,오목한
mistik,신비한
neuxtr,중성의
vulgar,저속한
akcesor,부속의
apokrif,위작의
arhxaik,고대의
burlesk,익살스러운
decimal,십진법
diskret,과묵한
fanatik,광신적
grotesk,기괴한
konkret,구체적
kontinu,연속적인
liberal,자유주의의
monoton,단조로운
negativ,부정적
nominal,명목상의
pozitiv,긍정적
radikal,급진적
skeptik,회의적인
solvent,지불능력있는
abstrakt,추상적
auxtonom,자치의
eventual,가능한
inkluziv,포함된
neuxtral,중립의
objektiv,객관적
ortodoks,정통派
primitiv,원시적인
provizor,임시의
racional,유리수의
romantik,낭만적인
sinoptik,요약의
spontane,자발적
auxtentik,진짜
definitiv,최종적인
ekskluziv,독점적
korelativ,상관관계의
respektiv,각각의
subjektiv,주관적
transitiv,타동사형 형용사
spekulativ,사변적
impertinent,뻔뻔한
konservativ,보수적인
sentimental,감상적인
dek,열
mil,천
sep,일곱
ses,여섯
tri,셋
unu,하나
cent,백
kvar,넷
kvin,다섯
naux,아홉
aux,또는
nek,또한～않다
sed,그러나
kvankam,비록
plus,더하기
minus,마이너스
cxe,에서
kun,함께
per,에 의해
pri,관하여
pro,위해
sen,없이
sub,아래에
sur,위에
tra,통해
apud,옆에
krom,외에
laux,따라
post,후에
inter,사이에
super,위에
trans,너머에
antaux,앞에
ekster,밖에
preter,옆을 지나
kontraux,반대하여
malgraux,불구하고
gxi,그것
ili,그들
kio,무엇
oni,사람들
sxi,그녀
tio,그것
cxio,모든 것
nenio,아무것도
tio cxi##,이것
dis,분산
mal,반대
cxef,주-
eks,전(前)
mis,잘못
pra,원시
dev,해야
dir,말하다
don,주다
est,이다
far,하다
fin,끝내다
hav,가지다
kon,알다
leg,읽다
lev,올리다
met,두다
mov,이동하다
pet,요청하다
pov,할 수 있
rid,웃다
sci,알다
sid,앉다
ten,들다
ven,오다
vid,보다
viv,살다
vol,의지
gxoj,기뻐하다
help,돕다
kred,믿다
lern,배우다
logx,살다
mort,죽다
okaz,일어나다
port,운반하다
pren,잡다
sekv,따르다
send,보내다
star,서다
dezir,바라다
labor,일하다
milit,전쟁하다
montr,보이다
parol,말하다
ricev,받다
skrib,쓰다
sxajn,보이다
vetur,가다
demand,질문하다
komenc,시작하다
kompren,이해하다
respond,응답하다
bat,치다
fal,떨어지다
kri,외치다
kur,달리다
las,놓다
lum,빛나다
mir,놀라다
pag,지불하다
pas,지나가다
reg,다스리다
son,소리나다
tim,두려워하다
tir,끌다
auxd,듣다
brul,타다
dank,감사하다
dorm,잠자다
ferm,닫다
flug,날다
halt,멈추다
jxet,던지다
kant,노래하다
kost,값하다
mank,부족하다
nask,낳다
okup,차지하다
pens,생각하다
perd,잃다
prem,누르다
prov,시험하다
sent,느끼다
turn,돌리다
acxet,사다
atend,기다리다
bezon,필요하다
kresk,성장하다
mangx,먹다
memor,기억하다
sercx,찾다
trink,마시다
konsil,조언하다
permes,허가하다
postul,요구하다
rakont,이야기하다
rigard,보다
rimark,알아차리다
sxangx,변경하다
vojagx,여행하다
konstru,건설하다
prezent,제출하다
renkont,만나다
bru,소리내다
dub,의심하다
lav,씻다
lud,놀다
pen,노력하다
vek,깨우다
vok,부르다
aper,나타나다
bril,빛나다
erar,틀리다
fest,축하하다
frap,때리다
gajn,얻다
kapt,잡다
kasx,숨기다
kovr,덮다
kuir,요리하다
kusx,눕다
pasx,걷다
plor,울다
romp,파괴하다
salt,뛰다
serv,섬기다
tusx,닿다
vend,팔다
zorg,걱정하다
batal,싸우다
elekt,선택하다
esper,희망하다
koler,화나다
mezur,재다
opini,생각하다
ordon,명령하다
plend,불평하다
ripoz,휴식
salut,인사하다
sufer,고통받다
akcept,수락하다
forges,잊다
kalkul,계산하다
komerc,상업하다
konduk,이끌다
pardon,용서하다
silent,조용한
trancx,자르다
konsent,동의하다
auxskult,듣다
ban,목욕하다
flu,흐르다
kre,창조하다
mok,조롱하다
amuz,즐겁게 하다
cxes,멈추다
efik,효과적
gard,지키다
jugx,재판하다
klin,기울이다
pend,매달리다
pusx,밀다
spir,숨쉬다
stud,연구하다
sxat,인정하다
tond,깎다
traf,명중하다
ating,도착
decid,결정하다
estim,존경하다
invit,초대
kurac,치료하다
marsx,행진하다
placx,마음에 들다
ripet,반복하다
sxlos,잠그다
sxtel,훔치다
vizit,방문하다
arangx,정리하다
ekzist,존재하다
instru,가르치다
intenc,의도하다
kompat,동정하다
prefer,선호하다
prepar,준비하다
promen,산책하다
promes,약속하다
sukces,성공하다
konserv,보존하다
bol,끓다
kis,키스하다
obe,복종하다
paf,쏘다
pel,몰다
pik,찌르다
pun,처벌하다
sav,구조하다
tus,기침하다
akir,얻다
apog,지지하다
atak,공격하다
bala,쓸다
blov,불다
cxas,사냥하다
danc,춤추다
eduk,교육하다
evit,피하다
fleg,간호하다
glit,미끄러지다
gvid,안내하다
gxen,방해하다
hejt,난방하다
hont,부끄러워하다
imag,상상하다
imit,모방하다
komb,빗다
mend,주문하다
miks,섞다
nagx,수영하다
plug,갈다
pres,인쇄하다
soif,목마르다
spez,지출하다
sxir,찢다
trem,떨다
trov,찾다
venk,이기다
visx,닦다
volv,감다
anonc,발표하다
aprob,찬성하다
avert,경고하다
merit,가치가 있다
minac,위협하다
pentr,그리다
posed,소유하다
pregx,빌다
rifuz,거절하다
rilat,관계하다
ripar,수리하다
skrap,긁다
sxerc,농담하다
tromp,속이다
defend,방어하다
desegn,그리다
esting,지우다
inform,알리다
kompar,비교하다
kondut,행동하다
konfes,고백하다
konsci,의식하다
kultur,재배하다
mensog,거짓말하다
rezult,결과로서 발생하다
rikolt,수확하다
strecx,긴장시키다
sxovel,삽질하다
akompan,동행하다
aparten,속하다
bedauxr,유감스러워하다
konsist,구성되다
organiz,조직하다
progres,진보하다
respekt,존경하다
riprocx,비난하다
diferenc,다르다
rekomend,추천하다
korespond,편지하다
enu,지루하다
fid,신뢰하다
gxu,즐기다
hak,찍다
log,유혹
pek,죄짓다
pes,무게를 재다
raz,면도하다
dron,익사하다
fajf,휘파람 불다
fand,녹이다
farm,경작하다
fart,지내다
frot,문지르다
gxem,신음하다
krev,찢어지다
kudr,꿰매다
mord,물다
muel,갈다
nutr,양육하다
odor,냄새나다
rajd,타고 가다
solv,해결하다
taks,평가하다
teks,짜다
tent,유혹하다
urgx,긴급하다
babil,잡담하다
detru,파괴하다
difin,정의하다
distr,산만하게 하다
diven,간파하다
divid,나누다
etend,늘리다
evolu,진화하다
forgx,단련하다
frand,미식하다
grimp,기어오르다
hezit,주저하다
krocx,걸다
lauxd,칭찬하다
mason,쌓다
ofert,제공
ornam,장식하다
petol,장난치다
songx,꿈꾸다
stern,펴다
supoz,가정하다
sxirm,감싸다
sxpar,절약하다
sxtop,막다
sxuld,빚지다
sxvel,부풀다
toler,참다
versx,붓다
aspekt,보이다
dauxr/ig##,계속시키다
difekt,손상하다
diskut,토의하다
domagx,아쉬워하다
ekscit,흥분시키다
ekzerc,훈련하다
esplor,탐구하다
esprim,표현하다
konsol,위로하다
murmur,중얼거리다
prezid,의장하다
signif,의미하다
skulpt,조각하다
traduk,번역하다
ekskurs,소풍하다
ekzamen,시험
komunik,전하다
koncern,관계되다
konstat,확인하다
protekt,보호하다
protest,항의하다
renvers,뒤집다
surpriz,놀라게 하다
konsider,고려하다
persekut,박해하다
reprezent,대표하다
bak,굽다
ben,축복하다
boj,짖다
bor,뚫다
ced,양보하다
cit,인용하다
lek,핥다
rab,약탈하다
rav,매혹하다
rem,젓다
rev,상상하다
seg,톱질하다
sku,흔들다
ted,지겹게 하다
teg,덮다
abon,예약하다
dung,고용하다
envi,부러워하다
flar,냄새 맡다
fond,설립하다
frit,튀기다
friz,곱슬이다
gest,몸짓하다
glad,다리다
glut,삼키다
jxur,맹세하다
kned,반죽하다
macx,씹다
melk,짜다
migr,이동하다
munt,조립
ofer,바치다
pent,후회하다
pruv,증명하다
pump,펌프질하다
putr,썩다
ramp,기어가다
risk,위험
ronk,코골다
rost,굽다
sven,기절하다
sxov,밀다
sxut,뿌리다
tajl,재단하다
tord,비틀다
tren,끌다
vari,변동하다
velk,시들다
adici,덧셈하다
admir,감탄
admon,훈계하다
adopt,입양하다
akcel,가속하다
atest,증명하다
cxerp,퍼내다
degel,녹다
deleg,파견하다
fleks,구부리다
flirt,펄럭이다
hered,상속하다
influ,영향주다
kares,애무하다
medit,명상하다
nauxz,구역질나다
osced,하품하다
pasxt,방목하다
pauxz,멈추다
pincx,집다
plekt,엮다
regal,대접하다
ribel,반란하다
sopir,그리워하다
sorcx,마법을걸다
strik,파업하다
sufok,질식시키다
sving,휘두르다
sxarg,싣다
sxmir,바르다
trakt,다루다
tremp,담그다
afrank,붙이다
asekur,보험 들다
balanc,흔들다
barakt,버둥거리다
dedicx,바치다
deklar,선언하다
destin,예정하다
disput,논쟁하다
escept,제외하다
festen,연회하다
frakas,부수다
gratul,축하하다
ilustr,삽화를 넣다
import,수입하다
insist,고집하다
instal,설치
instig,격려하다
insult,모욕하다
komand,지휘하다
komisi,위탁하다
konfid,신뢰하다
konfit,설탕절임
konfuz,혼란케하다
konkur,경쟁하다
kritik,비판하다
observ,관찰하다
penetr,침투하다
perfid,배신하다
proced,절차
raport,보고하다
reklam,광고하다
rezign,포기하다
rezist,저항하다
rifugx,피난하다
brak/um##,껴안다
civiliz,교화하다
cxagren,짜증나게 하다
de/pend##,의존하다
disting,구별하다
eksplod,폭발하다
garanti,보증하다
komplez,친절히
kondamn,비난하다
konfirm,확인하다
konjekt,추측하다
konklud,결론짓다
kontrol,검사하다
konvink,설득하다
operaci,수술하다
plen/um##,이루다
pretend,요구하다
suspekt,의심하다
turment,괴롭히다
distribu,분배하다
fanfaron,허풍떨다
kontrakt,계약하다
mastr/um##,집안일하다
prokrast,연기하다
administr,관리
el/turn/igx##,피하다
entrepren,시도하다
dec,결정하다
juk,가렵다
lul,흔들어 재우다
vad,물속걷다
vag,방황
vet,내기하다
vom,토하다
zum,윙윙거리다
ador,숭배하다
agit,선동하다
akuz,고발하다
alud,암시하다
bapt,세례하다
bind,제본하다
blek,울다
bred,사육하다
bucx,도살하다
cxif,구기다
dikt,받아쓰게 하다
dres,조련하다
ekip,장비하다
est/ig##,야기하다
fast,단식하다
flat,아첨하다
flik,덧대다
fugx,도망치다
fusx,실패하다
garn,보강하다
grat,긁다
hav/ig##,갖게 하다
izol,고립시키다
jung,매다
lukt,격투하다
mugx,으르렁대다
opon,반대하다
palp,더듬다
pekl,절이다
pere,망하다
pli/ig##,늘리다
sark,제초하다
sekc,절단하다
sorb,흡수하다
spit,무시하다
sucx,빨다
svat,중매하다
tajp,타자
tern,재채기하다
tikl,간지럽히다
tint,딸랑거리다
trik,뜨다
trud,강요하다
vart,보육하다
adapt,적응시키다
aplik,응용하다
asert,단언하다
asist,돕다
balot,투표하다
cxe/est##,있다
delir,망상
depon,맡기다
deput,파견하다
enket,조사하다
eskap,탈출하다
falcx,낫질하다
flagr,타오르다
for/est##,부재하다
grinc,삐걱대다
ignor,무시하다
impet,돌진하다
incit,화나게 하다
indik,지시하다
insid,빠뜨리다
inund,범람하다
kracx,토하다
liver,공급하다
menci,언급하다
modif,수정하다
ofend,모욕하다
rezon,추론하다
rivel,밝히다
start,시작
susur,속삭이다
sxpin,잣다
trejn,훈련하다
vengx,복수하다
abstin,절제하다
aflikt,괴롭히다
altern,번갈다
balbut,더듬다
cirkul,순환하다
dejxor,당직
denunc,고발하다
de/ten##,막다
dev/ont/ig##,약속시키다
digest,소화하다
dispon,사용
dorlot,응석부리다
eksped,발송하다
el/don##,출판하다
establ,설립하다
flustr,속삭이다
grimac,찡그리다
grumbl,투덜대다
implik,얽히게 하다
indign,분노하다
indulg,용서하다
infekt,감염시키다
injekt,주사하다
inspir,영감을 주다
invent,발명하다
klopod,노력하다
kolizi,충돌하다
kombin,결합하다
kompon,구성하다
konsum,소비하다
korekt,수정하다
lubrik,윤활하다
manovr,기동하다
plongx,뛰어들다
preleg,강연하다
propon,제안하다
provok,도발하다
recenz,비평하다
redakt,편집하다
redukt,축소하다
revizi,교열하다
sxpruc,뿜다
aplauxd,박수치다
blasfem,모독하다
bon/vol##,기꺼이
brokant,중고품 거래
eksport,수출하다
ekzekut,처형하다
gust/um##,맛보다
iniciat,제안하다
kalumni,비방하다
kompens,보상하다
komplik,복잡한
kontest,경쟁하다
manipul,조작하다
neglekt,무시하다
persist,고집하다
prononc,발음하다
prosper,번영하다
reflekt,반영하다
re/form##,개혁하다
subtrah,빼다
sxancel,흔들다
televid,텔레비전 시청
determin,결정하다
ekspluat,착취하다
koncentr,집중하다
mistifik,혼란스럽게 하다
preskrib,처방하다
revoluci,혁명하다
riverenc,절하다
interpret,해석하다
kompromit,타협하다
multiplik,곱하다
propagand,선전하다
konversaci,대화하다
interpelaci,질문하다
erp,계획하다
kov,코로나
lut,연주하다
pep,엿보다
tan,태닝
agac,짜증나다
brod,자수하다
brog,막다
cxiz,깎다
edif,교훈을 주다
fajl,파일
krak,갈라지다
kroz,순항하다
pist,빻다
rasp,줄질하다
rast,갈퀴질하다
rigl,잠그다
rukt,트림하다
sibl,속삭이다
skiz,개요
sput,뱉다
steb,자수하다
stuk,회반죽
sxim,좋아하다
torn,찢다
trot,속보
urin,오줌누다
varb,모집하다
adult,성인
afekt,꾸미다
akusx,자라다
arest,체포
asign,할당하다
atenc,습격하다
drasx,긁다
drink,마시다
ekzil,추방
filtr,거르다
infuz,주입
kribr,체질하다
parad,행진하다
rabot,작업하다
rafin,정제하다
satur,포화시키다
siegx,포위하다
skerm,울타리치다
strab,사시되다
sxmac,때리다
uzurp,찬탈하다
veget,채소
border,경계
cxikan,속이다
degrad,강등하다
dibocx,저주하다
distil,증류하다
drapir,걸치다
gargar,양치하다
gravur,조각하다
guvern,지사
ilumin,비추다
inokul,접종
intrig,흥미롭다
jxongl,재주부리다
kartav,어눌하게 말하다
kontuz,타박상
likvid,청산
makler,중개인
plauxd,박수치다
predik,설교하다
rembur,채우다
ventol,환기하다
decxifr,해독하다
degener,퇴화하다
diskont,할인
ferment,발효하다
kalfatr,메우다
kolport,행상하다
kompost,퇴비
konspir,공모하다
konvert,변환하다
paraliz,마비되다
proklam,선포하다
singult,딸꾹질하다
cxarpent,목수짓다
hipokrit,위선하다
intermit,중단하다
konstern,놀라다
marcxand,거래하다
kapitulac,항복하다
kauxteriz,지지다
komentari,논평하다
koment,논평하다
poz,위치
vak,비다
boks,복싱
gxir,돌다
kirl,소용돌이치다
klak,딸깍
kluk,꿀꺽하다
knar,삐걱대다
murd,살해하다
pled,간청하다
sond,탐사하다
tatu,문신하다
abdik,포기하다
abort,유산
agoni,고뇌하다
aklam,환호하다
amput,절단
aneks,병합하다
aspir,열망하다
deriv,파생물
feder,연방
impon,감명주다
invad,침입하다
kauxr,때문에
klacx,클릭하다
klisx,진부하다
kotiz,회비
marin,바다에 담그다
miaux,야옹하다
modul,모듈화하다
refut,반박하다
rikan,부유한
streb,노력하다
svarm,떼지어 모이다
sxveb,흐르다
absorb,흡수
akapar,저장하다
analiz,분석하다
asimil,동화되다
asperg,뿌리다
atribu,속성
auxgur,예언하다
bojkot,보이콧
cenzur,검열
dedukt,공제하다
deklam,암송하다
dekolt,쪼개다
indukt,유도하다
kompil,편집하다
konced,인정하다
konker,정복하다
korupt,부패하다
kverel,싸우다
lament,탄식하다
narkot,마취시키다
stimul,자극하다
strigl,빗질하다
sxrump,줄어들다
amortiz,상환하다
anticip,예상하다
apelaci,항소하다
bankrot,파산
bombard,포격하다
emancip,해방하다
inspekt,검사하다
katekiz,교리문답
koincid,일치하다
konfisk,압수하다
konsekr,봉헌하다
konsult,상담하다
legitim,정당한
mobiliz,동원
pilgrim,순례하다
improviz,즉흥하다
inauxgur,예언하다
karambol,충돌하다
katehxiz,교리문답
klasifik,분류하다
kontribu,기여하다
litograf,석판화
prostitu,매춘하다
centraliz,중앙화하다
stenograf,속기
ekskomunik,파문하다
karakteriz,특징짓다
ajx,물건
ant,앞선
ebl,가능한
igx,되다
ind,산업
int,정수
ism,주의
ist,전문가
obl,-스러움
ont,할 것
estr,우두머리
acx,도구
cxj##,-스러운
end,끝
ing,중성화
ajn,어떤
cxi##,이##
ecx##,심지어
for,떠나
iam,언젠가
iom,약간
jam,이미
jen,여기
jes,예
kie,어디에
mem,스스로
nun,지금
nur,단지
pli,더
plu,더
tie,거기
tre,매우
tro,너무
tuj,즉시
cxie,곳곳에
jxus,막
kiam,언제
plej,가장
tial,그래서
tiam,그때
tiel,그렇게
tiom,그만큼
cxiam,항상
nenie,아무데도
ankaux,또한
neniam,결코
baldaux,곧
hieraux,어제
hodiaux,오늘
morgaux,내일
tie cxi##,여기
almenaux,적어도
ankoraux,아직
preskaux,거의
tiel cxi##,이렇게
oft,자주
ial,어떤 이유로
iel,어떻게
volont,기꺼이
des,이후에
neniom,전혀
cxial,모든 이유로
cxiom,모든
ia/foj##,매번
nenial,결코
neniel,결코
parker,주차하다
foj,번
hom,남자
jar,해
kap,머리
kor,심장
lok,장소
man,손
nom,이름
tag,하늘
ter,땅
vir,남자
voj,길
afer,일
amik,친구
form,형태
kamp,장소
land,나라
mond,세계
naci,국가
patr,아버지
temp,온도
vort,말
flank,측면
infan,아이
patr/in##,아버지
cxambr,방
sinjor,신사
akv,물
arb,나무
art,예술
dom,집
edz,남편
fil,아들
har,머리카락
hor,시간
lit,빛
mar,3월
mon,돈
mur,벽
pac,평화
pec,피씨
sun,태양
urb,도시
bild,그림
bird,새
busx,버스
frat,형제
hejm,집
knab,소년
kort,법원
libr,책
mont,산
okul,눈
part,부분
pied,발
pord,문
rajt,권리
tabl,탁자
vent,바람
vest,옷
fingr,손가락
frukt,과일
kolor,색
leter,편지
lingv,언어
maten,아침
popol,사람들
punkt,점
rimed,자원
valor,가치
cxeval,말
famili,가족
frauxl,아가씨
person,개인
semajn,주간
vesper,저녁
vizagx,얼굴
fenestr,창문
aer,공기
agx,나이
cel,목표
fer,철
ide,이념
kat,고양이
kol,석탄
mez,중간
naz,코
nub,구름
ord,질서
pan,빵
roz,분홍색
best,짐승
bord,경계
brak,팔
dent,이
fajr,불
fisx,물고기
flor,꽃
glas,유리
hund,개
korp,몸
lakt,우유
lign,나무
lini,선
mark,표시
negx,눈
nokt,밤
onkl,삼촌
orel,귀
plum,깃털
pluv,비
rond,둥근
sang,피
segx,톱
spec,규격
stat,통계
supr,위
sxip,배
vitr,유리
angul,모퉁이
dauxr,계속
dolor,고통
gazet,신문
kauxz,이유
kutim,습관
minut,분
monat,달
natur,자연스러운
nombr,숫자
paper,종이
plank,바닥
river,강
somer,여름
staci,역
strat,도로
suker,설탕
sxton,돌
vagon,부랑자
veter,날씨
vintr,겨울
auxtun,가을
cxapel,모자
direkt,직접
kolekt,수집
moment,순간
plezur,즐거움
vilagx,마을
ekzempl,예시
gxarden,정원
histori,역사
printemp,봄
bov,소
ink,잉크
kaf,커피
kok,닭
kuk,케이크
kuz,사촌
lag,호수
lim,제한
lun,월요일
maj,소령
pak,소포
sak,해고
sum,합계
tru,굴
vin,당신
anim,영혼
azen,당나귀
benk,벤치
dors,뒤쪽
foli,잎
font,샘
fund,기금
genu,무릎
gren,식량
grup,그룹
herb,풀
juli,7월
juni,유월
kart,카드
klas,반
korb,바구니
kruc,십자
krur,다리
lang,언어
legx,법
lund,월요일
mard,화요일
mart,행진
ofic,사무실
ombr,그림자
pagx,지불
pork,돼지고기
posx,아마
radi,방사
regx,왕
senc,감각
stel,별
sxaf,양
verk,작업
vocx,목소리
adres,주소
april,4월
brust,가슴
buter,버터
donac,선물
glaci,얼음
kuler,숟가락
mastr,주인
muzik,음악
numer,숫자
posxt,우편
prunt,대출
sabat,토요일
sxtat,상태
sxtup,계단
teler,접시
terur,무서움
vapor,증기
insekt,곤충
januar,1월
jxauxd,기쁨
kovert,봉투
krajon,연필
manier,방법
objekt,목적
oktobr,10월
plafon,천장
region,지역
religi,재결합
spirit,정신
argxent,은
dangxer,위험
decembr,12월
dimancx,일요일
februar,2월
horlogx,시계
merkred,수요일
novembr,11월
produkt,제품
vendred,금요일
septembr,9월
bar,바
bek,부리
fak,전문
fum,흡연
gas,가스
gut,낮춤
jak,상인
kel,몇몇
kuv,통桶
lip,입술
nep,매듭
nev,조카
not,메모
ole,기름
ond,파도
ost,뼈
par,부부
pom,사과
pot,냄비
rad,바퀴
ret,그물
sal,소금
sap,비누
sem,주
sud,남쪽
sup,수프
sxu,동물
tas,컵
tol,도르
tuk,툭툭차
ung,노인
val,골짜기
vic,승리
barb,수염
bros,형제
fakt,사실
flag,깃발
fork,포크
forn,난로
gast,손님
gras,뚱뚱한
kapr,염소
karb,석탄
kest,상자
korn,옥수수
krim,범죄
lamp,등
mebl,가구
mien,광물
musx,쥐
nord,북쪽
past,과거
pilk,공
pint,꼭대기
polv,먼지
pont,다리
prez,값
rand,가장자리
regn,왕국
seri,연속
sign,표지
sort,운명
spic,매운
vang,뺨
vost,꼬리
vund,상처
botel,병
buton,버튼
cifer,숫자
faden,실
frunt,이마
hauxt,피부
honor,명예
insul,섬
kajer,공책
kamen,벽난로
legom,채소
liter,리터
metal,금속
pingl,바늘
polic,경찰
polur,광택
premi,누르기
regul,규제
sezon,계절
sxanc,변화
sxnur,오직
tabul,판
viand,고기
baston,막대기
brancx,가지
cxemiz,셔츠
doktor,의사
kravat,넥타이
lecion,수업
masxin,기계
milion,백만
najbar,이웃
parenc,부모
publik,대중
scienc,과학
sekret,비밀
skatol,상자
soldat,군인
spegul,거울
sxargx,짐
sxrank,옷장
tualet,화장실
cxapitr,장
fromagx,치즈
kondicx,조건
praktik,실제
serpent,뱀
sxtrump,양말
tegment,지붕
telefon,전화
industri,산업
kilogram,킬로그램
okcident,서쪽
pantalon,바지
abi,친구
agl,천사
ber,오류율
bot,로봇
bul,천布
dat,날짜
glu,풀
jup,치마
kav,기사
lan,랜
led,가죽
mod,방법
mor,죽음
pin,핀
pip,점
piz,완두콩
put,탁월함
rel,관계
riz,쌀
rok,바위
suk,주스
tem,시간
tub,튜브
tur,탑
vat,기와
vaz,꽃병
zon,지대
arme,무기
bank,은행
bien,안녕
bier,맥주
bret,선반
brik,벽돌
cikl,순환
cxap,청년
drat,철사
epok,시대
fask,묶음
feri,휴가
film,영화
flam,불꽃
flos,떠다님
fojn,번
fulm,번개
glob,지구
grad,정도
gust,맛보기
kadr,틀
krem,크림
kurb,곡선
kurs,수업
larm,눈물
leon,사자
litr,리터
luks,사치
meti,두다
metr,계기
najl,손톱
nest,둥지
pajl,짚
plac,장소
plad,접시
plan,계획
poet,시인
pugn,주먹
ring,반지
sabl,모래
scen,장면
skal,규모
soci,사회
spac,공간
stal,안정된
task,임무
tomb,묘
verm,벌레
vers,판본
viol,비올라
agord,조정
balon,공
bilet,표
burgx,성
centr,중심
etagx,층
farun,밀가루
figur,숫자
frost,서리
gorgx,목구멍
grund,흙
haven,항구
hotel,호텔
humor,유머
karot,당근
katar,카타르
kling,칼날
koton,진흙
kvant,양
lepor,토끼
makul,얼룩
manik,소매
membr,구성원
mizer,비참
nebul,안개
organ,기관
parti,부분
pastr,목사
radik,뿌리
serur,자물쇠
solid,단단함
sonor,소리
strek,질주
sxvit,땀
tabak,담배
tabel,테이블
titol,제목
tondr,천둥
valiz,가방
ventr,배
alumet,경기
aparat,기기
brasik,양배추
citron,레몬
cxifon,서풍
dekliv,비탈
dezert,사막
elektr,전기
energi,에너지
fiancx,약혼자
hirund,삼키기
kelner,웨이터
kvalit,질량
majstr,대가
mantel,외투
martel,망치
matrac,매트리스
menton,턱
orangx,오렌지
origin,기원
potenc,잠재력
salajr,월급
sekund,초
societ,사회
stomak,위
sxultr,어깨
tapisx,카펫
tritik,밀
aventur,모험
cigared,담배
distanc,거리
embaras,당황
kamarad,동지
kaserol,냄비
komitat,위원회
kongres,국회
kvadrat,정사각형
magazen,창고
pasport,여권
politik,정치
registr,등록
ter/pom##,지구
akcident,사고
auxtobus,버스
auxtomat,자동기
cxokolad,초콜릿
direktor,감독
instinkt,본능
karakter,특징
kauxcxuk,원인
material,재료
standard,기준
telegraf,전보
restoraci,식당
ark,아치
baz,기초
beb,아기
bub,소년
bud,싹
fel,펠트
hok,갈고리
huf,발굽
jur,법
kas,숨김
kin,친척
kom,동정
kot,진흙
lup,늑대
mam,엄마
map,지도
min,나
mus,쥐
net,그물
nod,마디
orf,고아
ort,오르트 구름
pat,박자
pil,배터리
pir,배梨
pup,인형
rat,쥐
rip,찢음
rob,강도
tip,값
ton,톤
urs,곰
var,변수
vel,빛나다
vit,비타민
abel,벌
auxt,팔월
bluz,블라우스
boat,배
brov,눈썹
cerb,뇌
cxek,검사
cxen,사슬
disk,디스크
dram,연극
drap,천
dusx,샤워
ezok,강꼬치
farb,색
febr,이월
fend,쪼개기
foir,공정
fost,양육자
frag,조각
fulg,그을음
funt,파운드
gant,장갑
geni,천재
glor,영광
golf,골프
hajl,우박
hero,영웅
kemi,화학
kord,현
kork,코르크
krad,석쇠
kran,수도꼭지
kret,크레타섬
kriz,위기
kron,왕관
kugl,총알
kupr,구리
lift,엘리베이터
list,목록
mast,돛대
nadl,바늘
nerv,신경
oliv,올리브
park,공원
pasi,통과
pask,부활절
pelt,모피
plet,쟁반
poem,시
proz,산문
pulm,폐
pulv,가루
rang,계급
revu,꿈
ritm,리듬
seks,성별
sens,감각
silk,비단
simi,원숭이
sojl,문턱
stil,스타일
stri,줄무늬
sxel,껍질
tend,텐트
verb,동사
verg,벌레
vert,초록
vidv,미망인
virt,덕목
vual,베일
vulp,여우
afisx,포스터
album,앨범
almoz,시주
arane,거미
asoci,연관
avenu,대로
aviad/il##,비행기
barel,통
bazar,시장
betul,자작나무
brems,브레이크
butik,가게
detal,세부사항
diabl,악마
emoci,감정
enigm,수수께끼
esenc,본질
fauxk,위조
fizik,물리적
framb,산딸기
grajn,곡물
hxemi,화학물질
ideal,이상
juvel,보석
katen,사슬
kitel,외투
krucx,십자
krust,껍질
kubut,팔꿈치
kukol,뻐꾸기
kverk,참나무
lamen,절름발이
marcx,마르크스
metod,방법
model,모델
motor,모터
nivel,수준
palac,궁전
panj,팬케이크
penik,붓
piocx,닭고기
plumb,납
poezi,시적
salon,소금
sauxc,소시지
sitel,양동이
sklav,노예
sport,스포츠
stamp,우표
stang,막대
stump,그루터기
sxtal,금속
sxtof,지붕
teatr,극장
teori,이론
teren,땅
trajn,기차
trajt,특징
trunk,나무줄기
venen,독
vesxt,옷
abomen,혐오
angxel,천사
animal,동물
apetit,식욕
apotek,약사
benzin,휘발유
bicikl,자전거
bombon,폭탄
cement,시멘트
cxeriz,체리
desert,디저트
fabrik,공장
financ,금융
funebr,장례
funkci,기능
garagx,차고
imperi,지배하다
impost,세금
impres,인상적
kalkan,방패
kalson,팬티
kamion,트럭
kandel,양초
kanzon,노래
kastel,성
klient,고객
kol/um##,기둥
kurten,커튼
mandat,위임
mister,신비
moskit,모기
muskol,근육
ombrel,우산
pacxj,펜실베이니아州
parfum,향수
patron,아버지
petrol,휘발유
posten,직위
pozici,위치
proces,과정
profit,이익
proviz,공급
pulvor,가루
recept,레시피
rekord,기록
rezerv,예약
signal,신호
sistem,시스템
surfac,표면
sxofor,운전사
tajlor,재단사
trezor,보물
trikot,타이즈
vakcin,백신
advokat,변호사
alkohol,알코올
ampleks,포괄
brosxur,소책자
bulvard,대로
deficit,적자
ekonomi,경제
elefant,코끼리
jxurnal,신문
kabinet,내각
kapital,수도
koncert,콘서트
krepusk,황혼
kvartal,분기
miliard,십억
pejzagx,풍경
problem,문제
profesi,직업
simpati,동정
student,학생
sxrauxb,쓰레기
tempest,폭풍
traktor,트랙터
tri/angul##,세모
trotuar,보도
adjektiv,형용사
dekoraci,장식
ekvilibr,균형
esperant,세상
hospital,병원
intelekt,지식인
kalendar,달력
kilometr,킬로미터
komision,위원회
mehxanik,역학
milimetr,밀리미터
original,원래의
pretekst,핑계
struktur,구조
telegram,전보
tribunal,법정
bibliotek,도서관
fundament,기본
ingxenier,기술자
konferenc,회의
konscienc,양심
literatur,문학
mehxanism,기계장치
rekompenc,보상
respublik,공화국
sekretari,분비
apartament,아파트
auxtomobil,자동차
auxtoritat,권위
instrument,악기
medikament,약품
temperatur,온도
cirkonstanc,상황
eksperiment,실험
mal/varm/um##,냉/온/음
ajl,마늘
akn,여드름
aks,축
akt,행동
ale,에일
alg,조류
apr,4월
azi,아시아인
bal,공놀이
bet,내기
buk,염소
cep,양파
cir,순환
dot,점
ehx,트림
fab,콩
fac,얼굴
fag,게이
fig,그림
gal,갤런
gru,기중기
gum,고무
hal,홀
jug,주전자
kal,칼루루
kaz,사건
kub,입방체
lad,납
lak,래커
lap,고리
lin,선
lot,많음
luk,빛
mas,말
mat,매트
nuk,핵무기
pap,파푸아인
pav,공작
pig,돼지
pus,고양이
ran,달리기
ren,신장
rib,갈비뼈
rim,운율
rol,역할
ros,장미
sag,처짐
sin,자기
ski,스키
sof,소파
tig,줄기
tuf,응회암
tun,무리
vip,귀빈
akci,주식
atom,원자
aven,귀리
bant,밴드
bark,짖음
bask,바스크
bend,밴드
blok,막힘
bors,증시
bovl,그릇
brid,고삐
brut,짐승
bukl,컬링
bulb,전구
bulk,대부분
cerv,사슴
cign,백조
cxel,샘
dand,치아
diet,식이
dorn,가시
etap,단계
etat,월급
fecx,똥
felt,펠트
frak,분수
fraz,문장
fung,균
garb,외투
gent,신사
glav,검
gobi,고비
gram,세균
greg,무리
grip,독감
grot,동굴
gudr,타르
gxib,은행
hegx,십육진법
himn,국가
hxor,배타적 논리합
kacx,쓰레기
kagx,우리말
kaka,똥
kakt,선인장
karn,고기
karp,잉어
kejl,갈고리
kern,핵
klub,클럽
korv,약탈
kosm,우주
kult,이단
lacx,피로
lard,베이컨
larv,유충
lice,허가
likv,액체
lili,백합
maiz,옥수수
malv,나무단풍
mens,정신
menu,메뉴
miel,꿀
musk,사향
muze,뮤즈
nuks,견과
oper,조작
oval,타원형
palm,야자나무
palt,창백
pane,빵
perl,진주
pian,경건
pice,향신료
pipr,후추
plag,전염병
prun,자두
pudr,가루
punt,평저선
raci,이성적
rent,임대
ruin,폐허
rust,녹
situ,위치
sled,썰매
sorg,걱정
spik,못
spur,흔적
stan,국가
sulk,고랑
takt,박자
tali,꼬리
tigr,호랑이
tort,불법행위
tram,트램
trup,부대
vaks,밀랍
vejn,길
vesp,말벌
vind,바람
zink,아연
afrik,아프리카
agent,대리인
akord,합의
akrid,메뚜기
aktor,배우
alarm,경보
ampol,전구
angil,뱀장어
anser,거위
artik,기사
bacil,간균
bambu,대나무
banan,바나나
brand,브랜드
bronz,청동
buked,부케
cigar,시가
cikad,매미
cinam,계피
cindr,재
cirkl,원
civit,시민
cxerk,관
debet,차변
diant,정향꽃
dogan,세관
efekt,효과
ekran,화면
emajl,이메일
event,사건
fabel,동화
fasad,정면
fason,유행
fluid,체액
fotel,안락의자
front,앞면
funel,깔때기
gxerm,싹
hepat,간
horde,부족
infer,지옥
ironi,풍자
kaban,가방
kahel,타일
kajut,선실
kamel,낙타
kanal,수로
kankr,암
karaf,물병
kokos,코코넛
krani,두개골
krest,봉우리
kukum,오이
kupon,쿠폰
kusen,베개
latun,황동
lauxb,기준
lekci,강의
lesiv,세제
limak,민달팽이
logik,논리
lotus,연꽃
melon,멜론
moral,도덕
muzel,총구
nilon,나일강
ocean,대양
palat,구개
palis,창백
papag,앵무새
paser,통과
pensi,생각
peron,대리인
pilot,조종사
pland,계획
plast,플라스틱
porci,돼지
princ,왕자
pupil,동공
rabat,할인
rafan,무릎
rauxp,향상
resum,요약
rimen,끈
roman,로마
salat,샐러드
salik,버드나무
satir,풍자
sciur,다람쥐
sekal,호밀
sekci,절단
senat,상원
split,분열
spong,스펀지
stadi,서다
statu,지위
sterk,비료
strig,올빼미
strut,타조
sxink,중국인
sxtip,꼭대기
tapet,벽지
tarif,요금
tegol,기와
tekst,텍스트
teras,테라스
tomat,토마토
tuber,덩이줄기
tunel,터널
velur,벨벳
veruk,사마귀
vezik,방광
volum,부피
adverb,부사
akcent,강세
alauxd,칭찬
amator,아마추어
amerik,미국인
arteri,동맥
asfalt,아스팔트
auxtor,작가
barbir,이발사
bugxet,예산
bulten,게시판
cikatr,흉터
cikoni,황새
cirkel,원
daktil,대추
dialog,대화
ego/ist##,이기주의자
eklezi,교회
emerit,은퇴
euxrop,유럽
fajenc,도기
fazeol,강낭콩
fontan,분수
formik,개미
formul,공식
fripon,사기꾼
furagx,사료
galosx,갈로슈
gvardi,경비
gxemel,쌍둥이
hangar,격납고
haring,청어
hazard,우연
hektar,헥타르
herold,전령
higien,위생
impuls,충동
insign,휘장
intest,장
jubile,축제
karton,카드
kasked,관
kavern,동굴
kirurg,외과의
klimat,기후
klinik,클리닉
kolegi,동료
kolomb,비둘기
kolumn,기둥
komedi,희극
konsul,영사
konval,은방울꽃
kornik,까마귀
kostum,의상
kredit,신용
kukurb,호박
kunikl,토끼
kurent,전류
lacert,도마뱀
licenc,면허증
maleol,발목
materi,물질
mirtel,월귤
monstr,괴물
oficir,장교
orator,연설자
papili,나비
pendol,진자
period,시기
persik,복숭아
pionir,개척자
planed,계획
platan,평평한
plural,복수형
profet,예언자
prolet,프롤레타리아트
pronom,대명사
reakci,반응
regxim,왕
rivolu,회전
ruband,리본
skorpi,전갈자리
spinac,시금치
stamen,수술
statur,키
surtut,외투
sxakal,자칼
sxauxm,거품
teknik,기술
testud,거북
torent,급류
trafik,교통
tumult,소란
turism,관광
turist,관광객
vertic,정점
viktim,희생자
violon,바이올린
vulkan,화산
vultur,독수리
abrikot,살구
akademi,학술
alfabet,알파벳
alumini,알루미늄
ambasad,대사관
anekdot,일화
apertur,개막
apostol,사도
asemble,모임
bagatel,하찮은 것
bakteri,박테리아
bandagx,갱단
bifstek,스테이크
budgxet,예산
burgxon,시민
central,중앙
cirkvit,회로
cxar/um##,이유
dimensi,차원
ekvator,적도
element,원소
epidemi,전염병
fantazi,환상
fenomen,현상
gelaten,젤라틴
general,일반적인
girland,화환
harmoni,조화
instanc,예시
invalid,장애인
kaldron,솥
kasxtan,현금
katalog,목록
kirurgi,수술
kolonel,대령
komisar,위원
kompani,회사
koncept,개념
konkord,화합
konkurs,경쟁
koridor,복도
kristal,수정
lantern,등불
latitud,위도
medicin,약품
mineral,광물
minimum,최저한도
ministr,장관
obstakl,장애
orkestr,오케스트라
pacifik,태평양
palpebr,눈꺼풀
pantofl,슬리퍼
paradiz,천국
paralel,평행선
plastik,플라스틱
portret,초상화
princip,원칙
program,프로그램
projekt,프로젝트
proverb,속담
provinc,도
rendevu,약속
sin/ten##,자신
situaci,상황
stadion,경기장
subjekt,주제
tehxnik,기술자
tendenc,경향
tinktur,팅크제
tradici,전통
tragedi,비극
traktat,조약
trumpet,트럼펫
uniform,제복
vegetal,채소
viadukt,고가교
volumen,부피
zoologi,동물학
atlantik,대서양
avantagx,이점
bracelet,팔찌
cirkuler,회람
dokument,문서
federaci,연합
generaci,세대
geografi,지리
gramatik,문법
gxendarm,헌병
horizont,수평선
individu,개인
kandidat,후보자
karnaval,카니발
kategori,단호히
komun/um##,공동체
krokodil,악어
longitud,길이
maksimum,최대치
marmelad,잼
monument,기념비
parasxut,낙하산
pasagxer,승객
pland/um##,계획
porcelan,도자기
procent,백분율
profesor,교수
radiator,냉각기
regiment,연대
rekt/angul##,직사각형
sandvicx,샌드위치
sindikat,노조
singular,단수
specimen,견본
spektakl,공연
substanc,물질
teritori,영토
vertikal,수직
ambasador,대사
auxstrali,호주
centimetr,센티미터
ekspozici,전시회
inspektor,검사관
kalkan/um##,발뒤꿈치
konfidenc,신뢰
lokomotiv,기관차
matematik,수학적
metalurgi,야금
ministeri,장관
najtingal,꾀꼬리
ortografi,철자법
parlament,의회
proletari,프롤레타리아트
propozici,제안
psikologi,심리학
suplement,보충
termometr,온도계
elektronik,전자
helikopter,헬리콥터
horizontal,수평
komplement,보충
konsekvenc,결과
konstituci,헌법
laboratori,실험실
leuxtenant,빛나다
mediterane,지중해
substantiv,명사
universitat,대학
s-ro##,선생님
s-ino##,여성
sinjor/in##,신사
alk,알칼리
aln,오리나무
ann,평화
bed,침대
boa,좋은
buf,담황색
cim,흔적
col,인치
dam,저주
dig,댐
duk,공작
fav,최애
fok,물개
fut,행운
gad,수호자
gam,단맛
gri,비명
guf,멍청이
huz,허스키
kan,능력
ken,동의
ker,이유
kil,킬로미터
kuf,커프스
kul,서늘함
kup,컵
laf,노예
lir,리라
lod,로드
lol,웃음
mac,사과
mel,꿀
mes,혼합
mev,갈매기
muf,장갑
muk,진흙
mul,노새
nap,낮잠
peg,못
pol,광택
pul,수영장
rap,랩
rif,참고
rod,막대
rot,부패
rub,쓰레기
rum,럼酒
rus,러시아어
seb,물개
sel,안장
tez,논문
tul,도구
ulm,느릅나무
uln,팔꿈치
unc,노스캐롤라이나대학
urn,항아리
vil,마을
abat,수도원장
acer,에이서
akar,도토리
alte,높이
alun,명반
amel,녹말
anas,오리
angl,영국
aniz,아니스
ankr,닻
arcx,아치
arde,열정적으로
aren,모래밭
atut,주패
avel,개암나무
aviz,알림
azot,질소
bast,지팡이
bert,백작
blat,바퀴벌레
bram,양털
bran,겨
burd,새
cedr,시더
citr,감귤
cxam,시험
cxan,산책
dogm,교리
drak,용
drog,약품
ebon,흑단
eter,에테르
fabl,우화
falk,매
fibr,섬유
flan,가장자리
flok,조각
flut,플루트
fraj,신선한
ftiz,결핵
gajl,게이
gips,석고
glan,귀두
glim,희미한 빛
graf,그래프
gril,그릴
gros,자라다
gurd,호리병박
ibis,이비스
idol,우상
kalk,계산
kand,양초
kard,카드
karo,사랑
kask,헬멧
kaze,만일
kegl,볼링
klap,판막
klav,열쇠
kluz,잠금
kojn,쐐기
koks,엉덩이
konk,농도
kren,믿음
krep,크레이프
krop,농작물
krup,크루프
lake,호수
laks,느슨함
legi,읽기
lent,사순절
lepr,나병
lian,연인
lien,연결
link,연결
liut,중위
lojt,빛
lorn,외로운
lumb,허리뼈
lutr,수달
magi,마법
mana,손의
mari,바다
mask,가면
masx,덩어리
mecx,메카
mejl,마일
ment,산
merl,검은새
mesi,혼란
mili,천
mirh,몰약
mirt,머틀
misi,놓치다
mops,걸레
most,최다
nicx,아무것도
omar,바닷가재
opal,오팔
ostr,굴
paru,짝
pecx,조각
pelv,골반
perk,퍼클로로에틸렌
pest,전염병
petr,페테르
pini,소나무
pips,점
plik,더하기
plot,음모
popl,팝 음악
pram,나룻배
sakr,신성한
salm,연어
sepi,울타리
sofi,소피
sorp,수프
spat,침
spin,척추
stab,직원
step,걸음
stip,줄기
stof,물건
stup,계단
sxak,체스
sxal,목도리
sxam,시험
taft,타프타
talp,점
tetr,사체
tibi,정강이
tili,끝
tine,나방
torf,토탄
trab,문제
tref,클로버
tril,떨림
trip,여행
trog,구유
tron,트론
truf,송로
trul,속임수
trut,송어
turd,똥
turk,터키
turt,거북
uter,자궁
uxat,우정
vafl,와플
vals,왈츠
vekt,벡터
zebr,얼룩말
altar,제단
ambos,둘 다
anton,안톤
ardez,슬레이트
argil,점토
aspid,독사
balen,고래뼈
barcx,바쿠스
boben,두루마리
brank,아가미
bubal,물소
bufed,뷔페
cejan,수집
dativ,여격
datur,데이터
demon,악마
denar,디나르
deviz,좌우명
domen,집
embri,배아
emili,에밀리
ermen,담비
ermit,은둔자
facet,면
fazan,꿩
femur,넓적다리뼈
filik,고사리
flegm,가래
fokus,초점
franc,프랑스어
frank,솔직함
fring,되새과
galon,혹
gazel,가젤
genot,유전자
georg,조지
gitar,기타
gland,샘
grosx,크기
hebre,히브리어
heder,담쟁이덩굴
herez,이단
herni,탈장
hirud,거머리
hosti,주최하다
husar,우사르
hxaos,혼돈
idili,전원시
johan,요한
jozef,요제프
kalik,잔
kambi,바꾸기
kamer,카메라
kanab,대마초
kanap,소파
kapel,예배당
kapon,머리
kapor,염소
kapot,외투
karas,사랑하는
karob,캐롭나무
katun,양모
kerub,케루빔
kiras,갑옷
klaft,힘
klosx,닫기
koaks,구슬림
koleg,동료
kolon,목
komiz,점원
komod,상품
konus,원뿔
kopek,코페이카
koran,마음
kramp,경련
kring,반지
krisp,바삭
krist,기독교
kupol,용광로
kvarc,석영
kvart,4분의1
lanug,솜털
lauxr,기준
libel,잠자리
liken,지의류
livre,책
logxi,살다
lupol,홉
lustr,샹들리에
luter,루터
medal,메달
meriz,공로
moned,동전
morus,과묵한
mosxt,괴물
negoc,거래
nobel,고귀함
novic,초보자
nuanc,뉘앙스
oblat,웨이퍼
okzal,혹시
orden,질서
orgen,기관
pagxi,지불
papav,양귀비
pariz,파리
pauxl,파울로
pavim,포장
pedik,이머虫
percx,경험
piked,화살촉
pilol,알약
pirit,황철석
pirol,피롤
piroz,열분해
pisxt,오줌
plusx,더많음
poent,점수
pokal,컵
polus,극
potas,할 수 있음
prujn,서리
pudel,푸들
pumik,부석
puncx,펀치
putor,컴퓨터
raben,라비
rapir,랩
regol,규칙
rezin,수지
rostr,연단
ruben,루비
safir,사파이어
salvi,저장
sigel,물개
silab,음절
silik,부싯돌
silur,메기
silvi,울다
sirop,시럽
skabi,딱지
skadr,편대
skarp,목도리
skvam,비늘
sorik,잔소리꾼
spion,스파이
spron,가지
stabl,안정된
sturg,철갑상어
sturn,회전
sxalm,사기
sxark,상어
sxelk,껍질
sxild,방패
sxind,수치
sxlim,슬림
taban,교대
tavol,층
tempi,시간
tetan,탑
tetra,넷
timon,두려움
topaz,토파즈
torcx,비틀기
tromb,혈전
tulip,튤립
ulcer,궤양
urtik,쐐기풀
vanil,바닐라
vasal,봉신
velen,돛단배
verst,서쪽
vezir,재상
vipur,독사
vokal,성악
zenit,천정
zibel,담비
zizel,다람쥐
absces,농양
absint,압생트
alcion,물총새
amfibi,양서류
ananas,파인애플
artrit,관절염
atripl,아트리플
berlin,베를린
bismut,비스무트
boraks,붕사
buljon,육수
bulonj,볼트
busxel,부셸
centim,센티미터
cikori,치커리
cimbal,심벌즈
cinabr,진사
cipres,사이프러스
cxarpi,그림
damask,양단
delfen,돌고래
didelf,주머니쥐
embusk,매복
epolet,견장
erinac,고슴도치
ernest,어니스트
eskadr,비행대
faktur,청구서
falbal,주름装饰
fantom,환영
faring,인두
fenkol,회향
ferdek,갑판
fistul,누공
flanel,플란넬
fosfor,인(P)
frangx,가장자리
furunk,종기
fusten,비단천
galeri,화랑
gamasx,범위
german,독일어
granat,석류석
granit,화강암
grenad,수류탄
grifel,연필
gxiraf,기린
haladz,악취
hamstr,햄스터
hispan,스페인
hximer,하늘
hxoler,학교
ingven,서혜부
izrael,이스라엘
jasmen,자스민
kalesx,운송
kalvin,칼뱅
kamfor,녹나무
kamlot,카멜롯
kanajl,악당
kanari,카나리아
kantor,선창자
kanvas,캔버스
kapsul,캡슐
kapucx,두건
kardel,홍방울새
karmin,카민
karpen,잉어
kastor,비버
kaviar,캐비아
kobalt,코발트
kobold,요정
kolbas,소시지
kolibr,벌새
kolimb,벌새
kolubr,뱀
komuni,소통
kontor,사무실
kontur,윤곽
kornic,선반
korpus,말뭉치
koturn,메추리
kraken,크라켄
kratag,산사나무
krater,분화구
kronik,만성적
kurier,가이드
lampir,반딧불이
laring,목구멍
lavang,라벤더
legend,전설
lekant,데이지
lentug,주근깨
levkoj,레브코이
likvor,술
litani,장황한 설명
london,런던
magnet,자성
makzel,턱
mangan,만화
markot,시장
marmor,대리석
marmot,마멋
mastik,퍼티
migdal,아몬드
miogal,근육
miozot,물망초
monahx,수도승
morbil,홍역
morter,모르타르
muskat,육두구
muslin,모슬린
mustel,족제비
nanken,남극
narcis,수선화
nikola,니콜라스
notari,기록하다
orakol,점괘
paletr,팔레트
panter,표범
parget,마루
parohx,교구
parter,동료
pastel,파스텔
patent,특허
patrol,순찰
pfenig,페니그
pistak,피스타치오
pistol,권총
plastr,플라스틱
platen,백금
ponard,단검
porfir,포르피리
porter,짐꾼
primol,앵초
prunel,자두나무
purpur,자주색
rekrut,모집
rempar,성벽
risort,봄
rosmar,로즈마리
rozari,묵주
rubrik,제목
safran,사프란
sambuk,딱총나무열매
sankci,제재
sardel,정어리
sceptr,홀
selakt,유청
servic,서비스
servut,노예
siring,라일락
skapol,견갑골
skarab,딱정벌레
skolop,지네
skurgx,재해
sofism,궤변
sopran,소프라노
spalir,박리
stefan,스테판
sufiks,접미사
sukcen,호박
sulfur,유황
talent,재능
tambur,북
tenden,경향
teodor,테오도르
termin,학기
testik,고환
timian,백리향
tombak,놋쇠
trahxe,길
tremol,떨림
tribun,포럼
tropik,열대
turban,터번
turkis,터키석
turnir,토너먼트
urogal,뇌조
variol,천연두
viburn,가막살나무
vikari,목사
vinagr,식초
vizier,재상
volupt,관능적
ablativ,탈격
antimon,안티몬
arleken,어릿광대
arsenik,비소
artifik,기교
asparag,아스파라거스
bajonet,총검
bastion,요새
beladon,아름다움
biskvit,비스킷
cxampan,샴페인
cxarnir,회전
diamant,다이아몬드
episkop,주교
esxafod,비계
fraksen,잿빛
frangol,갈매나무
fringel,되새과
genitiv,속격
henriet,앙리에트
hidrarg,수은
hiskiam,히스기야
histrik,호저
jugland,호두
juniper,노간주나무
kalikot,칼리코
kamizol,조끼
kamomil,카모마일
kapitan,선장
kapitel,수도
kapreol,노루
kapucen,두건
karaben,카빈
kartocx,카드
karusel,회전목마
kavalir,기사
klarnet,클라리넷
klister,관장
koklusx,백일해
kolofon,송진
kompres,압축
kurator,관리자
kvitanc,영수증
leontod,민들레
leopard,표범
limonad,레모네이드
lonicer,인동초
ludovik,루도비코
lunatik,미치광이
maroken,모로코의
marsxal,원수
meleagr,칠면조
membran,막
mihxael,마이클
monarhx,군주
mustard,겨자
negligx,무시
nikodem,니고데모
novjork,뉴욕
oksigen,산소
oksikok,크랜베리
parazit,기생충
pastecx,풀
pelikan,펠리컨
perdrik,자고
poligon,다각형
prefiks,접두사
redakci,편집
rinocer,코뿔소
salpetr,초석
sentenc,문장
skarlat,주홍색
skorbut,괴혈병
skrofol,나력
smerald,에메랄드
sterled,파운드
stertor,코골이
sxiller,시인
umbilik,배꼽
univers,우주
varsovi,바르샤바
verdigr,녹청
vertebr,척추
vespert,박쥐
vestibl,현관
vilhelm,빌헬름
virtuoz,거장
vitriol,비트리올
zingibr,생강
akcipitr,매
akuzativ,목적격
argument,논쟁
arhxaism,고어주의
artisxok,아티초크
baldaken,차양
briliant,빛남
diplomat,외교관
distrikt,구역
elizabet,엘리자베스
fragment,조각
framason,프리메이슨
frugileg,절약
hidrogen,수소
hortulan,정원사
institut,연구소
kantarid,칸타렐
kariofil,카네이션
kartilag,연골
katarakt,백내장
kocxenil,코치닐
kokcinel,무당벌레
konvulsi,경련
leksikon,사전
marcipan,마르지판
medalion,메달
monarhxi,군주
obstrukc,장애
paradoks,역설
parentez,괄호
particip,참여
pasament,장식끈
pastinak,파스닙
pergamen,양피지
peritone,복막
perlamot,진주
petromiz,칠성장어
petrosel,파슬리
ranunkol,미나리아재비
redaktor,편집자
rezultat,결과
rosmaren,로즈메리
sergxent,하사관
sublimat,승화
tacxment,부속기관
terebint,테레빈유
tornistr,배낭
zamenhof,자멘호프
aleksandr,알렉산드르
anunciaci,발표
balustrad,난간
cxambelan,집사
cxarlatan,돌팔이
deklinaci,거절
diplomati,외교
ekscelenc,각하
ekzempler,예시
entuziasm,열정
fortepian,피아노
galanteri,잡화점
ihxtiokol,고무
instituci,기관
instrukci,지시
kancelari,교장
kancelier,총장
kataplasm,찜질제
kondolenc,조의
konjugaci,활용
konjunkci,접속사
konsonant,자음
korporaci,기업
kvaranten,격리
nominativ,주격
pentekost,오순절
piedestal,받침대
prepozici,전치사
privilegi,특권
promontor,곶
salamandr,도롱뇽
testament,유언장
vermicxel,국수
interjekci,끼어들다
supersticx,미신
vasxington,워싱턴
violoncxel,첼로
arhxitektur,건축학
interpunkci,구두점
jork,요크
parok,교구
navig,항해
kaos,혼란
kimer,키메라
korus,합창단
monak,수도승
iktiokol,어유
ald,추가
alo,날개
api,API
ari,존재
bas,저음
car,차
dog,개
dok,문서
doz,졸음
ego,자아
elf,요정
etn,민족
faz,단계
fon,배경
fuk,행복
gaz,가스
gem,보석
hum,습관
jod,요오드
jud,유대인
kep,유지
lat,쥐
lob,로브
mim,자아
mit,MIT
muz,음악
nas,코(코)
nav,길잡이
niz,수녀
oaz,오아시스
opi,오피움
puf,푹신함
raj,왕자
ras,인종
ref,참고
rit,의식
rut,발정
sod,소다
tif,논쟁
tog,모자
viz,시각
agat,공연
agxi,행동
alen,들어감
ambr,호박색
amor,사랑
aort,대동맥
arom,향기
astm,천식
astr,별
azil,피난처
bard,시인
bomb,폭탄
bosk,숲
brom,브롬초
bust,파손
cend,센트
cidr,사과주
cirk,순환
dali,주기
dign,존엄
duel,결투
duet,이중창
ebur,상아
eden,에덴
egid,방패
erik,에리크
etik,윤리
etim,어원
fars,소극
fili,딸
fisk,재정
furi,분노
gnom,노움
grog,독주
gruz,자갈
gxin,그것
hidr,수소
hien,안녕
irid,홍채
iris,가다
istm,지협
jesu,예수
junk,쓰레기
kabl,케이블
kali,칼리
kame,거북
kast,던지기
klor,염소
kofr,금고
kolz,칼라
kont,연속
krab,게
kres,성장
kupe,쿠페
laik,아마추어
lama,절름발이
lanc,발사
lens,렌즈
lord,주인
malt,맥아
mani,손
medi,중재
milv,솔개
mitr,왕관
moru,표현
mosk,모스크
mumi,미라
naft,석유
negr,검정
nimb,비구름
norm,기준
obol,화폐 단위
ogiv,첨탑
orgi,축제
ozon,오존
penc,페니
pleb,평민
podi,전지剪枝
polk,연대
pomp,화려함
pore,모공
rabi,약탈
rism,리듬
romb,마름모
rubl,루블
sabr,사브르
sagu,화살
sald,균형
salv,구조
sekt,종파
sfer,영역
skem,계획
skol,학교
slip,미끄럼
sokl,받침대
sold,팔다
sole,단독
spad,검
sxah,샤흐
talk,말하기
teni,소유
tiar,이유
tink,딸랑
tors,몸통
tost,토스트
trop,과다
turb,터빈
ukaz,명령
ulan,붉은
uzur,찬탈
verv,활기
vink,윙크
visk,점액
vist,방문
vizi,꿈
zuav,주아브병사
abism,심연
adept,숙련자
afiks,접미사
afust,받침대
agraf,클립
akaci,아카시아
akciz,세금
aksel,축대
albin,백색증
alibi,알리바이
aline,선
alkov,벽감
amfor,항아리
angin,목병
angor,고뇌
anten,앞
apati,무관심
apoge,지지
arkad,아케이드
arkiv,기록
arnik,아르니카
atlas,지도책
atlet,운동선수
aviad,비행
balad,발라드
balet,발레
barak,오두막
baron,남작
basen,기초
beril,베릴
bibli,성경
bigot,편협한 사람
biret,베레모
bitum,역청
bivak,야영
brecx,형제
brocx,칼
bronk,기관지
cigan,집시
cikut,시쿠트
cxifr,암호
debat,토론
dekan,열 번째
dilem,딜레마
diluv,홍수
divan,디반
dolar,달러
drakm,드라크마
dukat,두캇
edikt,칙령
eklog,전원시
ekzem,예시
elegi,선거
elips,타원
elizi,생략
emfaz,강조
epope,서사시
fagot,바순
fakir,파키르
fatal,치명적
feuxd,불꽃
fiakr,마차
fiask,실패
final,최종
fjord,피오르드
forum,포럼
fresk,벽화
furor,분노
galer,갤러리
galop,질주
garol,다람쥐
goril,고릴라
hamak,해먹
harem,하렘
harpi,하프
helic,프로펠러
helik,달팽이
hisop,히솝
hoboj,부랑자
humer,상완골
idiom,관용구
idiot,바보
ileks,호랑가시나무
iluzi,환상
indiga,분노
jalap,잘랍
jud/ism##,판단
kabal,음모
kadet,생도
kalif,칼리프
kanon,대포
karat,캐럿
kazin,카지노
kinin,책임
kirsx,체리
kloak,하수도
kobaj,코바우족
kokon,닭
kolik,산통
kolos,목
komet,혜성
koral,합창단
korne,진부한 말
korol,왕
kozak,코삭
krabr,게
kreol,크리올
kript,암호화폐
kulis,막
kumin,커민
kvast,술
kvint,다섯째
lagun,호수
lapis,청금석
larik,낙엽송
later,나중에
lazur,하늘색
legat,독서
lirik,가사
madon,마돈
major,주요한
mamut,매머드
medol,골수
meduz,해파리
melas,멜라스
melis,오소리
miasm,독기
mimoz,미모사
mitul,조개
moske,모스크
motiv,동기
natri,나트륨
nikel,니켈
nimfe,애벌레
noktu,밤
nomad,유목민
novel,소설
nunci,발표
oksid,산화물
oktav,옥타브
oniks,오닉스
optik,광학
orbit,궤도
oriol,꾀꼬리
ovaci,환호
pagod,지불
panel,패널
panik,공황
paraf,서명
patos,고통
pedal,페달
pedel,사환
peoni,전당포
peruk,가발
pigme,난쟁이
pirat,해적
pivot,중심
polip,폴립
polis,경찰
pomad,연고
prior,이전
prism,프리즘
psalm,시편
raket,로켓
rebus,수수께끼
retin,레틴
retor,반박
rezed,레제다
ricin,피마자유
rokok,바위
rubus,덤불
rutin,일상
saliv,침
satan,만족
saten,하늘
seraf,세라핌
sifon,사이펀
sinap,겨자
sinod,시노드
siren,사이렌
skalp,두피
skerc,농담
skism,분열
sonat,소나타
sonet,소네트
spasm,경련
sperm,정자
splen,비장
stopl,마개
strof,연절
sutan,술탄
sxose,당류
sxpat,토요일
taler,탈러
tanin,타닌
tarok,타로牌
teism,유신론
teist,유신론자
templ,온도
tenor,테너
teror,테러
tindr,불꽃
tiran,폭군
tonel,통
trofe,과다증
trust,신뢰
tunik,튜닉
utopi,유토피아
vanel,날개
vinkt,고리
viper,독사
viski,위스키
zefir,산들바람
advent,도래
aksiom,공리
akvari,수조
algebr,대수학
alkemi,연금술
ambici,야망
amulet,부적
anagal,굴토끼
anarki,무정부
anatom,해부학자
ancxov,엔초비
anemon,영혼
anilin,아닐린
aplomb,침착
apolog,사과
arbust,덤불
arhxiv,아카이브
asesor,평가자
ateism,무신론
ateist,무신론자
auxkci,경매
balast,밸러스트
balkon,발코니
balzam,발삼
bandit,산적
barbar,야만인
barier,장애물
bateri,배터리
batist,바티스트
bazalt,현무암
beletr,문학
bilanc,균형
bilard,당구
binokl,쌍안경
biolog,생물학자
blazon,문장徽章
blokad,봉쇄
bordel,매춘굴
braman,브라만
brigad,여행단
buduar,부도아르
burnus,불타다
celeri,급히 가다
cidoni,모과
ciklon,태풍
ciklop,사이클롭스
dekret,법령
depesx,파견
despot,폭군
diabet,당뇨병
diadem,왕관
diakon,집사
diplom,졸업장
divizi,나누기
dragon,용
eklips,일식
eksces,과잉
ekstaz,황홀
ekvaci,방정식
emblem,상징
emulsi,유화
endivi,치커리
epilog,에필로그
epitet,별명
epizod,삽화
erupci,분출
eskort,호위
estrad,지도
etiket,꼬리표
euxnuk,환관
ezofag,식도
faktor,요소
falang,팔랑크스
fanfar,과시
feniks,불사조
feston,파티
feticx,페티시즘
fleksi,구부리다
floren,번영
format,형식
frakci,분수
fregat,호위함
galant,용감
gangli,신경절
genist,유전학자
geolog,지질학자
gerani,제라늄
gigant,거인
glazur,유약
glikoz,포도당
glukoz,포도당
gondol,곤돌라
grafit,흑연
gulden,굴덴
harpun,작살
hetman,헤트만
hipnot,최면
incens,향
indeks,목록
inflam,염증
jaguar,재규어
jezuit,예수회원
jxaket,재킷
kadavr,시체
kadenc,리듬
kalibr,구경
kameli,낙타
kantat,칸타타
kanton,노래
karbon,석탄
karcer,감옥
karier,경력
kariol,마차
katedr,강의실
kauxci,원인
kazern,병영
kokard,휘장
kolodi,충돌
koloni,식민지
kompas,나침반
kondor,콘도르
konjak,코냑
korife,지도자
kornet,콘셋
korsar,해적
korset,코르셋
korvet,코르벳
kotlet,커틀릿
kursiv,이탤릭체
laktuk,상추
lavend,라벤더
loteri,복권
lucern,자운영
maksim,최대치
malari,말라리아
marasm,쇠약
markiz,후작
martir,순교자
masagx,마사지
mazurk,마주르카
medium,중간
melodi,멜로디
mentor,멘토
merkat,시장
mespil,서양모과
meteor,유성
metrik,미터법
mikrob,미생물
mirakl,기적
miriad,무수함
molusk,연체동물
monark,군주
morfin,모르핀
mozaik,모자이크
munici,탄약
nektar,꿀물
orkide,난초
pacxul,평온
parodi,패러디
pavian,비비
pedant,학자
pepsin,펩신
petard,폭죽
piastr,피아스트르
pistil,절구공이
podagr,통풍
ponton,다리
portal,포털
portik,현관
prelat,주교
prelud,서막
premis,누르기
profan,모독
profil,윤곽
prolog,서막
puding,푸딩
pupitr,책상
pustul,농포
rabarb,대황
regent,섭정
rektor,교장
relief,안도
retort,반박
romanc,로망
rotond,원형
sandal,샌들
santal,백단향
sarong,사롱
satrap,총독
sektor,부문
septet,7중주
serajl,내실
sevrug,절제
sfinks,스핑크스
siluet,윤곽
simbol,상징
sinkop,실신
sintez,합성
skelet,뼈대
sofist,궤변가
spektr,스펙트럼
spiral,나선
sponde,보증
suflor,송풍기
sultan,술탄
sxalup,슬루프
sxankr,샹크르
sxarad,수수께끼
taksus,평가
taktik,전술
talmud,탈무드
tamtam,탐탐
tandem,연결
tapiok,타피오카
teolog,신학자
teorem,정리
terapi,치료
tercet,삼중창
termit,흰개미
tonsur,삭발
torped,어뢰
trapez,사다리꼴
tribut,기여
triumf,승리
turbin,터빈
unison,일치
uragan,태풍
vampir,흡혈귀
verand,베란다
vermut,베르무트
vinjet,삽화
zigzag,지그재그
zodiak,띠
admiral,제독
aerolit,운석
aforism,격언
agronom,농학
akrobat,곡예
akvarel,수채화
alegori,우화
alhxemi,연금술
almanak,연감
ambrozi,신의 음식
ametist,자수정
amnesti,사면
anagram,어구배열
analogi,유사성
anapest,아나페스트
anatomi,해부학
angelik,천사 같은
anomali,이상
antilop,영양
antipod,대척점
antitez,대조
apoteoz,신격화
apozici,동격
arabesk,아라베스크
arkaism,고어체
asonanc,음운유사
atavism,퇴화현상
atribut,속성
auxreol,도움
bankier,은행가
barikad,장애물
bariton,바라이트
bastard,개자식
bazilik,바실리스크
biograf,전기작가
biologi,생물학
bisturi,메스
bombast,호언장담
botanik,식물학
celuloz,셀룰로오스
ceramik,도자기
cilindr,원기둥
cistern,저수지
citadel,요새
cxevron,갈매기
demagog,선동가
diagnoz,진단
dialekt,방언
diametr,지름
difteri,디프테리아
diftong,이중모음
dinamik,역동적
dinamit,다이너마이트
dinasti,왕조
doktrin,교리
ekspres,표현
eliksir,영약
eminenc,명성
epiderm,표피
epifani,깨달음
epigraf,비문
epigram,경구
erudici,학식
estetik,미학적
etim/olog##,어원
etiolog,병인학자
evoluci,진화
farmaci,약품
filolog,문헌학
filozof,철학자
fonetik,음성학
fronton,정면
gangren,괴저
gardeni,정원
gencian,용담
geodezi,측량
geograf,지리학자
geologi,지질학자
geometr,기하학
gerundi,동명사
gilotin,단두대
gimnast,체조선수
gimnazi,체육관
guberni,통치
hiacint,히아신스
hipotek,저당
hipotez,가설
histeri,히스테리
homonim,동음이의어
hxirurg,외과의
judaism,유대교
jxargon,전문용어
kalomel,칼로멜
kanaben,대마초
kanibal,식인자
kanonik,정통
kaporal,하사
karamel,카라멜
karavan,카라반
kartusx,카르투스
katolik,가톨릭
kazemat,포대
komplot,음모
koncesi,허가하다
kontakt,접촉
korsajx,코르셋
kreozot,크레오소트
kriteri,기준
kvadril,사각형
kvestor,회계관
letargi,무기력
liturgi,예배식
lozangx,마름모
lumbrik,지렁이
mahagon,마호가니
majolik,마욜리카
makadam,자갈
makaron,마카로니
malakit,말라카이트
mansard,맨사드
margxen,이윤
matador,투우사
mekanik,기계적
merlang,명태
metafor,은유
minaret,첨탑
mirabel,미라벨 자두
molekul,분자
monarki,군주제
monolog,독백
monopol,독점
nikotin,니코틴
obelisk,오벨리스크
oleandr,협죽도
oligark,과두제
omnibus,합승차
onobrik,명예
optativ,선택적
pacient,환자
palinur,바닷가재
pamflet,팸플릿
panoram,전경
papirus,파피루스
parabol,우화
parafin,파라핀
paskvil,풍자문
pasxtel,파스텔
patolog,병리학자
patrici,귀족
patriot,애국자
pedagog,교육자
pelerin,순례
pension,연금
percept,지각력
pilastr,필라스터
piramid,피라미드
plagiat,표절
plantag,질경이
polemik,논쟁
prefekt,장관
procesi,처리하다
prognoz,예후
prozodi,운율
puritan,청교도
retorik,수사학
revizor,감사
samovar,사모바르
sarkasm,풍자
segment,부분
sekreci,분비
semafor,신호기
serenad,세레나데
sifilis,매독
simetri,대칭
simfoni,교향곡
simptom,증상
sinagog,시나고그
sinedri,의회
sinonim,유의어
sintaks,통사론
skandal,스캔들
skrupul,양심적
stearin,스테아린酸
sugesti,제안
sxiling,실링
taburet,의자
tangent,접선
teokrat,신정가
teologi,신학
trombon,트롬본
ultimat,최후통첩
uvertur,서곡
variant,변형
vazelin,바셀린
verdikt,평결
veteran,베테랑
vokativ,호격
abnegaci,포기
adjutant,부관
aeroplan,비행기
agronomi,농학자
akvafort,에칭
akvilegi,희석
alabastr,설화석고
aligator,악어
ambulanc,구급차
antipati,혐오
antologi,선집
apostrof,아포스트로프
arbalest,쇠뇌
areometr,비중계
arkeolog,고고학자
arkitekt,건축가
artileri,포병
astrolog,점성가
astronom,천문학자
atmosfer,분위기
auxdienc,청중
balistik,탄도학
balzamin,발삼
banderol,깃발
barelief,부조
batalion,전쟁
bazilisk,바실리스크
biografi,전기
ceremoni,의식
dekadenc,퇴폐
delegaci,대표단
demagogi,선동가
demokrat,민주적
diafragm,횡격막
diagonal,대각선
diapazon,음차
didaktik,교훈적
difterit,디프테리아
diktator,독재자
discxipl,제자
dispepsi,소화불량
ditiramb,디티람브
dromedar,단봉낙타
ekstrakt,추출물
epilepsi,간질
erizipel,단독
etimologi##,어원학
etiologi,병인학
etnograf,민족지학자
evangeli,복음
faksimil,복사본
fakultat,학부
felieton,연재물
feminism,페미니즘
feminist,페미니스트
filologi,문헌학
filozofi,철학하다
fiziolog,생리학자
fonograf,축음기
galantin,용감한
garnitur,장식
garnizon,주둔군
genealog,족보
geometri,기하학
glicerin,글리세린
gliciriz,감초
grafolog,필적학자
gramofon,축음기
gutaperk,구타페르카
halebard,미늘창
harmonik,화음
hegemoni,패권
hekatomb,대량학살
hierarki,계급제
hipodrom,경마장
honorari,명예
horoskop,별자리운세
hortensi,수국
hxirurgi,외과
idiotism,백치
imperial,제국의
indigxen,분노
inkognit,익명
intervju,면접
kalendul,금잔화
kardinal,추기경
katafalk,영구차
katakomb,지하묘지
katedral,대성당
katekist,교리교사
kavaleri,기병
komandit,지휘관
konfekci,화장품
konflikt,충돌
kontralt,콘트랄토
kontrast,대조
konvenci,설득
kosmetik,화장품
kreditor,채권자
ksilofon,실로폰
kvocient,몫
labirint,미로
lauxreat,수상자
logaritm,로그
logogrif,수수께끼
makaroni,마카로니
mandaren,만다린
mandolin,만돌린
manifest,나타남
manometr,압력계
margarin,마가린
marionet,마리오네트
mauxzole,모크시졸
mekanism,기계장치
melodram,멜로드라마
meridian,자오선
metronom,메트로놈
metropol,대도시
mikrofon,마이크
miniatur,미니어처
monogram,모노그램
monomani,편집증
naftalin,나프탈렌
narkotik,마취제
navigaci,항해
nekrolog,부고
nepotism,족벌주의
nihilism,허무주의
nihilist,허무주의자
nostalgi,향수
numismat,화폐
obligaci,의무
oligarhx,과두제
oligarki,과두제
optimism,낙관
optimist,낙천가
organism,유기체
orografi,지형학
pacifism,평화주의
pacifist,평화주의자
palanken,가마
panteism,범신론
panteist,범신론자
pantomim,팬터마임
paradigm,전형
parafraz,부연
paragraf,단락
partitur,악보
patologi,병리
pedagogi,교육자
perimetr,둘레
peristil,주랑
pesimism,비관주의
pesimist,비관자
pleonasm,중복어
poliglot,다언어 사용자
preterit,과거
procedur,절차
projekci,투영
proporci,비율
prospekt,안내서
protokol,의정서
prototip,원형
prozelit,개종자
psikolog,심리학자
referenc,참고
renesanc,르네상스
reputaci,평판
revelaci,계시
revolver,리볼버
rojalist,왕당파
sacerdot,사제
sakristi,성물관리자
sarkofag,석관
seminari,세미나
sensaci,센세이션
sfinkter,괄약근
silogism,삼단논법
solecism,문법 오류
stipendi,장학금
strategi,전략
subvenci,보조금
talisman,부적
tamburin,탬버린
tarantel,타란툴라
tarantul,타란툴라
teleskop,망원경
teokrati,신정가
tipograf,조판사
topograf,지형학자
toreador,투우사
transept,횡단랑
tuberkul,결핵
amfiteatr,원형극장
apopleksi,뇌졸중
arbitraci,중재
arhxeolog,고고학자
arhxitekt,건축가
aritmetik,산수
arkeologi,고고학
arkipelag,군도
astrologi,점성가
astronomi,천문학자
auxditori,청취
auxtograf,녹음기
auxtokrat,독재자
deklaraci,선언
demokrati,민주화
dialektik,변증법
disciplin,규율
disenteri,이질
entomolog,곤충학자
etnografi,민족지학자
filantrop,자선가
fiziologi,생리학
fizionomi,용모
fotografi,사진촬영
genealogi,족보
gladiator,검투사
grafologi,필적학
harmonium,하모니움
heksametr,육음보
heliotrop,혈석
hidrofobi,소수성
hieroglif,상형문자
higrometr,습도계
hipopotam,하마
homeopati,동종요법
ideografi,표의문자
imperativ,명령형
imperfekt,불완전
impresari,감명
indikativ,지시적
infanteri,보병
infinitiv,부정사
inkvizici,심문
intendant,관리자
kabriolet,오픈카
kandelabr,촛대
karikatur,풍자화
kartograf,지도제작자
kastanjet,캐스터네츠
katalepsi,강직증
katastrof,재난
katehxist,선교사
kompromis,타협
konduktor,전도체
konkurenc,경쟁
kontinent,대륙
kontrabas,콘트라베이스
konvolvul,메꽃
kosmogoni,우주기원론
kosmograf,우주학자
krizantem,국화
kronologi,연대기
kronometr,크로노미터
krucifiks,십자가
kvadratur,제곱화
litografi,리소그래피
lokomobil,기관차
melankoli,우울
metafizik,형이상학
mikrometr,마이크로미터
mikroskop,현미경
mineralog,광물학
monoteism,일신론
neologism,신조어
oligarhxi,과두제
ornitolog,조류학자
ostracism,추방
paleograf,고문자
palisandr,자단
paroksism,발작
pentametr,오음보
plutokrat,재벌
politeism,다신교
providenc,섭리
pulcxinel,광대
purgatori,연옥
recitativ,레치타티보
reformaci,개혁
rekrement,휴양
repertuar,레퍼토리
rezignaci,사직
sakrament,성례전
sekundant,세컨드
skarlatin,홍역
skolastik,스콜라적
somnambul,몽유병
sortiment,종류
spekulaci,추측하다
spiritism,심령술
spiritist,심령술사
stalagmit,종유석
stalaktit,종유석
statistik,통계
sxovinism,쇼비니즘
sxovinist,쇼비니스트
tipografi,타자기
topografi,지형
velociped,외바퀴
veterinar,수의사
vivisekci,생체해부
abiturient,졸업생
alternativ,대안
anakronism,시대착오
antropolog,인류학자
arhxeologi,고고학
arhxipelag,군도
aristokrat,귀족
arkitektur,건축학
auxtokrati,독재
beletristik,문예학
bibliograf,서지
civilizaci,문명
dinamometr,측정기
ekskrement,배설물
entomologi,곤충학
euxkaristi,성찬식
filantropi,자선
hipertrofi,비대
ingredienc,재료
inkvizitor,심문관
kartografi,지도제작
koeficient,계수
kompliment,칭찬
kongregaci,모임
konsistori,구성하다
kontraband,밀수품
kontribuci,기여
kosmografi,우주론
kosmopolit,대도시
krestomati,정점
kvintesenc,정수
manufaktur,제조업
manuskript,원고
metamorfoz,변태
meteorolog,기상학자
mineralogi,광물학
naturalism,자연주의
numismatik,화폐학
ornitologi,조류학자
paleografi,고문자학
perspektiv,관점
plutokrati,금권정치
pneuxmatik,공기압
prerogativ,특권
pseuxdonim,필명
stenografi,속기
subjunktiv,가정법
superlativ,최상급
tuberkuloz,결핵
admiralitat,해군성
antropologi,인류학자
aristokrati,귀족
bibliografi,서지학
cirkumfleks,곡절표
demonstraci,시위
departement,부서
enciklopedi,백과사전
hermafrodit,자웅동체
hidrostatik,정수압
hidroterapi,수치료
imperialism,제국주의
inauxguraci,취임
kalejdoskop,만화경
kondicional,조건식
konfederaci,연합
konglomerat,복합기업
kontrapunkt,대위법
manifestaci,시위
metempsikoz,환생
meteorologi,기상학자
observatori,천문대
paleontolog,고생물학자
pleuxronekt,연결
protagonist,주인공
protektorat,보호국
pseuxd,별명
racionalism,합리주의
racionalist,합리주의자
reuxmatism,류머티즘
temperament,기질
tragikomedi,비극희극
administraci,관리
demonstrativ,지시형
konservatori,보존하다
paleontologi,고생물학
paralelogram,평행사변형
spiritualism,심령술
spiritualist,심령술사
trigonometri,삼각법
auxtobiografi,자서전
t.e.,약어
k.t.p.,등등
kiom,얼마나
kiom##,얼마나
kiom##,얼마나
dum,동안
dum##,동안
gxis,까지
gxis##,까지
anstataux,대신에
anstataux##,대신에
kiu##,어떤
kiu,누구
tiu##,그것
tiu##,그것
cxiu,모든
cxiu##,모두
neniu,아무도
neniu##,아무도
ambaux,둘 다
ambaux##,둘다
tiu cxi##,이##
tiu cxi##,이것
fiks,고정된
fiks##,고정하다
fals,거짓된
fals##,거짓된
cxu##,혹시
cxu,모든
kial,왜
kial##,왜
kiel,처럼
kiel##,어떻게
tamen,그러나
tamen##,그러나
apenaux,거의
apenaux##,거의
kvazaux,마치
kvazaux##,마치
cxirkaux,대략
cxirkaux##,대략
precip##,비##
precip,주로
tut,전부
tut##,전부
rest##,휴식
rest,휴식
cxiel,모든면에서
cxiel##,모든면
interes,흥미
interes##,흥미
lig,잇다
lig##,연결
rul,말다
rul##,두루마리
arm##,무장하다
arm,무기
fos,파다
fos##,파다
plant,식물
plant##,식물
orient##,동쪽
orient,동쪽
fald,접다
fald##,접기
kaj,그리고
kaj##,그리고
amas,사랑
amas##,사랑
kopi,복사하다
kopi##,복사
fotograf,사진찍다
fotograf##,사진사
cxar,때문에
cxar##,때문에
fikci##,허구의
fikci,소설
nul,영
nul##,영
klar##,명백
klar,맑은
artikol,기사
artikol##,기사
auxgust,8월
auxgust##,팔월
por,위해
por##,위해
opozici,반대하다
opozici##,반대
fot,사진
vibr,진동하다
oscil,진동하다
fluktu,변동하다
indigo,분노
ad,계속
ad,계속
ag,행동하다
al,~에
am,사랑하다
an,적인
ar,무리
as,현재시제
at,상태
av,새벽
bo,의붓
ci,너희
da,의해서
de,~의
di,신이다
Di,신
do,자주
du,둘
ec,성질
eg,크게
ej,장소
ek,시작
el,에서
em,시도하다
en,안에
er,사람
et,작은
fe,요금
fi,감탄사
fi,악한
ge,함께
ha,감탄사
he,감탄사
ho,감탄사
ia,의존적
id,같은
ie,어디에
ig,하게 하다
il,기구
in,여성
io,무엇
ir,가다
is,-적
it,성질
iu,어떤
iu,어떤
ja,이미
je,에
ju,언제나
ke,라고
l',관
la,관
li,그男
lu,씻다
mi,나
ne,아니
ni,나
nj,여성
nu,지금
od,냄새
ok,숫자
ol,또는
on,소형
op,방법
or,구강
os,할 것
ot,-성질
ov,알
pi,경건한
po,마다
re,다시
se,만약
si,자기
te,차(茶)
uj,나라
ul,사람
um,상태
ur,도시
us,할 텐데
uz,사용하다
ve,감탄사
vi,너희
