adiaux,再见
bis,安可
hura,欢呼
uxa,哇！
kia,什么样
tia,那样
cxia,全
kies,谁的
nenia,无任何
ali,另
alt,高
bel,美丽
bon,好
jun,年轻
nov,新
sam,同一
fort,强壮
grav,重要
kelk,一些
last,最后
long,长
mult,多量
plen,满的
ricx,富裕
rugx,红色
facil,容易
grand,大
liber,自由
rapid,快
felicx,幸福
proksim,近
fru,早
pur,纯洁
sol,独自
ver,真
cert,确定
nigr,黑色
varm,暖
afabl,和气
blank,白
dolcx,甜美
neces,必要
propr,特有
simpl,简单
dekstr,右边
kuragx,勇敢
trankvil,宁静
blu,蓝
dik,粗
gaj,喜悦
hel,亮
kar,亲爱的
lac,累
san,健康
sat,饱
just,公正
prav,正当
pret,准备好
util,有用
verd,绿
apart,单独的
atent,注意
fremd,外国
gxust,正确
komun,共同
largx,宽广
agrabl,愉快
divers,多样
intern,内在的
suficx,足够
kontent,满意
profund,深刻
mol,软
pez,重
sek,干燥
brun,褐色
egal,平等
flav,黄色
griz,灰色
kulp,有罪
lert,灵巧
rekt,直达
sagx,聪明
vast,宽广
ceter,其余
fresx,新鲜
simil,相似
kapabl,能干的
serioz,严肃
efektiv,实际
ordinar,普通
akr,锐
fam,著名
ies,某人的
avar,贪婪
dens,浓密
eben,平整
fier,骄傲
firm,坚固
nepr,必然
plat,扁平
plur,多
surd,聋
vigl,活跃
fidel,忠实
kviet,静
matur,成熟
sankt,神圣
spert,经验
subit,突然
tauxg,合格
honest,诚实
konven,合适
plur,多种
preciz,精确
strang,奇怪
delikat,精美
gxentil,彬彬
komfort,舒适
pacienc,耐心
special,特别
gxeneral,全体的
konstant,恒定
lam,跛
mut,哑
nud,裸
pal,苍白
ruz,狡猾
van,徒劳
acid,酸的
glat,平滑
kler,有文化
krud,粗糙
mild,温和
abund,丰富
blind,盲目
blond,金黄
cxarm,迷人
etern,永恒
favor,偏爱的
graci,优雅
humil,谦逊
lauxt,响亮
sever,严厉
stult,愚笨
fortik,坚固
frenez,疯狂
kurioz,稀奇
privat,私人的
sincer,真诚
evident,显然
oportun,便利
prudent,明智
sci/vol##,
diligent,勤奋
proksim/um##,
ard,白热
avid,渴望
brav,英勇
ebri,醉
krut,陡峭
naiv,天真
nobl,高贵
sobr,清醒
humid,湿润
ident,相同
komik,滑稽
kripl,残疾
kruel,残忍
moder,适中
sagac,精明
seren,宁静
sprit,灵巧
akurat,准时
fervor,热情
inklin,倾向
jxaluz,嫉妒
kapric,任性
modern,现代
modest,谦虚
nenies,無主的
normal,正常
sovagx,野生
ekstrem,极端
elegant,优雅
eminent,杰出
komplet,全备
oficial,官方
perfekt,完美
probabl,可能
reciprok,相互
indiferent,冷漠
inteligent,聪明
amar,苦涩
imun,免疫
real,现实
ties,那些人的
unik,唯一
vant,无用
virg,处女的
aktiv,积极的
civil,市民的
cxies,每人
elast,弹性的
human,人道
intim,亲密
kaduk,破旧
koket,卖弄
lojal,忠诚
malic,恶意
mir/ind##,
rauxk,嘶哑声
rigid,僵硬
sekur,安全
solen,庄严
tener,温柔
valid,有效
abrupt,突如其来
absurd,荒谬
aktual,现实
arbitr,专横
auxdac,大胆
ekzakt,精确
furioz,狂暴
graved,怀孕
klasik,古典的
majest,威严
nervoz,神经质
oblikv,斜
obstin,固执
plen/agx##,
social,社会的
subtil,细腻
tragik,悲剧
absolut,绝对
kontant,现金
popular,流行
relativ,相对的
sin/don##,
solidar,团结
vegetar,素食
familiar,熟悉
grandioz,宏伟
kolektiv,集体的
sin/gard##,
kompetent,能干
universal,通用
kvit,清账
miop,近视
punc,罂粟色
ranc,酸败
cxast,貞洁
ekstr,特别
masiv,沉重
antikv,古代
arogant,傲慢
konform,适合
trivial,琐碎
elokvent,雄辩
kriminal,刑事
predikat,谓语
akut,锐角
dual,双重
hirt,竖毛
kalv,秃
banal,平凡
cinik,愤世嫉俗
gotik,哥特式
inert,惰性
obtuz,钝
okult,神秘术
pasiv,被动
rigor,严格
stoik,斯多亚
analog,类似
anonim,匿名
arkaik,古风
diafan,半透明
efemer,短暂
erotik,情色
fiktiv,虚构
formal,正式的
frivol,轻浮
intens,强烈
invers,逆
konciz,简洁
konkav,凹
mistik,神秘
neuxtr,中性
vulgar,通俗
akcesor,配件
apokrif,伪作
arhxaik,古代的
burlesk,滑稽
decimal,十进制
diskret,谨慎
fanatik,狂信
grotesk,怪诞
konkret,具体
kontinu,连续
liberal,自由主义
monoton,单调
negativ,消极
nominal,名义
pozitiv,积极
radikal,激进
skeptik,怀疑
solvent,偿付
abstrakt,抽象
auxtonom,自治
eventual,可能
inkluziv,含
neuxtral,中立
objektiv,客观
ortodoks,正统
primitiv,原始
provizor,临时
racional,有理
romantik,浪漫
sinoptik,概览用
spontane,自发
auxtentik,真实
definitiv,最终决定
ekskluziv,排他
korelativ,相关的
respektiv,各自的
subjektiv,主观的
transitiv,及物
spekulativ,思辨
impertinent,厚颜无耻
konservativ,保守派
sentimental,感伤
dek,十
mil,千
sep,七
ses,六
tri,三
unu,一
cent,百
kvar,四
kvin,五
naux,九
aux,或
nek,也不
sed,但
kvankam,虽然
plus,加
minus,减负
cxe,在
kun,共に
per,用
pri,关于
pro,因
sen,无
sub,下
sur,上面
tra,通过
apud,旁边
krom,除
laux,沿着
post,后
inter,之间
super,上方
trans,对面
antaux,前
ekster,外
preter,经过
kontraux,反对
malgraux,尽管
gxi,它
ili,它们
kio,什么
oni,人们
sxi,她
tio,那
cxio,一切
nenio,无物
tio cxi##,
dis,散
mal,反
cxef,主
eks,前
mis,错
pra,原始
dev,必需
dir,说
don,给
est,是
far,做
fin,完结
hav,持有
kon,知晓
leg,读
lev,举起
met,放置
mov,动
pet,请
pov,能
rid,笑
sci,知晓
sid,坐着
ten,握
ven,来
vid,看
viv,活着
vol,愿意
gxoj,喜悦
help,帮
kred,信
lern,学
logx,住
mort,死
okaz,发生
port,携带
pren,取
sekv,跟随
send,寄送
star,站立
dezir,愿
labor,工作
milit,战争
montr,显示
parol,说话
ricev,收取
skrib,写
sxajn,似乎
vetur,行驶
demand,问
komenc,开始
kompren,懂
respond,答复
bat,打
fal,落下
kri,喊
kur,跑
las,放弃
lum,发光
mir,惊奇
pag,付钱
pas,通過
reg,治政
son,声
tim,怕
tir,拉
auxd,听
brul,燃烧
dank,谢
dorm,睡觉
ferm,关
flug,飞翔
halt,停
jxet,扔
kant,唱
kost,成本
mank,缺
nask,生育
okup,占据
pens,想
perd,失去
prem,压制
prov,试
sent,感
turn,转动
acxet,买
atend,等
bezon,需
kresk,成长
mangx,吃
memor,记忆
sercx,找
trink,喝
konsil,劝告
permes,准许
postul,求
rakont,讲述
rigard,看
rimark,察觉
sxangx,换
vojagx,旅行
konstru,建造
prezent,展示
renkont,遇见
bru,吵闹
dub,疑
lav,洗
lud,玩
pen,努力
vek,唤醒
vok,呼唤
aper,现身
bril,闪耀
erar,错
fest,庆祝
frap,敲打
gajn,赢得
kapt,捕捉
kasx,藏
kovr,盖
kuir,煮
kusx,躺
pasx,步行
plor,哭
romp,破坏
salt,跳跃
serv,服务
tusx,触碰
vend,卖
zorg,照顾
batal,战斗
elekt,选举
esper,希望
koler,怒
mezur,测量
opini,认为
ordon,命令
plend,抱怨
ripoz,休息
salut,致敬
sufer,痛苦
akcept,接收
forges,忘
kalkul,算
komerc,经商
konduk,引领
pardon,原谅
silent,沉默
trancx,切
konsent,同意
auxskult,聆听
ban,洗澡
flu,流动
kre,创
mok,嘲笑
amuz,逗笑
cxes,停
efik,有效
gard,守护
jugx,审判
klin,倾斜
pend,挂着
pusx,推
spir,吸气
stud,研究
sxat,喜欢
tond,剪毛
traf,中
ating,达
decid,决定
estim,尊敬
invit,邀
kurac,治病
marsx,行进
placx,喜欢
ripet,重复
sxlos,锁
sxtel,偷
vizit,访
arangx,安排
ekzist,在
instru,教
intenc,意图
kompat,怜悯
prefer,更喜欢
prepar,准备
promen,散步
promes,许诺
sukces,成功
konserv,保存
bol,沸腾
kis,亲吻
obe,服从
paf,射击
pel,驱
pik,刺
pun,罚
sav,救助
tus,咳嗽
akir,得
apog,支撑
atak,攻击
bala,扫
blov,吹
cxas,狩猎
danc,舞蹈
eduk,教育
evit,避
fleg,护理
glit,滑
gvid,引导
gxen,妨碍
hejt,烧火
hont,羞愧
imag,想象
imit,仿效
komb,梳理
mend,预定
miks,混合
nagx,游泳
plug,耕种
pres,印刷
soif,渴
spez,支出
sxir,撕裂
trem,颤抖
trov,找
venk,胜
visx,擦
volv,缠绕
anonc,公告
aprob,赞同
avert,警告
merit,应得
minac,威胁
pentr,绘画
posed,拥有
pregx,祈祷
rifuz,拒绝
rilat,关系
ripar,修理
skrap,刮削
sxerc,戏弄
tromp,骗
defend,防卫
desegn,描绘
esting,扑灭
inform,通知
kompar,比较
kondut,行为
konfes,承认
konsci,意识
kultur,耕种
mensog,撒谎
rezult,结果
rikolt,收割
strecx,拉紧
sxovel,铲
akompan,陪伴
aparten,属
bedauxr,惋惜
konsist,组成
organiz,组织
progres,进步
respekt,尊重
riprocx,责备
diferenc,不同
rekomend,推荐
korespond,通信
enu,厌倦
fid,信任
gxu,享
hak,砍
log,引诱
pek,犯罪
pes,称重
raz,剃
dron,淹
fajf,吹哨
fand,熔化
farm,佃种
fart,起居健康
frot,擦
gxem,呻吟
krev,裂开
kudr,缝
mord,咬
muel,磨粉
nutr,养育
odor,气味
rajd,骑
solv,解決
taks,估计
teks,织
tent,诱惑
urgx,紧急
babil,聊
detru,毁坏
difin,定义
distr,分心
diven,看穿
divid,分割
etend,伸展
evolu,进化
forgx,锻造
frand,享用
grimp,攀登
hezit,犹豫
krocx,钩住
lauxd,赞扬
mason,砌筑
ofert,供给
ornam,装饰
petol,淘气
songx,梦见
stern,展开
supoz,假设
sxirm,遮挡
sxpar,节约
sxtop,堵塞
sxuld,欠债
sxvel,肿胀
toler,容忍
versx,倒
aspekt,显得
dauxr/ig##,
difekt,损坏
diskut,讨论
domagx,吝惜
ekscit,激发
ekzerc,练习
esplor,探索
esprim,表达
konsol,慰
murmur,低语
prezid,主席
signif,意
skulpt,雕刻
traduk,译
ekskurs,郊游
ekzamen,考试
komunik,传达
koncern,涉及
konstat,确认
protekt,保护
protest,抗议
renvers,翻转
surpriz,惊讶
konsider,考虑
persekut,迫害
reprezent,代表
bak,烤
ben,祝福
boj,吠叫
bor,钻孔
ced,让步
cit,引用
lek,舔
rab,抢夺
rav,陶醉
rem,划船
rev,幻想
seg,锯开
sku,摇动
ted,烦扰
teg,包裹
abon,订阅
dung,雇用
envi,羡慕
flar,闻
fond,创办
frit,煎
friz,卷发
gest,示意
glad,高兴
glut,吞咽
jxur,誓
kned,揉面
macx,咀嚼
melk,挤奶
migr,迁徙
munt,装配
ofer,献祭
pent,悔悟
pruv,证实
pump,泵吸
putr,腐烂
ramp,爬行
risk,冒险
ronk,鼾
rost,烤
sven,昏倒
sxov,推
sxut,撒
tajl,裁剪
tord,扭曲
tren,拖拽
vari,变动
velk,枯萎
adici,加
admir,崇敬
admon,劝告
adopt,收养
akcel,加速
atest,证实
cxerp,汲取
degel,融化
deleg,代表
fleks,弯曲
flirt,飘扬
hered,继承
influ,影响
kares,抚摸
medit,冥想
nauxz,恶心
osced,呵欠
pasxt,牧放
pauxz,暂停
pincx,捏
plekt,编织
regal,招待
ribel,反叛
sopir,想念
sorcx,施魔法
strik,罢工
sufok,窒息
sving,挥
sxarg,装填
sxmir,涂抹
trakt,商谈
tremp,浸
afrank,贴邮票
asekur,保险
balanc,平衡
barakt,挣扎
dedicx,献身
deklar,宣布
destin,注定
disput,争论
escept,排除
festen,宴会
frakas,粉碎
gratul,祝贺
ilustr,插图
import,进口
insist,坚持
instal,安装
instig,激励
insult,侮辱
komand,指挥
komisi,委托
konfid,信任
konfit,蜜饯
konfuz,混乱
konkur,竞赛
kritik,批评
observ,观察
penetr,进入
perfid,背叛
proced,进行
raport,报告
reklam,广告
rezign,放弃
rezist,抗拒
rifugx,避难
brak/um##,
civiliz,文明
cxagren,烦恼
de/pend##,
disting,区分
eksplod,爆炸
garanti,保证
komplez,讨好
kondamn,判罪
konfirm,确认
konjekt,猜测
konklud,结论
kontrol,核对
konvink,信服
operaci,手术
plen/um##,
pretend,声称
suspekt,怀疑
turment,折磨
distribu,分配
fanfaron,吹牛
kontrakt,合同
mastr/um##,
prokrast,拖延
administr,管理
el/turn/igx##,
entrepren,从事
dec,适宜
juk,痒
lul,摇晃
vad,涉水
vag,流浪
vet,赌
vom,呕吐
zum,嗡嗡叫
ador,崇拜
agit,煽动
akuz,控告
alud,暗示
bapt,洗礼
bind,装订
blek,嘶叫
bred,饲养
bucx,屠杀
cxif,皱褶
dikt,口述
dres,驯服
ekip,配备
est/ig##,
fast,斋戒
flat,奉承
flik,补缀
fugx,逃跑
fusx,搞砸
garn,装饰
grat,抓
hav/ig##,
izol,隔离
jung,套住
lukt,搏斗
mugx,吼叫
opon,反对
palp,摸索
pekl,腌
pere,灭亡
pli/ig##,
sark,除草
sekc,截断
sorb,吸收
spit,蔑视
sucx,吸
svat,媒介
tajp,打字
tern,喷嚏
tikl,搔痒
tint,叮当
trik,编织
trud,强加
vart,养育
adapt,适应
aplik,应用
asert,断言
asist,协助
balot,投票
cxe/est##,
delir,谵妄
depon,存放
deput,代表
enket,调查
eskap,逃脱
falcx,割
flagr,闪烁
for/est##,
grinc,吱吱叫
ignor,无视
impet,冲刺
incit,惹怒
indik,指示
insid,陷害
inund,泛滥
kracx,吐痰
liver,交付
menci,提及
modif,改正
ofend,冒犯
rezon,推理
rivel,揭示
start,开始
susur,沙沙响
sxpin,纺织
trejn,训练
vengx,报仇
abstin,节制
aflikt,苦恼
altern,交替
balbut,结巴
cirkul,循环
dejxor,值班
denunc,揭发
de/ten##,
dev/ont/ig##,
digest,消化
dispon,处理
dorlot,宠溺
eksped,发货
el/don##,
establ,设立
flustr,耳语
grimac,扮鬼脸
grumbl,抱怨
implik,卷入
indign,愤怒
indulg,宽恕
infekt,感染
injekt,注射
inspir,启发
invent,发明
klopod,尽力
kolizi,碰撞
kombin,组合
kompon,作曲
konsum,消耗
korekt,纠正
lubrik,润滑
manovr,演习
plongx,跳水
preleg,讲课
propon,建议
provok,挑衅
recenz,评论
redakt,编写
redukt,减少
revizi,校对
sxpruc,喷洒
aplauxd,鼓掌
blasfem,亵渎
bon/vol##,
brokant,古物买卖
eksport,出口
ekzekut,处决
gust/um##,
iniciat,发起
kalumni,诽谤
kompens,赔偿
komplik,复杂化
kontest,争辩
manipul,操纵
neglekt,忽视
persist,坚持
prononc,发音
prosper,繁荣
reflekt,反射
re/form##,
subtrah,减
sxancel,摇晃
televid,看电视
determin,确定
ekspluat,剥削
koncentr,集中
mistifik,愚弄
preskrib,规定
revoluci,革命
riverenc,鞠躬
interpret,解释
kompromit,连累
multiplik,乘
propagand,宣传
konversaci,交谈
interpelaci,质询
erp,耕
kov,孵
lut,焊接
pep,啾啾
tan,鞣
agac,厌烦
brod,绣
brog,烫
cxiz,雕刻
edif,教化
fajl,锉
krak,噼啪
kroz,巡航
pist,捣碎
rasp,擦
rast,耙
rigl,闩上
rukt,嗝
sibl,嘶嘶
skiz,素描
sput,吐
steb,缝合
stuk,抹灰
sxim,霉
torn,削
trot,小跑
urin,尿
varb,招募
adult,偷情
afekt,假装
akusx,生育
arest,逮捕
asign,分配
atenc,危害
drasx,打谷
drink,喝
ekzil,流放
filtr,过滤
infuz,注入
kribr,筛选
parad,游行
rabot,刨
rafin,精炼
satur,饱和
siegx,围城
skerm,击剑
strab,斜视
sxmac,啜
uzurp,篡夺
veget,植生
border,边缘
cxikan,挑剔
degrad,降级
dibocx,沉溺酒色
distil,蒸馏
drapir,覆盖
gargar,漱口
gravur,雕刻
guvern,养育
ilumin,照明
inokul,接种
intrig,陰謀
jxongl,魔术
kartav,喉音
kontuz,打伤
likvid,清算
makler,经纪
plauxd,拍
predik,讲道
rembur,填充
ventol,通风
decxifr,解码
degener,退化
diskont,贴现
ferment,发酵
kalfatr,填缝
kolport,兜售
kompost,排版
konspir,密谋
konvert,改宗
paraliz,麻痹
proklam,布告
singult,打嗝
cxarpent,木工
hipokrit,虚伪
intermit,间断
konstern,惊愕
marcxand,砍价
kapitulac,投降
kauxteriz,腐蚀
komentari,评论
koment,注释
poz,摆姿势
vak,空
boks,拳击
gxir,转账
kirl,搅拌
klak,咔咔
kluk,咯咯叫
knar,吱吱
murd,杀害
pled,辩护
sond,探测
tatu,纹身
abdik,退位
abort,流产
agoni,临终痛苦
aklam,欢呼
amput,截肢
aneks,合并
aspir,渴望
deriv,派生
feder,联合
impon,威压
invad,入侵
kauxr,蹲着
klacx,诽谤
klisx,刻板
kotiz,缴费
marin,腌制
miaux,喵叫
modul,转调
refut,驳斥
rikan,嘲笑
streb,努力
svarm,群集
sxveb,浮空
absorb,吸引
akapar,囤积
analiz,分析
asimil,同化
asperg,洒水
atribu,分配
auxgur,占卜
bojkot,抵制
cenzur,审查
dedukt,演绎
deklam,朗诵
dekolt,领口
indukt,归纳
kompil,编纂
konced,承认
konker,征服
korupt,贿赂
kverel,吵架
lament,哀悼
narkot,麻醉
stimul,激励
strigl,梳马
sxrump,枯萎
amortiz,摊销
anticip,预期
apelaci,上诉
bankrot,破产
bombard,轰炸
emancip,解放
inspekt,检查
katekiz,教理问答
koincid,符合
konfisk,没收
konsekr,奉献
konsult,咨询
legitim,证明
mobiliz,动员
pilgrim,朝圣
improviz,即兴创作
inauxgur,开幕式
karambol,撞球
katehxiz,教义
klasifik,分类
kontribu,贡献
litograf,石印
prostitu,卖淫
centraliz,集中
stenograf,速记
ekskomunik,破门
karakteriz,特征
ajx,物件
ant,进行中
ebl,能
igx,成
ind,值得
int,能動完了词尾
ism,主义
ist,者
obl,倍
ont,将要
estr,首
acx,劣质
cxj##,
end,必需
ing,器具
ajn,任何
cxi##,
ecx##,
for,离开
iam,曾经
iom,一些
jam,已
jen,看这里
jes,对
kie,哪里
mem,亲自
nun,现
nur,仅仅
pli,更
plu,继续
tie,那里
tre,非常
tro,过多
tuj,马上
cxie,到处
jxus,刚才
kiam,当
plej,最
tial,因此
tiam,那时
tiel,那样
tiom,那么多
cxiam,总是
nenie,无处
ankaux,也
neniam,从不
baldaux,很快
hieraux,昨天
hodiaux,今天
morgaux,明天
tie cxi##,
almenaux,至少
ankoraux,仍然
preskaux,几乎
tiel cxi##,
oft,频繁
ial,某种原因
iel,某种方法
volont,自愿的
des,愈加
neniom,毫无
cxial,各种理由
cxiom,全数
ia/foj##,
nenial,无理由
neniel,绝不
parker,记住
foj,次
hom,人
jar,年
kap,头
kor,心
lok,地
man,手
nom,名
tag,天
ter,地
vir,男
voj,路
afer,事务
amik,友人
form,形状
kamp,田地
land,国
mond,世界
naci,民族
patr,父亲
temp,时长
vort,词语
flank,侧
infan,儿童
patr/in##,
cxambr,房间
sinjor,先生
akv,水
arb,树
art,艺术
dom,房
edz,夫
fil,子息
har,毛
hor,时刻
lit,床
mar,海
mon,钱
mur,墙
pac,和平
pec,片
sun,日光
urb,城
bild,图画
bird,鸟
busx,バス
frat,兄弟
hejm,家
knab,男孩
kort,中庭
libr,书
mont,山
okul,眼睛
part,部分
pied,脚
pord,门口
rajt,权利
tabl,桌台
vent,风
vest,衣服
fingr,指
frukt,果实
kolor,色
leter,信件
lingv,语言
maten,早晨
popol,民众
punkt,点
rimed,方法
valor,值
cxeval,马
famili,家人
frauxl,单身男
person,人
semajn,周
vesper,晚会
vizagx,脸
fenestr,窗
aer,空气
agx,年龄
cel,目标
fer,铁
ide,观念
kat,猫
kol,脖
mez,中间
naz,鼻
nub,云
ord,次序
pan,面包
roz,玫瑰
best,兽
bord,岸
brak,臂
dent,牙
fajr,火
fisx,鱼
flor,花
glas,杯子
hund,狗
korp,体
lakt,奶
lign,木材
lini,线
mark,记号
negx,雪
nokt,夜
onkl,叔伯舅姨父
orel,耳
plum,羽毛
pluv,雨
rond,圆形
sang,血
segx,椅
spec,种类
stat,状态
supr,顶上
sxip,船
vitr,玻璃
angul,角
dauxr,持续
dolor,痛苦
gazet,杂志
kauxz,原因
kutim,习惯
minut,分
monat,月
natur,自然
nombr,数
paper,纸
plank,地板
river,河
somer,夏
staci,站
strat,街道
suker,糖
sxton,石
vagon,车厢
veter,天气
vintr,冬
auxtun,秋
cxapel,帽子
direkt,方向
kolekt,收集
moment,瞬间
plezur,愉快
vilagx,村
ekzempl,例子
gxarden,花园
histori,历史
printemp,春
bov,牛
ink,墨水
kaf,咖啡
kok,公鸡
kuk,蛋糕
kuz,堂兄弟
lag,湖
lim,界限
lun,月亮
maj,五月
pak,包裹
sak,袋
sum,总和
tru,洞
vin,葡萄酒
anim,灵魂
azen,驴
benk,长凳
dors,背
foli,叶
font,泉源
fund,底
genu,膝盖
gren,谷物
grup,组
herb,草
juli,七月
juni,六月
kart,卡片
klas,阶级
korb,篮子
kruc,十字架
krur,小腿
lang,语言
legx,法
lund,周一
mard,周二
mart,三月
ofic,职务
ombr,影子
pagx,页
pork,猪
posx,袋子
radi,光
regx,王
senc,意义
stel,星
sxaf,羊
verk,作品
vocx,嗓音
adres,地址
april,四月
brust,胸
buter,黄油
donac,礼物
glaci,冰
kuler,匙
mastr,主
muzik,音乐
numer,号
posxt,邮政
prunt,借贷
sabat,周六
sxtat,国家
sxtup,台阶
teler,盘
terur,恐怖
vapor,气
insekt,虫类
januar,一月
jxauxd,星期四
kovert,信封
krajon,铅笔
manier,方法
objekt,物件
oktobr,十月
plafon,天花
region,区域
religi,宗教
spirit,精神
argxent,银
dangxer,危险
decembr,十二月
dimancx,星期日
februar,二月
horlogx,钟表
merkred,周三
novembr,十一月
produkt,产物
vendred,周五
septembr,九月
bar,障碍
bek,喙
fak,学科
fum,烟
gas,气体
gut,滴
jak,夹克
kel,地窖
kuv,大桶
lip,唇
nep,孙
nev,侄外
not,注释
ole,油
ond,波
ost,骨
par,对
pom,果
pot,壶
rad,轮
ret,网
sal,盐
sap,肥皂
sem,种子
sud,南
sup,汤
sxu,鞋
tas,茶杯
tol,亚麻布
tuk,巾
ung,甲
val,谷地
vic,队列
barb,胡子
bros,刷子
fakt,事实
flag,旗
fork,叉子
forn,炉
gast,客
gras,脂肪
kapr,山羊
karb,煤
kest,箱
korn,兽角
krim,罪行
lamp,灯
mebl,家具
mien,神情
musx,苍蝇
nord,北
past,面团
pilk,球
pint,尖端
polv,尘
pont,桥
prez,价
rand,边缘
regn,国
seri,系列
sign,标记
sort,命运
spic,香料
vang,脸颊
vost,尾部
vund,伤
botel,瓶
buton,纽扣
cifer,数
faden,线
frunt,额头
hauxt,皮肤
honor,尊敬
insul,岛
kajer,练习本
kamen,壁炉
legom,菜蔬
liter,字母
metal,金属
pingl,针
polic,警察
polur,抛光
premi,奖品
regul,规则
sezon,季
sxanc,机会
sxnur,绳
tabul,板
viand,肉
baston,棒
brancx,枝
cxemiz,衬衣
doktor,博士
kravat,领带
lecion,课
masxin,机器
milion,百万
najbar,邻人
parenc,亲戚
publik,公众
scienc,科学
sekret,秘密
skatol,手箱
soldat,兵士
spegul,镜
sxargx,货物
sxrank,橱柜
tualet,打扮
cxapitr,章
fromagx,奶酪
kondicx,条件
praktik,实践
serpent,蛇
sxtrump,长袜
tegment,顶
telefon,电话
industri,产业
kilogram,千克
okcident,西
pantalon,裤子
abi,冷杉
agl,鹰
ber,浆果
bot,靴子
bul,球
dat,日期
glu,胶
jup,裙子
kav,坑
lan,羊毛
led,鞣皮
mod,时尚
mor,习俗
pin,松树
pip,烟斗
piz,豌豆
put,井
rel,轨道
riz,稻米
rok,岩
suk,汁
tem,题目
tub,管
tur,塔
vat,棉
vaz,器皿
zon,带
arme,军
bank,银行
bien,庄园
bier,啤酒
bret,架
brik,砖
cikl,周期
cxap,帽子
drat,线
epok,时代
fask,捆
feri,假日
film,影片
flam,火焰
flos,筏
fojn,干草
fulm,闪电
glob,球体
grad,度
gust,味
kadr,框
krem,奶油
kurb,曲线
kurs,课程
larm,泪
leon,狮
litr,升
luks,奢华
meti,手艺
metr,米
najl,钉
nest,巢
pajl,稻草
plac,广场
plad,大盘
plan,计划
poet,诗人
pugn,拳头
ring,环
sabl,沙
scen,场景
skal,比例
soci,社交
spac,空间
stal,马厩
task,任务
tomb,墓
verm,虫
vers,诗句
viol,紫罗兰
agord,调音
balon,气球
bilet,票券
burgx,中产
centr,中心
etagx,层
farun,粉
figur,图形
frost,冰冻
gorgx,喉
grund,地基
haven,港
hotel,饭店
humor,情绪
karot,胡萝卜
katar,卡他病
kling,刃
koton,棉
kvant,量
lepor,野兔
makul,斑点
manik,袖
membr,成员
mizer,贫困
nebul,雾
organ,器官
parti,党派
pastr,牧师
radik,根
serur,锁
solid,固体
sonor,响声
strek,划
sxvit,汗
tabak,烟草
tabel,表格
titol,标题
tondr,雷
valiz,行李箱
ventr,腹部
alumet,火柴
aparat,装置
brasik,白菜
citron,柠檬
cxifon,破烂
dekliv,坡
dezert,沙漠
elektr,电
energi,能量
fiancx,未婚夫
hirund,燕子
kelner,服务员
kvalit,质
majstr,大师
mantel,披风
martel,锤
matrac,床垫
menton,下巴
orangx,橙
origin,起源
potenc,权力
salajr,工资
sekund,秒
societ,社团
stomak,胃
sxultr,肩
tapisx,地毯
tritik,小麦
aventur,冒险
cigared,香烟
distanc,距离
embaras,尴尬
kamarad,伙伴
kaserol,炖锅
komitat,委员会
kongres,大会
kvadrat,正方
magazen,商店
pasport,护照
politik,政治
registr,登记簿
ter/pom##,
akcident,事故
auxtobus,公交车
auxtomat,自動装置
cxokolad,巧克力
direktor,主任
instinkt,本能
karakter,特性
kauxcxuk,橡胶
material,材料
standard,旗帜
telegraf,电报机
restoraci,餐馆
ark,弧形
baz,基
beb,婴儿
bub,顽童
bud,棚屋
fel,皮毛
hok,钩
huf,蹄
jur,法
kas,金库
kin,电影
kom,逗号
kot,泥
lup,狼
mam,乳房
map,图
min,矿山
mus,小鼠
net,誊清稿
nod,节点
orf,孤儿
ort,直角
pat,煎锅
pil,电池
pir,梨
pup,娃娃
rat,鼠
rip,肋骨
rob,长袍
tip,类型
ton,音调
urs,熊
var,货物
vel,帆
vit,葡萄树
abel,蜜蜂
auxt,汽车
bluz,罩衫
boat,船
brov,眉
cerb,脑
cxek,支票
cxen,链
disk,圆盘
dram,剧本
drap,呢绒
dusx,淋浴
ezok,狗鱼
farb,颜料
febr,高烧
fend,裂缝
foir,定期市
fost,柱
frag,草莓
fulg,烟
funt,磅
gant,手套
geni,天才
glor,荣誉
golf,海湾
hajl,冰雹
hero,英雄
kemi,化学
kord,琴弦
kork,软木
krad,栅栏
kran,龙头
kret,粉笔
kriz,危机
kron,冠
kugl,弹丸
kupr,铜
lift,电梯
list,清单
mast,桅杆
nadl,针
nerv,神经
oliv,橄榄
park,公园
pasi,热情
pask,复活节
pelt,皮毛
plet,盘
poem,诗
proz,散文
pulm,肺
pulv,火药
rang,级别
revu,杂志
ritm,节奏
seks,性
sens,感觉
silk,丝
simi,猴
sojl,门槛
stil,风格
stri,条
sxel,壳
tend,帐篷
verb,动词
verg,枝条
vert,顶
vidv,鳏夫
virt,德
vual,面纱
vulp,狐
afisx,广告
album,影集
almoz,施舍
arane,蜘蛛
asoci,协会
avenu,林荫道
aviad/il##,
barel,桶
bazar,市场
betul,桦木
brems,刹车
butik,店
detal,细节
diabl,恶魔
emoci,情感
enigm,谜
esenc,本质
fauxk,毒口
fizik,物理
framb,覆盆子
grajn,穀粒
hxemi,化学
ideal,理想
juvel,宝石
katen,镣铐
kitel,罩衫
krucx,十字
krust,壳
kubut,肘部
kukol,布谷
kverk,橡树
lamen,薄片
marcx,沼泽
metod,方法
model,模型
motor,发动机
nivel,水平
palac,宫殿
panj,妈妈
penik,画笔
piocx,镐
plumb,铅
poezi,诗歌
salon,客厅
sauxc,酱
sitel,桶
sklav,奴隶
sport,运动
stamp,印章
stang,杆
stump,残肢
sxtal,钢
sxtof,布料
teatr,剧院
teori,理论
teren,场地
trajn,火车
trajt,特征
trunk,树干
venen,毒
vesxt,背心
abomen,厌恶
angxel,天使
animal,动物
apetit,食欲
apotek,药店
benzin,汽油
bicikl,自行车
bombon,糖果
cement,水泥
cxeriz,樱桃
desert,甜点
fabrik,工厂
financ,金融
funebr,哀悼
funkci,功能
garagx,车库
imperi,帝国
impost,税
impres,印象
kalkan,脚跟
kalson,内裤
kamion,卡车
kandel,蜡烛
kanzon,歌曲
kastel,城堡
klient,客户
kol/um##,
kurten,帘
mandat,委任
mister,神秘
moskit,蚊
muskol,肌肉
ombrel,伞
pacxj,爸爸
parfum,香水
patron,保护人
petrol,石油
posten,岗位
pozici,位置
proces,过程
profit,利润
proviz,供给
pulvor,粉雾
recept,配方
rekord,记录
rezerv,保留
signal,信号
sistem,系统
surfac,表面
sxofor,司机
tajlor,裁缝
trezor,宝藏
trikot,针织物
vakcin,疫苗
advokat,律师
alkohol,酒精
ampleks,范围
brosxur,小册子
bulvard,林荫道
deficit,赤字
ekonomi,经济
elefant,象
jxurnal,报纸
kabinet,内阁
kapital,资本
koncert,音乐会
krepusk,曙暮光
kvartal,市区
miliard,十亿
pejzagx,景色
problem,问题
profesi,职业
simpati,同情
student,学生
sxrauxb,螺丝
tempest,暴风雨
traktor,拖拉机
tri/angul##,
trotuar,人行道
adjektiv,形容词
dekoraci,装饰
ekvilibr,平衡
esperant,世界语
hospital,医院
intelekt,智力
kalendar,日历
kilometr,公里
komision,調查委員會
mehxanik,机械
milimetr,毫米
original,原作
pretekst,借口
struktur,结构
telegram,电报
tribunal,法庭
bibliotek,图书馆
fundament,基础
ingxenier,工程师
konferenc,会议
konscienc,良心
literatur,文学
mehxanism,机制
rekompenc,奖赏
respublik,共和制
sekretari,秘书
apartament,公寓
auxtomobil,汽车
auxtoritat,权威
instrument,工具
medikament,药品
temperatur,温度
cirkonstanc,情况
eksperiment,实验
mal/varm/um##,
ajl,蒜
akn,疹疱
aks,轴
akt,法令
ale,花径
alg,藻类
apr,野猪
azi,亚洲
bal,舞会
bet,甜菜
buk,扣件
cep,洋葱
cir,鞋油
dot,嫁妆
ehx,回声
fab,蚕豆
fac,面
fag,山毛榉
fig,无花果
gal,胆汁
gru,鹤
gum,胶
hal,大厅
jug,枷锁
kal,胼胝
kaz,案情
kub,立方体
lad,薄片
lak,漆
lap,牛蒡
lin,亚麻
lot,签
luk,舱口
mas,质量
mat,垫子
nuk,颈后
pap,教皇
pav,孔雀
pig,喜鹊
pus,脓
ran,蛙
ren,肾脏
rib,茶藨子
rim,韵
rol,角色
ros,露
sag,箭
sin,怀抱
ski,滑雪
sof,沙发
tig,柄
tuf,簇
tun,吨
vip,鞭
akci,股
atom,原子
aven,燕麦
bant,花结
bark,帆船
bask,下摆
bend,绳子
blok,块
bors,交易所
bovl,碗
brid,马勒
brut,牲畜
bukl,卷毛
bulb,球茎
bulk,小圆面包
cerv,鹿
cign,天鹅
cxel,小房
dand,花花公子
diet,处方食
dorn,刺
etap,阶段
etat,清单
fecx,渣
felt,毡
frak,燕尾服
fraz,句子
fung,蘑菇
garb,束
gent,族群
glav,剑
gobi,鮈鱼
gram,克
greg,畜群
grip,流感
grot,洞穴
gudr,沥青
gxib,驼背
hegx,树篱
himn,赞美歌
hxor,合唱团
kacx,糊
kagx,鸟笼
kaka,可可
kakt,仙人掌
karn,肉体
karp,鲤
kejl,楔
kern,核
klub,俱乐部
korv,乌鸦
kosm,宇宙
kult,祭礼
lacx,带子
lard,猪油
larv,幼虫
lice,中学
likv,液体
lili,百合
maiz,玉米
malv,锦葵
mens,心灵
menu,菜单
miel,蜜
musk,苔藓
muze,博物馆
nuks,坚果
oper,歌剧
oval,卵形线
palm,棕榈
palt,外套
pane,停车
perl,珍珠
pian,钢琴
pice,云杉
pipr,胡椒
plag,灾难
prun,李
pudr,粉
punt,蕾丝
raci,理性
rent,租金
ruin,废墟
rust,锈
situ,位置
sled,雪橇
sorg,高粱
spik,穗
spur,踪迹
stan,锡
sulk,犁沟
takt,节奏
tali,腰部
tigr,虎
tort,蛋糕
tram,电车
trup,团
vaks,蜡
vejn,脉
vesp,黄蜂
vind,尿布
zink,锌
afrik,非洲
agent,代理
akord,和谐
akrid,蝗虫
aktor,演员
alarm,警报
ampol,安瓿
angil,鳗鱼
anser,鹅
artik,关节
bacil,杆菌
bambu,竹
banan,香蕉
brand,白兰地
bronz,青铜
buked,花束
cigar,雪茄
cikad,蝉
cinam,桂
cindr,灰烬
cirkl,圆
civit,自治市
cxerk,棺
debet,欠款
diant,康乃馨
dogan,海关
efekt,效果
ekran,屏幕
emajl,搪瓷
event,事件
fabel,童话
fasad,正面
fason,样式
fluid,流体
fotel,扶手椅
front,前面
funel,漏斗
gxerm,芽
hepat,肝脏
horde,大麦
infer,地狱
ironi,讽刺
kaban,茅屋
kahel,瓷砖
kajut,舱
kamel,骆驼
kanal,运河
kankr,小龙虾
karaf,长颈瓶
kokos,椰子
krani,颅
krest,冠
kukum,瓜属植物
kupon,优惠券
kusen,垫子
latun,黄铜
lauxb,棚架
lekci,讲课
lesiv,洗剂
limak,蛞蝓
logik,逻辑
lotus,莲
melon,瓜
moral,道德
muzel,吻部
nilon,尼龙
ocean,海洋
palat,腭
palis,桩
papag,鹦鹉
paser,雀
pensi,养老金
peron,台阶
pilot,飞行员
pland,脚掌
plast,塑料
porci,份额
princ,亲王
pupil,瞳
rabat,折扣
rafan,萝卜
rauxp,毛虫
resum,总结
rimen,皮带
roman,长篇小说
salat,沙拉
salik,柳
satir,諷刺文
sciur,松鼠
sekal,黑麦
sekci,科
senat,参议院
split,薄片
spong,海绵
stadi,阶段
statu,雕像
sterk,肥料
strig,猫头鹰
strut,鸵鸟
sxink,火腿
sxtip,木料
tapet,挂毯
tarif,费率表
tegol,瓦片
tekst,文本
teras,平台
tomat,番茄
tuber,块茎
tunel,隧道
velur,天鹅绒
veruk,疣
vezik,囊泡
volum,卷
adverb,副词
akcent,重音
alauxd,云雀
amator,业余者
amerik,美洲
arteri,动脉
asfalt,柏油
auxtor,作者
barbir,理发师
bugxet,预算
bulten,公报
cikatr,疤痕
cikoni,鹳鸟
cirkel,圆规
daktil,枣
dialog,对话
ego/ist##,
eklezi,教会
emerit,退休者
euxrop,欧罗
fajenc,陶瓷
fazeol,菜豆
fontan,喷泉
formik,蚁
formul,公式
fripon,骗子
furagx,草料
galosx,套鞋
gvardi,近卫军
gxemel,双胞胎
hangar,机库
haring,鲱鱼
hazard,机遇
hektar,公顷
herold,传令官
higien,卫生
impuls,冲动
insign,徽章
intest,肠
jubile,周年庆
karton,纸板
kasked,帽子
kavern,洞穴
kirurg,外科
klimat,气候
klinik,诊所
kolegi,学院
kolomb,鸽
kolumn,列
komedi,喜剧
konsul,领事
konval,铃兰
kornik,灰鸦
kostum,服装
kredit,信用
kukurb,南瓜
kunikl,家兔
kurent,电流
lacert,蜥蜴
licenc,许可
maleol,踝骨
materi,物质
mirtel,越橘
monstr,怪物
oficir,军官
orator,演说家
papili,蝶
pendol,摆锤
period,时期
persik,桃
pionir,拓荒者
planed,行星
platan,悬铃木
plural,复数
profet,预言家
prolet,无产者
pronom,代词
reakci,反应
regxim,政体
rivolu,旋转
ruband,丝带
skorpi,蝎子
spinac,菠菜
stamen,雄蕊
statur,体型
surtut,大衣
sxakal,豺狼
sxauxm,泡沫
teknik,技术
testud,龟
torent,急流
trafik,交通
tumult,骚动
turism,旅游
turist,游客
vertic,顶点
viktim,受害者
violon,小提琴
vulkan,火山
vultur,秃鹰
abrikot,杏
akademi,学院
alfabet,字母表
alumini,铝
ambasad,大使
anekdot,趣闻
apertur,开口
apostol,使徒
asemble,集会
bagatel,小事
bakteri,细菌
bandagx,绷带
bifstek,牛排
budgxet,预算
burgxon,芽
central,电厂
cirkvit,电路
cxar/um##,
dimensi,维度
ekvator,赤道
element,元素
epidemi,流行病
fantazi,幻想
fenomen,现象
gelaten,明胶
general,将军
girland,花环
harmoni,和谐
instanc,审级
invalid,残疾人
kaldron,大锅
kasxtan,栗
katalog,目录
kirurgi,外科
kolonel,上校
komisar,专员
kompani,公司
koncept,概念
konkord,和谐
konkurs,比赛
koridor,走廊
kristal,晶体
lantern,灯笼
latitud,纬度
medicin,医学
mineral,矿物
minimum,最小
ministr,部长
obstakl,障碍物
orkestr,乐队
pacifik,太平洋
palpebr,眼皮
pantofl,拖鞋
paradiz,天堂
paralel,平行线
plastik,造型术
portret,肖像
princip,原则
program,程序
projekt,计划
proverb,谚语
provinc,省
rendevu,约会
sin/ten##,
situaci,处境
stadion,运动场
subjekt,主语
tehxnik,技术
tendenc,倾向
tinktur,染料
tradici,传统
tragedi,悲剧
traktat,条约
trumpet,喇叭
uniform,制服
vegetal,植物
viadukt,天桥
volumen,容量
zoologi,动物学
atlantik,大西洋
avantagx,优势
bracelet,手镯
cirkuler,传单
dokument,文件
federaci,联邦
generaci,代
geografi,地理
gramatik,语法
gxendarm,宪兵
horizont,地平线
individu,个体
kandidat,候选人
karnaval,狂欢节
kategori,类别
komun/um##,
krokodil,鳄鱼
longitud,经度
maksimum,最大
marmelad,果酱
monument,纪念碑
parasxut,伞
pasagxer,乘客
pland/um##,
porcelan,磁器
procent,百分比
profesor,教授
radiator,散热器
regiment,团
rekt/angul##,
sandvicx,三明治
sindikat,工会
singular,单数
specimen,样品
spektakl,表演
substanc,物质
teritori,领土
vertikal,垂直
ambasador,大使
auxstrali,澳大利亚
centimetr,厘米
ekspozici,展览
inspektor,监督
kalkan/um##,
konfidenc,知心话
lokomotiv,机车
matematik,数学
metalurgi,冶金
ministeri,部
najtingal,夜莺
ortografi,正字法
parlament,议会
proletari,无产者
propozici,命题
psikologi,心理学
suplement,补充
termometr,温度计
elektronik,电子学
helikopter,直升机
horizontal,水平
komplement,补充
konsekvenc,结果
konstituci,宪法
laboratori,实验室
leuxtenant,中尉
mediterane,地中海
substantiv,名词
universitat,大学
s-ro##,
s-ino##,
sinjor/in##,
alk,麋鹿
aln,桤木
ann,安娜
bed,苗床
boa,蟒蛇
buf,蟾蜍
cim,虫
col,寸
dam,贵妇
dig,堤
duk,公爵
fav,癣
fok,海豹
fut,英尺
gad,鱈鱼
gam,音阶
gri,碾麦
guf,鸮
huz,鲟鱼
kan,植
ken,树脂
ker,红心
kil,龙骨
kuf,帽
kul,蚊
kup,拔罐
laf,熔岩
lir,去
lod,半盎司
lol,毒麦
mac,无酵饼
mel,獾
mes,弥撒
mev,海鸥
muf,羊毛
muk,粘液
mul,骡
nap,萝卜
peg,啄木鸟
pol,波兰人
pul,跳蚤
rap,萝卜
rif,礁
rod,泊地
rot,队
rub,瓦砾
rum,朗姆酒
rus,俄人
seb,兽脂
sel,鞍
tez,命题
tul,薄纱
ulm,榆
uln,尺骨
unc,盎司
urn,壶
vil,绒毛
abat,院长
acer,枫树
akar,螨
alte,蜀葵
alun,明矾
amel,糊
anas,鸭
angl,英人
aniz,茴香
ankr,锚
arcx,弓
arde,鹭
aren,竞技场
atut,王牌
avel,榛子
aviz,通知
azot,氮
bast,树皮
bert,贝尔塔
blat,蟑螂
bram,鲷鱼
bran,麸
burd,熊蜂
cedr,雪松
citr,柠檬
cxam,羚羊
cxan,击锤
dogm,教条
drak,龙
drog,药物
ebon,乌木
eter,醚
fabl,寓言
falk,隼
fibr,纤维
flan,布丁
flok,片羽
flut,长笛
fraj,卵块
ftiz,肺结核
gajl,五倍子
gips,石膏
glan,橡果
glim,闪光
graf,伯
gril,蟋蟀
gros,醋栗
gurd,手摇风琴
ibis,朱鹮
idol,偶像
kalk,石灰
kand,冰糖
kard,蓟
karo,方块
kask,头盔
kaze,凝乳
kegl,柱
klap,瓣
klav,键
kluz,水闸
kojn,楔
koks,髋
konk,贝壳
kren,山葵
krep,绉纱
krop,嗉囊
krup,哮吼病
lake,仆人
laks,泻
legi,軍团
lent,扁豆
lepr,麻风病
lian,藤
lien,脾脏
link,猞猁
liut,琵琶
lojt,鲑鱼
lorn,望远镜
lumb,腰部
lutr,水獭
magi,魔术
mana,玛那
mari,玛丽
mask,面具
masx,编目
mecx,灯芯
mejl,哩
ment,薄荷
merl,乌鸫
mesi,救世主
mili,黍
mirh,没药
mirt,桃金娘
misi,使命
mops,哈巴狗
most,葡萄汁
nicx,壁癌
omar,龙虾
opal,蛋白石
ostr,牡蛎
paru,山雀
pecx,沥青
pelv,盆
perk,鲈鱼
pest,瘟疫
petr,彼得
pini,松树
pips,鸟舌病
plik,纠发病
plot,鱼
popl,杨树
pram,渡船
sakr,骶骨
salm,鲑鱼
sepi,墨鱼
sofi,索菲
sorp,花楸
spat,矿石
spin,脊柱
stab,幕僚
step,草原
stip,茅
stof,物质
stup,麻屑
sxak,棋
sxal,披肩
sxam,麂皮
taft,塔夫绸
talp,鼹鼠
tetr,雷鸟
tibi,颈骨
tili,椴树
tine,蛀虫
torf,泥炭
trab,梁
tref,梅花
tril,颤音
trip,肠
trog,槽
tron,王座
truf,松露
trul,抹子
trut,鳟鱼
turd,鸫
turk,土耳其人
turt,斑鸠
uter,子宫
uxat,瓦特
vafl,华夫
vals,华尔兹
vekt,秤杆
zebr,斑马
altar,祭坛
ambos,铁床
anton,安东
ardez,板岩
argil,黏土
aspid,眼鏡蛇
balen,鲸
barcx,罗宋汤
boben,线圈
brank,鳃
bubal,水牛
bufed,自助餐
cejan,矢车菊
dativ,与格
datur,曼陀罗
demon,恶魔
denar,银币
deviz,座右铭
domen,多米诺
embri,胚胎
emili,艾米莉亚
ermen,艾鼬
ermit,隐士
facet,面
fazan,雉
femur,大腿
filik,蕨
flegm,冷静
fokus,焦点
franc,法国人
frank,法郎
fring,雀
galon,饰带
gazel,瞪羚
genot,獴
georg,乔治
gitar,吉他
gland,腺
grosx,格羅申
hebre,希伯来人
heder,常春藤
herez,异端
herni,疝气
hirud,水蛭
hosti,圣餐饼
husar,轻骑兵
hxaos,混乱
idili,田园诗
johan,约翰
jozef,约瑟夫
kalik,圣杯
kambi,汇票
kamer,相机
kanab,麻
kanap,沙发
kapel,小教堂
kapon,去势公鸡
kapor,凤尾树
kapot,斗篷
karas,鲫鱼
karob,角豆
katun,棉布
kerub,天使
kiras,铠甲
klaft,尋
klosx,钟形玻璃器
koaks,焦炭
koleg,同事
kolon,柱
komiz,店员
komod,柜子
konus,圆锥
kopek,戈比
koran,古兰经
kramp,夹子
kring,圈饼
krisp,褶饰
krist,基督
kupol,穹顶
kvarc,石英
kvart,纯四度
lanug,绒毛
lauxr,月桂树
libel,蜻蜓
liken,地衣
livre,制服
logxi,住
lupol,啤酒花
lustr,吊灯
luter,路德
medal,奖牌
meriz,野樱桃
moned,寒鸦
morus,桑果
mosxt,阁下
negoc,交易
nobel,贵族
novic,新手
nuanc,细微差别
oblat,薄膜
okzal,酢浆草
orden,勋章
orgen,管风琴
pagxi,付钱
papav,罂粟
pariz,巴黎
pauxl,保罗
pavim,铺路
pedik,虱
percx,鱼
piked,哨兵
pilol,药丸
pirit,黄铁矿
pirol,朱雀
piroz,烧心
pisxt,活塞
plusx,织天
poent,得分
pokal,杯
polus,极
potas,灰汁
prujn,霜
pudel,貴賓犬
pumik,浮石
puncx,打孔
putor,臭猫
raben,拉比
rapir,细剑
regol,戴菊鸟
rezin,树脂
rostr,象鼻
ruben,红宝石
safir,蓝宝石
salvi,鼠尾草
sigel,封印
silab,音节
silik,硅石
silur,鲶鱼
silvi,西尔维
sirop,糖浆
skabi,疥疮
skadr,骑兵队
skarp,围巾
skvam,鳞
sorik,鼩鼱
spion,间谍
spron,马刺
stabl,工作台
sturg,鲟鱼
sturn,椋鸟
sxalm,笛子
sxark,鲨鱼
sxelk,背带
sxild,盾
sxind,板
sxlim,泥
taban,虻
tavol,层
tempi,太阳穴
tetan,破伤风
tetra,松鸡
timon,舵杆
topaz,黄玉
torcx,火炬
tromb,龙卷风
tulip,郁金香
ulcer,溃疡
urtik,荨麻
vanil,香草
vasal,家臣
velen,牛皮纸
verst,贝尔斯塔
vezir,宰相
vipur,蝮蛇
vokal,元音
zenit,天顶
zibel,貂
zizel,松鼠
absces,脓肿
absint,苦艾
alcion,翠鸟
amfibi,两栖动物
ananas,菠萝
artrit,关节炎
atripl,滨藜
berlin,柏林
bismut,铋
boraks,硼砂
buljon,高汤
bulonj,布洛涅
busxel,蒲式耳
centim,分
cikori,菊苣
cimbal,钹
cinabr,辰砂
cipres,柏树
cxarpi,纱布
damask,大马士革
delfen,海豚
didelf,负鼠
embusk,埋伏
epolet,肩章
erinac,刺猬
ernest,欧内斯特
eskadr,舰队
faktur,发票
falbal,褶饰
fantom,幽灵
faring,咽头
fenkol,茴香
ferdek,甲板
fistul,瘘管
flanel,法兰绒
fosfor,磷
frangx,装饰
furunk,疖
fusten,法斯特
galeri,画廊
gamasx,绑腿
german,德国人
granat,石榴
granit,花岗岩
grenad,手榴弹
grifel,石笔
gxiraf,长颈鹿
haladz,恶气
hamstr,仓鼠
hispan,西班牙人
hximer,奇美拉
hxoler,霍乱
ingven,腹股沟
izrael,以色列
jasmen,茉莉
kalesx,马车
kalvin,卡尔文
kamfor,樟脑
kamlot,卡姆洛
kanajl,流氓
kanari,金丝雀
kantor,歌手
kanvas,画布
kapsul,胶囊
kapucx,兜帽
kardel,金翅雀
karmin,胭脂红
karpen,鹅耳枥
kastor,海狸
kaviar,鱼子酱
kobalt,钴
kobold,妖精
kolbas,香肠
kolibr,蜂鸟
kolimb,鸊鷉
kolubr,眼鏡蛇
komuni,圣餐
kontor,办公室
kontur,轮廓
kornic,蛇腹
korpus,军团
koturn,鶉
kraken,饼干
kratag,山楂
krater,火山口
kronik,编年史
kurier,快递
lampir,萤火虫
laring,喉
lavang,雪崩
legend,传说
lekant,雏菊
lentug,雀斑
levkoj,紫罗兰
likvor,酒
litani,连祷
london,伦敦
magnet,磁石
makzel,颌
mangan,锰
markot,标记
marmor,大理石
marmot,旱獭
mastik,腻子
migdal,杏仁
miogal,麝鼠
miozot,勿忘草
monahx,僧侣
morbil,麻疹
morter,灰浆
muskat,肉豆蔻
muslin,穆斯林布
mustel,鼬
nanken,南京布
narcis,水仙
nikola,尼古拉
notari,公证人
orakol,神谕
paletr,调色板
panter,豹
parget,镶木
parohx,教区
parter,平地
pastel,糖果
patent,专利
patrol,巡逻队
pfenig,芬尼
pistak,开心果
pistol,手枪
plastr,膏药
platen,铂
ponard,匕首
porfir,斑岩
porter,波特
primol,樱草
prunel,李子
purpur,紫
rekrut,新兵
rempar,城墙
risort,弹簧
rosmar,海象
rozari,玫瑰园
rubrik,标题
safran,藏红花
sambuk,接骨木
sankci,制裁
sardel,沙丁鱼
sceptr,权杖
selakt,乳精
servic,餐具套装
servut,奴役
siring,丁香
skapol,肩胛骨
skarab,甲虫
skolop,鹬
skurgx,鞭子
sofism,诡辩
sopran,女高音
spalir,果樹牆
stefan,斯蒂芬
sufiks,后缀
sukcen,琥珀
sulfur,硫
talent,才华
tambur,鼓
tenden,腱
teodor,西奥多
termin,术语
testik,睾丸
timian,麝香草
tombak,人造金
trahxe,气管
tremol,颤杨
tribun,讲坛
tropik,回归线
turban,头巾
turkis,绿松石
turnir,锦标赛
urogal,松鸡
variol,天花
viburn,荚蒾
vikari,副牧师
vinagr,醋
vizier,帽檐
volupt,感官
ablativ,奪格
antimon,锑
arleken,小丑
arsenik,砷
artifik,诡计
asparag,芦笋
bajonet,刺刀
bastion,堡垒
beladon,颠茄
biskvit,饼干
cxampan,香槟
cxarnir,铰链
diamant,钻石
episkop,主教
esxafod,断头台
fraksen,白蜡树
frangol,鼠李
fringel,金翅雀
genitiv,属格
henriet,亨丽埃塔
hidrarg,汞
hiskiam,莨
histrik,豪猪
jugland,胡桃
juniper,杜松
kalikot,卡利科布
kamizol,背心
kamomil,洋甘菊
kapitan,船长
kapitel,柱头
kapreol,狍子
kapucen,修士
karaben,卡宾枪
kartocx,药包
karusel,旋转木马
kavalir,骑士
klarnet,单簧管
klister,灌肠
koklusx,百日咳
kolofon,松香
kompres,湿敷
kurator,监护人
kvitanc,收据
leontod,蒲公英
leopard,豹
limonad,柠檬水
lonicer,忍冬
ludovik,路德维克
lunatik,疯子
maroken,摩洛哥皮
marsxal,元帅
meleagr,火鸡
membran,膜
mihxael,米迦勒
monarhx,君主
mustard,芥末
negligx,睡衣
nikodem,尼科德
novjork,纽约
oksigen,氧气
oksikok,蔓越莓
parazit,寄生虫
pastecx,馅饼
pelikan,鹈鹕
perdrik,鹧鸪
poligon,多边形
prefiks,前缀
redakci,编辑部
rinocer,犀牛
salpetr,硝石
sentenc,格言
skarlat,猩红
skorbut,坏血病
skrofol,瘰疬
smerald,翡翠
sterled,鲟鱼
stertor,喘息
sxiller,席勒
umbilik,肚脐
univers,宇宙
varsovi,华沙
verdigr,铜绿
vertebr,脊椎
vespert,蝙蝠
vestibl,门厅
vilhelm,威廉
virtuoz,名家
vitriol,硫酸盐
zingibr,姜
akcipitr,鹰
akuzativ,対格
argument,论证
arhxaism,古语
artisxok,朝鲜蓟
baldaken,天篷
briliant,辉煌
diplomat,外交官
distrikt,区
elizabet,伊丽莎白
fragment,碎片
framason,共济会会员
frugileg,寒鸦
hidrogen,氢
hortulan,黄雀
institut,研究所
kantarid,虎甲虫
kariofil,丁香
kartilag,软骨
katarakt,白内障
kocxenil,胭脂虫
kokcinel,瓢虫
konvulsi,痉挛
leksikon,词典
marcipan,杏仁糖
medalion,大勋章
monarhxi,君主制
obstrukc,阻碍
paradoks,悖论
parentez,括号
particip,参与
pasament,饰带
pastinak,美洲防风
pergamen,羊皮纸
peritone,腹膜
perlamot,珍珠层
petromiz,八目鰻
petrosel,芹
ranunkol,毛茛
redaktor,编辑
rezultat,结果
rosmaren,迷迭香
sergxent,軍士
sublimat,升华
tacxment,分遣队
terebint,松节油
tornistr,书包
zamenhof,柴门霍
aleksandr,亚历山大
anunciaci,受胎告知
balustrad,栏杆
cxambelan,侍从
cxarlatan,江湖骗子
deklinaci,变格
diplomati,外交
ekscelenc,阁下
ekzempler,例子
entuziasm,热情
fortepian,大钢琴
galanteri,化妆品
ihxtiokol,鱼类学
instituci,机构
instrukci,指示
kancelari,官房
kancelier,大法官
kataplasm,敷药
kondolenc,哀悼
konjugaci,动词变位
konjunkci,连词
konsonant,辅音
korporaci,法人
kvaranten,检疫船
nominativ,主格
pentekost,圣灵降临节
piedestal,基座
prepozici,介词
privilegi,特权
promontor,岬
salamandr,蝾螈
testament,遗嘱
vermicxel,粉丝
interjekci,感叹词
supersticx,迷信
vasxington,华盛顿
violoncxel,大提琴
arhxitektur,建筑
interpunkci,标点法
jork,约克
parok,教区
navig,航行
kaos,混沌
kimer,奇美拉
korus,合唱
monak,僧侣
iktiokol,鱼胶
ald,加
alo,芦荟
api,芹菜
ari,咏叹调
bas,巴士
car,沙皇
dog,獒
dok,船坞
doz,剂
ego,自我
elf,精灵
etn,族
faz,相位
fon,背景
fuk,海藻
gaz,纱布
gem,宝石
hum,腐殖土
jod,碘
jud,犹太人
kep,帽子
lat,木摺
lob,叶
mim,模仿者
mit,神话
muz,缪斯
nas,鱼梁
nav,船体
niz,雀鹰
oaz,绿洲
opi,鸦片
puf,膨胀
raj,鳐
ras,种族
ref,礁
rit,礼仪
rut,芸香
sod,碳酸钠
tif,伤寒
tog,袍
viz,签证
agat,玛瑙
agxi,商步
alen,刺针
ambr,龙涎香
amor,爱神
aort,大动脉
arom,香气
astm,哮喘
astr,天
azil,避难所
bard,吟游诗人
bomb,炸弹
bosk,灌木丛
brom,溴
bust,上半身
cend,分
cidr,苹果酒
cirk,圆形竞技场
dali,大丽花
dign,尊严
duel,决斗
duet,二重唱
ebur,象牙
eden,伊甸
egid,神盾
erik,石楠
etik,伦理
etim,词源
fars,滑稽剧
fili,分会
fisk,国库
furi,复仇女神
gnom,地精
grog,酒
gruz,砂砾
gxin,杜松子酒
hidr,水螅
hien,鬣狗
irid,鸢尾
iris,虹膜
istm,地峡
jesu,耶稣
junk,灯心草
kabl,电缆
kali,钾
kame,浮雕
kast,种姓
klor,氯
kofr,行李箱
kolz,油菜
kont,#ERROR!
krab,蟹
kres,长
kupe,车厢
laik,俗人
lama,喇嘛
lanc,枪
lens,镜片
lord,卿
malt,麦芽
mani,狂热者
medi,环境
milv,鸢
mitr,密特拉
moru,鱈鱼
mosk,麝香
mumi,木乃伊
naft,石脑油
negr,黑人
nimb,光环
norm,标准
obol,奧博羅斯
ogiv,尖拱
orgi,酒神祭
ozon,臭氧
penc,便士
pleb,平民
podi,台阶
polk,波尔卡
pomp,壮丽
pore,韭菜
rabi,狂犬病
rism,连
romb,菱形
rubl,卢布
sabr,军刀
sagu,西米
sald,余额
salv,齐射
sekt,派别
sfer,球
skem,图表
skol,学派
slip,便条
sokl,基座
sold,售
sole,比目鱼
spad,剑
sxah,沙阿
talk,滑石
teni,绦虫
tiar,王冠
tink,丁鲷
tors,躯干
tost,干杯
trop,比喻
turb,陀螺
ukaz,诏令
ulan,枪骑兵
uzur,高利
verv,热情
vink,长春花
visk,槲寄生
vist,桥牌
vizi,幻觉
zuav,阿尔及利亚步兵
abism,深渊
adept,信徒
afiks,接辞
afust,炮架
agraf,扣子
akaci,金合欢
akciz,消费税
aksel,腋下
albin,白化
alibi,不在场证明
aline,缩进
alkov,小房间
amfor,瓮
angin,咽峡炎
angor,苦闷
anten,天线
apati,冷漠
apoge,远地点
arkad,拱廊
arkiv,档案
arnik,山金车
atlas,地图册
atlet,運動員
aviad,飞行
balad,叙事诗
balet,芭蕾
barak,棚屋
baron,男爵
basen,水盆
beril,绿柱石
bibli,书
bigot,狂信者
biret,角帽
bitum,沥青
bivak,露营
brecx,裂缝
brocx,胸针
bronk,支气管
cigan,吉普赛人
cikut,毒芹
cxifr,密码
debat,辩论
dekan,院长
dilem,两难
diluv,洪水
divan,长椅
dolar,美元
drakm,德拉克马
dukat,达克特
edikt,诏令
eklog,牧歌
ekzem,湿疹
elegi,哀歌
elips,省略
elizi,省音
emfaz,强调
epope,史诗
fagot,巴松
fakir,苦行者
fatal,致命
feuxd,封土
fiakr,马车
fiask,失败
final,终幕
fjord,峡湾
forum,论坛
fresk,壁画
furor,流行
galer,桨帆船
galop,疾驰
garol,松鸦
goril,大猩猩
hamak,吊床
harem,后宫
harpi,哈耳庇
helic,螺旋桨
helik,蜗牛
hisop,牛膝草
hoboj,双簧管
humer,肱骨
idiom,成语
idiot,白痴
ileks,冬青
iluzi,幻觉
indiga,靛蓝
jalap,药用根
jud/ism##,
kabal,卡巴拉
kadet,军校生
kalif,哈里发
kanon,大炮
karat,克拉
kazin,赌场
kinin,奎宁
kirsx,樱桃酒
kloak,下水道
kobaj,豚鼠
kokon,茧
kolik,疝痛
kolos,巨像
komet,彗星
koral,珊瑚
korne,角膜
korol,花冠
kozak,哥萨克
krabr,黄蜂
kreol,克里奥尔
kript,地下室
kulis,幕后台
kumin,孜然
kvast,穗饰
kvint,五度
lagun,潟
lapis,硝石
larik,落叶松
later,数边
lazur,天蓝
legat,使节
lirik,抒情诗
madon,圣母
major,少校
mamut,猛犸
medol,髓
meduz,水母
melas,糖蜜
melis,柠檬草
miasm,瘴气
mimoz,含羞草
mitul,贻贝
moske,清真寺
motiv,动机
natri,钠
nikel,镍
nimfe,睡莲
noktu,夜鸟
nomad,游牧民
novel,小说
nunci,使者
oksid,氧化物
oktav,八度音
oniks,缟玛瑙
optik,光学
orbit,轨道
oriol,黄鹂
ovaci,喝彩
pagod,佛塔
panel,面板
panik,恐慌
paraf,签名
patos,激情
pedal,踏板
pedel,小官
peoni,牡丹
peruk,假发
pigme,俾格米
pirat,海盗
pivot,枢轴
polip,息肉
polis,保单
pomad,发油
prior,院长
prism,棱镜
psalm,圣歌
raket,火箭
rebus,谜语
retin,视网膜
retor,修辞学教师
rezed,木犀草
ricin,蓖麻
rokok,洛可可
rubus,覆盆子
rutin,惯例
saliv,唾液
satan,撒旦
saten,缎
seraf,炽天使
sifon,虹吸
sinap,芥末
sinod,宗会
siren,塞壬
skalp,头皮
skerc,诙谐曲
skism,分裂
sonat,奏鸣曲
sonet,十四行诗
spasm,痉挛
sperm,精液
splen,抑郁症
stopl,割株
strof,节
sutan,法衣
sxose,车道
sxpat,犁
taler,货币
tanin,单宁
tarok,塔罗
teism,有神论
teist,有神论者
templ,寺庙
tenor,男高音
teror,恐怖
tindr,火绒
tiran,暴君
tonel,吨位
trofe,奖杯
trust,信任
tunik,长袍
utopi,乌托邦
vanel,鸟
vinkt,扣件
viper,蝰蛇
viski,威士忌
zefir,微风
advent,降临节
aksiom,公理
akvari,鱼缸
algebr,代数
alkemi,炼金术
ambici,野心
amulet,护身符
anagal,蓝星花
anarki,无政府状态
anatom,解剖学
ancxov,凤尾鱼
anemon,银莲花
anilin,苯胺
aplomb,镇定
apolog,道歉
arbust,灌木
arhxiv,档案
asesor,陪审员
ateism,无神论
ateist,无神论者
auxkci,拍卖
balast,压舱物
balkon,阳台
balzam,香膏
bandit,山贼
barbar,野蛮人
barier,障碍
bateri,电池
batist,巴蒂斯特布
bazalt,玄武岩
beletr,美文
bilanc,资产负债表
bilard,台球
binokl,双筒镜
biolog,生物学
blazon,徽章
blokad,封锁
bordel,妓院
braman,婆罗门
brigad,旅团
buduar,闺房
burnus,斗篷
celeri,芹菜
cidoni,榅桲
ciklon,低压
ciklop,独眼巨人
dekret,法令
depesx,急报
despot,暴君
diabet,糖尿病
diadem,王冠饰
diakon,助祭
diplom,文凭
divizi,分配
dragon,龙
eklips,食
eksces,过量
ekstaz,狂喜
ekvaci,方程式
emblem,徽章
emulsi,乳剂
endivi,菊苣
epilog,尾声
epitet,修饰词
epizod,插曲
erupci,喷发
eskort,护送
estrad,台
etiket,礼仪
euxnuk,太监
ezofag,食道
faktor,因素
falang,方阵
fanfar,号角
feniks,凤凰
feston,节日
feticx,偶像
fleksi,屈曲
floren,弗罗林
format,印章
frakci,分数
fregat,护卫舰
galant,雪割草
gangli,神经节
genist,金雀花
geolog,地质学家
gerani,天竺葵
gigant,巨人
glazur,釉料
glikoz,葡萄糖
glukoz,葡萄糖
gondol,贡多拉
grafit,石墨
gulden,盾
harpun,鱼叉
hetman,酋长
hipnot,催眠
incens,香
indeks,索引
inflam,炎症
jaguar,美洲豹
jezuit,耶稣会士
jxaket,晨礼服
kadavr,尸体
kadenc,节奏
kalibr,口径
kameli,山茶
kantat,清唱剧
kanton,郡
karbon,碳
karcer,牢房
karier,职业
kariol,轻马车
katedr,讲座
kauxci,保证金
kazern,军营
kokard,徽章
kolodi,火棉胶
koloni,殖民
kompas,罗盘
kondor,秃鹰
konjak,白兰地
korife,合唱队长
kornet,短号
korsar,海盗船
korset,束腰
korvet,护卫舰
kotlet,炸肉排
kursiv,斜体
laktuk,莴苣
lavend,薰衣草
loteri,彩票
lucern,吊灯
maksim,最大
malari,疟疾
marasm,衰弱
markiz,侯爵
martir,殉教者
masagx,按摩
mazurk,马祖卡
medium,灵媒
melodi,旋律
mentor,导师
merkat,市场
mespil,枸杞
meteor,气象
metrik,韵律学
mikrob,微生物
mirakl,奇迹
miriad,无数
molusk,软体动物
monark,君主
morfin,吗啡
mozaik,马赛克
munici,军用
nektar,神酒
orkide,兰花
pacxul,广藿香
parodi,仿作
pavian,狒狒
pedant,学究
pepsin,胃蛋白酶
petard,鞭炮
piastr,比阿斯特
pistil,雌蕊
podagr,痛风
ponton,平底船
portal,正门
portik,门廊
prelat,主教
prelud,前奏
premis,前提
profan,亵渎者
profil,侧面
prolog,序幕
puding,布丁
pupitr,讲台
pustul,脓疱
rabarb,大黄
regent,摄政
rektor,校长
relief,浮雕
retort,罐头
romanc,浪漫
rotond,圆形建筑
sandal,凉鞋
santal,檀木
sarong,纱笼
satrap,总督
sektor,扇形
septet,七重奏
serajl,宫殿
sevrug,鲟鱼
sfinks,狮身人面像
siluet,剪影
simbol,符号
sinkop,晕厥
sintez,合成
skelet,骨骼
sofist,诡辩家
spektr,光谱
spiral,螺旋
sponde,长格
suflor,提词器
sultan,苏丹
sxalup,小艇
sxankr,下疳
sxarad,字谜
taksus,紫杉
taktik,战术
talmud,塔木德
tamtam,鼓
tandem,串联车
tapiok,木薯球
teolog,神学家
teorem,定理
terapi,疗法
tercet,三行诗
termit,白蚁
tonsur,剃发
torped,鱼雷
trapez,梯形
tribut,贡品
triumf,凯旋
turbin,涡轮
unison,齐奏
uragan,飓风
vampir,吸血鬼
verand,阳台
vermut,苦艾酒
vinjet,装饰图
zigzag,之字形
zodiak,黄道带
admiral,海军上将
aerolit,陨石
aforism,格言
agronom,农学家
akrobat,杂技演员
akvarel,水彩
alegori,寓言
alhxemi,炼金术
almanak,年鉴
ambrozi,神食
ametist,紫水晶
amnesti,赦免
anagram,易位构词
analogi,类推
anapest,短短長格
anatomi,解剖
angelik,当归
anomali,异常
antilop,羚羊
antipod,对跖地
antitez,对立
apoteoz,神化
apozici,同位
arabesk,阿拉伯式
arkaism,古语
asonanc,谐音
atavism,返祖现象
atribut,属性
auxreol,光环
bankier,银行家
barikad,路障
bariton,男中音
bastard,私生子
bazilik,圣殿
biograf,传记作家
biologi,生物学
bisturi,手术刀
bombast,夸夸其谈
botanik,植物学
celuloz,纤维素
ceramik,陶瓷
cilindr,圆筒
cistern,蓄水池
citadel,堡垒
cxevron,椽子
demagog,煽动家
diagnoz,诊断
dialekt,方言
diametr,直径
difteri,白喉
diftong,双元音
dinamik,动力
dinamit,炸药
dinasti,王朝
doktrin,学说
ekspres,快车
eliksir,灵药
eminenc,阁下
epiderm,表皮
epifani,主显节
epigraf,碑文
epigram,警句
erudici,博学
estetik,美学
etim/olog##,
etiolog,病因学
evoluci,进化
farmaci,药学
filolog,文献学
filozof,哲学家
fonetik,音韵学
fronton,山墙
gangren,坏疽
gardeni,栀子
gencian,龙胆
geodezi,测地学
geograf,地理学家
geologi,地质学
geometr,几何学者
gerundi,动名词
gilotin,断头台
gimnast,体操教练
gimnazi,中学
guberni,省
hiacint,风信子
hipotek,抵押权
hipotez,假设
histeri,癔症
homonim,同音异义词
hxirurg,外科医生
judaism,犹太教
jxargon,行话
kalomel,甘汞
kanaben,紅雀
kanibal,食人
kanonik,教士
kaporal,下士
karamel,焦糖
karavan,商队
kartusx,卡通
katolik,天主教徒
kazemat,堡垒
komplot,阴谋
koncesi,特许
kontakt,接触
korsajx,胸衣
kreozot,克辽索特
kriteri,标准
kvadril,方阵舞
kvestor,出纳官
letargi,昏睡
liturgi,礼拜仪式
lozangx,菱形
lumbrik,蚯蚓
mahagon,桃花心木
majolik,马约利卡
makadam,碎石路
makaron,马卡龙
malakit,孔雀石
mansard,阁楼房间
margxen,边缘
matador,斗牛士
mekanik,机械
merlang,鱈鱼
metafor,隐喻
minaret,尖塔
mirabel,蜜李
molekul,分子
monarki,君主制
monolog,独白
monopol,垄断
nikotin,尼古丁
obelisk,方尖碑
oleandr,夹竹桃
oligark,寡头
omnibus,公共马车
onobrik,花生
optativ,愿望式
pacient,患者
palinur,龙虾
pamflet,传单
panoram,全景
papirus,纸莎草
parabol,抛物线
parafin,石蜡
paskvil,讽刺文
pasxtel,粉彩
patolog,病理学
patrici,贵族
patriot,爱国者
pedagog,教育者
pelerin,披肩
pension,宿舍
percept,感知
pilastr,柱形
piramid,金字塔
plagiat,抄袭
plantag,车前草
polemik,论战
prefekt,知事
procesi,处理
prognoz,预想
prozodi,韵律
puritan,清教徒
retorik,修辞学
revizor,检察官
samovar,茶炊
sarkasm,讽刺
segment,线段
sekreci,分泌
semafor,信号机
serenad,小夜曲
sifilis,梅毒
simetri,对称
simfoni,交响曲
simptom,症状
sinagog,犹太会堂
sinedri,公会
sinonim,同义词
sintaks,句法学
skandal,丑闻
skrupul,细心
stearin,硬脂
sugesti,暗示
sxiling,先令
taburet,凳子
tangent,正切
teokrat,神权者
teologi,神学
trombon,长号
ultimat,最后通牒
uvertur,序曲
variant,变体
vazelin,凡士林
verdikt,判决
veteran,老手
vokativ,呼格
abnegaci,牺牲
adjutant,副官
aeroplan,飞机
agronomi,农学
akvafort,蚀刻
akvilegi,耧斗菜
alabastr,雪花石膏
aligator,短吻鱷
ambulanc,救护车
antipati,反感
antologi,文集
apostrof,撇号
arbalest,弩
areometr,比重计
arkeolog,考古学家
arkitekt,建筑师
artileri,炮兵
astrolog,占星师
astronom,天文学家
atmosfer,大气
auxdienc,会见
balistik,弹道学
balzamin,凤仙花
banderol,带封
barelief,浅浮雕
batalion,营
bazilisk,蛇怪
biografi,传记
ceremoni,仪式
dekadenc,衰退
delegaci,代表团
demagogi,煽动
demokrat,民主者
diafragm,膈膜
diagonal,对角线
diapazon,音叉
didaktik,教学法
difterit,白喉
diktator,独裁者
discxipl,弟子
dispepsi,消化不良
ditiramb,酒神頌
dromedar,单峰驼
ekstrakt,提取
epilepsi,癫痫
erizipel,丹毒
etimologi##,
etiologi,病因学
etnograf,民族学者
evangeli,福音书
faksimil,传真
fakultat,学部
felieton,专栏
feminism,女权主义
feminist,女权主义者
filologi,文献学
filozofi,哲学
fiziolog,生理学
fonograf,筒式留声机
galantin,加兰丁
garnitur,饰品套装
garnizon,守备队
genealog,系谱学
geometri,几何学
glicerin,甘油
gliciriz,甘草
grafolog,笔迹学家
gramofon,留声机
gutaperk,古塔胶
halebard,戟
harmonik,口琴
hegemoni,霸权
hekatomb,百牛祭
hierarki,等级制度
hipodrom,赛马场
honorari,酬金
horoskop,星图
hortensi,绣球花
hxirurgi,外科
idiotism,成语
imperial,屋顶席
indigxen,土著人
inkognit,隐姓埋名
intervju,采访
kalendul,金盏花
kardinal,枢机卿
katafalk,棺台
katakomb,地下墓穴
katedral,大教堂
katekist,传道师
kavaleri,骑兵
komandit,合资公司
konfekci,成衣
konflikt,冲突
kontralt,女低音
kontrast,对比
konvenci,协定
kosmetik,化妆
kreditor,债权人
ksilofon,木琴
kvocient,商
labirint,迷宫
lauxreat,优胜者
logaritm,对数
logogrif,字谜
makaroni,通心粉
mandaren,官员
mandolin,曼陀林
manifest,显现
manometr,压力计
margarin,人造黄油
marionet,木偶
mauxzole,陵墓
mekanism,机械
melodram,情节剧
meridian,子午线
metronom,节拍器
metropol,大都市
mikrofon,麦克风
miniatur,微型画
monogram,字母组合
monomani,偏执狂
naftalin,萘
narkotik,麻醉药
navigaci,航行
nekrolog,讣告
nepotism,裙带关系
nihilism,虚无主义
nihilist,虚无主义者
nostalgi,怀旧
numismat,钱币学者
obligaci,债券
oligarhx,寡头
oligarki,寡头政治
optimism,乐观主义
optimist,乐观者
organism,生物
orografi,地形学
pacifism,和平主义
pacifist,和平主义者
palanken,轿子
panteism,泛神论
panteist,泛神论者
pantomim,哑剧
paradigm,词形变化表
parafraz,释义
paragraf,段落
partitur,总谱
patologi,病理
pedagogi,教育学
perimetr,周长
peristil,柱廊
pesimism,悲观
pesimist,悲观者
pleonasm,冗言
poliglot,多语言者
preterit,過去
procedur,程序
projekci,投影
proporci,比例
prospekt,说明书
protokol,记录
prototip,原型
prozelit,改宗者
psikolog,心理学家
referenc,参考
renesanc,文艺复兴
reputaci,声誉
revelaci,启示
revolver,左轮
rojalist,王党
sacerdot,祭司
sakristi,圣器室
sarkofag,石棺
seminari,研讨会
sensaci,轰动
sfinkter,括约肌
silogism,三段论
solecism,语法错误
stipendi,奖学金
strategi,战略
subvenci,补助金
talisman,护符
tamburin,铃鼓
tarantel,塔兰泰拉
tarantul,狼蛛
teleskop,望远镜
teokrati,神权政
tipograf,排版师
topograf,地形学者
toreador,斗牛士
transept,翼廊
tuberkul,结核
amfiteatr,圆形剧场
apopleksi,中风
arbitraci,仲裁
arhxeolog,考古学家
arhxitekt,建筑师
aritmetik,算术
arkeologi,考古学
arkipelag,群岛
astrologi,占星
astronomi,天文
auxditori,礼堂
auxtograf,亲笔
auxtokrat,独裁者
deklaraci,声明
demokrati,民主
dialektik,辩证法
disciplin,纪律
disenteri,痢疾
entomolog,昆虫学家
etnografi,民族志
filantrop,慈善家
fiziologi,生理学
fizionomi,面相
fotografi,摄影术
genealogi,家谱学
gladiator,角斗士
grafologi,笔迹学
harmonium,风琴
heksametr,六步格
heliotrop,向日葵
hidrofobi,恐水症
hieroglif,象形文字
higrometr,湿度计
hipopotam,河马
homeopati,同种疗法
ideografi,表意文字
imperativ,命令式
imperfekt,未完成过去时
impresari,主办人
indikativ,直陈法
infanteri,步兵队
infinitiv,不定式
inkvizici,宗教裁判
intendant,管家
kabriolet,敞篷车
kandelabr,烛台
karikatur,讽刺画
kartograf,制图师
kastanjet,响板
katalepsi,强硬症
katastrof,灾难
katehxist,教理教师
kompromis,妥协
konduktor,乘务员
konkurenc,竞争
kontinent,大陆
kontrabas,低音提琴
konvolvul,牵牛花
kosmogoni,宇宙起源
kosmograf,宇宙学
krizantem,菊花
kronologi,年代学
kronometr,计时器
krucifiks,十字架
kvadratur,求积法
litografi,石版印刷
lokomobil,移动蒸汽机
melankoli,忧郁
metafizik,形上学
mikrometr,微米计
mikroskop,显微镜
mineralog,矿物学者
monoteism,一神教
neologism,新词
oligarhxi,寡头
ornitolog,鸟类学家
ostracism,陶片放逐
paleograf,古文字学者
palisandr,紫檀
paroksism,激发
pentametr,五步格
plutokrat,财阀
politeism,多神教
providenc,天意
pulcxinel,丑角
purgatori,炼狱
recitativ,朗诵部
reformaci,宗教改革
rekrement,渣滓
repertuar,曲目
rezignaci,放弃
sakrament,圣礼
sekundant,见证人
skarlatin,猩红热
skolastik,经院哲学
somnambul,梦游者
sortiment,样品套装
spekulaci,投机
spiritism,招魂术
spiritist,灵媒
stalagmit,石笋
stalaktit,钟乳石
statistik,统计
sxovinism,沙文主义
sxovinist,沙文主义者
tipografi,排版
topografi,地形学
velociped,自行车
veterinar,兽医
vivisekci,活体解剖
abiturient,毕业生
alternativ,选择
anakronism,时代错误
antropolog,人类学者
arhxeologi,考古学
arhxipelag,群岛
aristokrat,贵族
arkitektur,建筑学
auxtokrati,专制政权
beletristik,美文
bibliograf,书目学
civilizaci,文明
dinamometr,测力计
ekskrement,排泄物
entomologi,昆虫学
euxkaristi,圣餐
filantropi,博爱
hipertrofi,肥大
ingredienc,成分
inkvizitor,宗教官
kartografi,制图法
koeficient,系数
kompliment,恭维
kongregaci,教团
konsistori,枢机会议
kontraband,走私
kontribuci,赔偿金
kosmografi,宇宙誌
kosmopolit,世界公民
krestomati,诗文集
kvintesenc,精华
manufaktur,制造厂
manuskript,稿件
metamorfoz,变身
meteorolog,气象学家
mineralogi,矿物学
naturalism,自然主义
numismatik,钱币学
ornitologi,鸟类学
paleografi,古文字学
perspektiv,视角
plutokrati,财阀政治
pneuxmatik,轮胎
prerogativ,特权
pseuxdonim,假名
stenografi,速记
subjunktiv,虚拟式
superlativ,最高级
tuberkuloz,結核症
admiralitat,海军总部
antropologi,人类学
aristokrati,贵族统治
bibliografi,书目学
cirkumfleks,抑扬符
demonstraci,示威
departement,部门
enciklopedi,百科全书
hermafrodit,雌雄同体
hidrostatik,流体静力学
hidroterapi,水疗法
imperialism,帝国主义
inauxguraci,仪式
kalejdoskop,万花筒
kondicional,条件式
konfederaci,邦联
konglomerat,砾岩
kontrapunkt,对位法
manifestaci,示威
metempsikoz,轮回
meteorologi,气象学
observatori,天文台
paleontolog,古生物学
pleuxronekt,比目鱼
protagonist,主角
protektorat,保护国
pseuxd,假名
racionalism,理性主义
racionalist,理性主义者
reuxmatism,风湿病
temperament,气质
tragikomedi,悲喜剧
administraci,管理
demonstrativ,指示词
konservatori,音乐学校
paleontologi,古生物学
paralelogram,平行四边形
spiritualism,唯心论
spiritualist,唯心论者
trigonometri,三角学
auxtobiografi,自传
t.e.,即
k.t.p.,等等
kiom,多少
kiom##,
kiom##,
dum,在…期间
dum##,
gxis,至
gxis##,
anstataux,替代
anstataux##,
kiu##,
kiu,谁
tiu##,
tiu##,
cxiu,每个
cxiu##,
neniu,没有
neniu##,
ambaux,两者
ambaux##,
tiu cxi##,
tiu cxi##,
fiks,固定
fiks##,
fals,假
fals##,
cxu##,
cxu,吗？
kial,为什么
kial##,
kiel,如何
kiel##,
tamen,然而
tamen##,
apenaux,刚…就…
apenaux##,
kvazaux,仿佛
kvazaux##,
cxirkaux,周围
cxirkaux##,
precip##,
precip,主要的
tut,全体
tut##,
rest##,
rest,剩下
cxiel,多样
cxiel##,
interes,引起兴趣
interes##,
lig,连
lig##,
rul,滚
rul##,
arm##,
arm,武装
fos,挖土
fos##,
plant,种植
plant##,
orient##,
orient,东
fald,折叠
fald##,
kaj,和
kaj##,
amas,群集
amas##,
kopi,复制
kopi##,
fotograf,摄影
fotograf##,
cxar,因
cxar##,
fikci##,
fikci,虚构
nul,零
nul##,
klar##,
klar,清楚
artikol,冠词
artikol##,
auxgust,八月
auxgust##,
por,为
por##,
opozici,反对
opozici##,
fot,拍照
vibr,振动
oscil,振动
fluktu,波动
indigo,靛青
ad,继续
ad,继续
ag,行事
al,向
am,爱
an,员
ar,群体
as,现在时尾
at,进行中
av,祖父
bo,姻亲
ci,你
da,的量
de,的
di,神
Di,神
do,那么
du,二
ec,性
eg,强大
ej,地
ek,开始
el,从中
em,倾向
en,在
er,分子
et,弱小
fe,精灵
fi,呸
fi,卑劣
ge,两性
ha,啊！
he,喂！
ho,哇！
ia,某种
id,后代
ie,某处
ig,使
il,工具
in,雌性
io,某物某事
ir,走
is,過去式
it,被动
iu,某～
iu,某人
ja,确实
je,在
ju,越
ke,连
l',定冠词
la,定冠词
li,他
lu,租赁
mi,我
ne,不
ni,我们
nj,女
nu,注意
od,頌歌
ok,8
ol,比
on,分之一
op,集合数
or,金
os,将来时
ot,将要
ov,蛋
pi,虔诚
po,每
re,再
se,如果
si,自己
te,茶
uj,器皿
ul,者
um,不定
ur,野牛
us,虚拟动词尾
uz,用
ve,哎呀
vi,你，你们
