###世界语单词," 
",Unnamed: 2
adiaux, ,
bis, ,
hura, ,
uxa, ,
kia, ,
tia, ,
cxia, ,
kies, ,
nenia, ,
ali, ,
alt, ,
bel, ,
bon, ,
jun, ,
nov, ,
sam, ,
fort, ,
grav, ,
kelk, ,
last, ,
long, ,
mult, ,
plen, ,
ricx, ,
rugx, ,
facil, ,
grand, ,
liber, ,
rapid, ,
felicx, ,
proksim, ,
fru, ,
pur, ,
sol, ,
ver, ,
cert, ,
nigr, ,
varm, ,
afabl, ,
blank, ,
dolcx, ,
neces, ,
propr, ,
simpl, ,
dekstr, ,
kuragx, ,
trankvil, ,
blu, ,
dik, ,
gaj, ,
hel, ,
kar, ,
lac, ,
san, ,
sat, ,
just, ,
prav, ,
pret, ,
util, ,
verd, ,
apart, ,
atent, ,
fremd, ,
gxust, ,
komun, ,
largx, ,
agrabl, ,
divers, ,
intern, ,
suficx, ,
kontent, ,
profund, ,
mol, ,
pez, ,
sek, ,
brun, ,
egal, ,
flav, ,
griz, ,
kulp, ,
lert, ,
rekt, ,
sagx, ,
vast, ,
ceter, ,
fresx, ,
simil, ,
kapabl, ,
serioz, ,
efektiv, ,
ordinar, ,
akr, ,
fam, ,
ies, ,
avar, ,
dens, ,
eben, ,
fier, ,
firm, ,
nepr, ,
plat, ,
plur, ,
surd, ,
vigl, ,
fidel, ,
kviet, ,
matur, ,
sankt, ,
spert, ,
subit, ,
tauxg, ,
honest, ,
konven, ,
plur, ,
preciz, ,
strang, ,
delikat, ,
gxentil, ,
komfort, ,
pacienc, ,
special, ,
gxeneral, ,
konstant, ,
lam, ,
mut, ,
nud, ,
pal, ,
ruz, ,
van, ,
acid, ,
glat, ,
kler, ,
krud, ,
mild, ,
abund, ,
blind, ,
blond, ,
cxarm, ,
etern, ,
favor, ,
graci, ,
humil, ,
lauxt, ,
sever, ,
stult, ,
fortik, ,
frenez, ,
kurioz, ,
privat, ,
sincer, ,
evident, ,
oportun, ,
prudent, ,
sci/vol##, ,
diligent, ,
proksim/um##, ,
ard, ,
avid, ,
brav, ,
ebri, ,
krut, ,
naiv, ,
nobl, ,
sobr, ,
humid, ,
ident, ,
komik, ,
kripl, ,
kruel, ,
moder, ,
sagac, ,
seren, ,
sprit, ,
akurat, ,
fervor, ,
inklin, ,
jxaluz, ,
kapric, ,
modern, ,
modest, ,
nenies, ,
normal, ,
sovagx, ,
ekstrem, ,
elegant, ,
eminent, ,
komplet, ,
oficial, ,
perfekt, ,
probabl, ,
reciprok, ,
indiferent, ,
inteligent, ,
amar, ,
imun, ,
real, ,
ties, ,
unik, ,
vant, ,
virg, ,
aktiv, ,
civil, ,
cxies, ,
elast, ,
human, ,
intim, ,
kaduk, ,
koket, ,
lojal, ,
malic, ,
mir/ind##, ,
rauxk, ,
rigid, ,
sekur, ,
solen, ,
tener, ,
valid, ,
abrupt, ,
absurd, ,
aktual, ,
arbitr, ,
auxdac, ,
ekzakt, ,
furioz, ,
graved, ,
klasik, ,
majest, ,
nervoz, ,
oblikv, ,
obstin, ,
plen/agx##, ,
social, ,
subtil, ,
tragik, ,
absolut, ,
kontant, ,
popular, ,
relativ, ,
sin/don##, ,
solidar, ,
vegetar, ,
familiar, ,
grandioz, ,
kolektiv, ,
sin/gard##, ,
kompetent, ,
universal, ,
kvit, ,
miop, ,
punc, ,
ranc, ,
cxast, ,
ekstr, ,
masiv, ,
antikv, ,
arogant, ,
konform, ,
trivial, ,
elokvent, ,
kriminal, ,
predikat, ,
akut, ,
dual, ,
hirt, ,
kalv, ,
banal, ,
cinik, ,
gotik, ,
inert, ,
obtuz, ,
okult, ,
pasiv, ,
rigor, ,
stoik, ,
analog, ,
anonim, ,
arkaik, ,
diafan, ,
efemer, ,
erotik, ,
fiktiv, ,
formal, ,
frivol, ,
intens, ,
invers, ,
konciz, ,
konkav, ,
mistik, ,
neuxtr, ,
vulgar, ,
akcesor, ,
apokrif, ,
arhxaik, ,
burlesk, ,
decimal, ,
diskret, ,
fanatik, ,
grotesk, ,
konkret, ,
kontinu, ,
liberal, ,
monoton, ,
negativ, ,
nominal, ,
pozitiv, ,
radikal, ,
skeptik, ,
solvent, ,
abstrakt, ,
auxtonom, ,
eventual, ,
inkluziv, ,
neuxtral, ,
objektiv, ,
ortodoks, ,
primitiv, ,
provizor, ,
racional, ,
romantik, ,
sinoptik, ,
spontane, ,
auxtentik, ,
definitiv, ,
ekskluziv, ,
korelativ, ,
respektiv, ,
subjektiv, ,
transitiv, ,
spekulativ, ,
impertinent, ,
konservativ, ,
sentimental, ,
dek, ,
mil, ,
sep, ,
ses, ,
tri, ,
unu, ,
cent, ,
kvar, ,
kvin, ,
naux, ,
aux, ,
nek, ,
sed, ,
kvankam, ,
plus, ,
minus, ,
cxe, ,
kun, ,
per, ,
pri, ,
pro, ,
sen, ,
sub, ,
sur, ,
tra, ,
apud, ,
krom, ,
laux, ,
post, ,
inter, ,
super, ,
trans, ,
antaux, ,
ekster, ,
preter, ,
kontraux, ,
malgraux, ,
gxi, ,
ili, ,
kio, ,
oni, ,
sxi, ,
tio, ,
cxio, ,
nenio, ,
tio cxi##, ,
dis, ,
mal, ,
cxef, ,
eks, ,
mis, ,
pra, ,
dev, ,
dir, ,
don, ,
est, ,
far, ,
fin, ,
hav, ,
kon, ,
leg, ,
lev, ,
met, ,
mov, ,
pet, ,
pov, ,
rid, ,
sci, ,
sid, ,
ten, ,
ven, ,
vid, ,
viv, ,
vol, ,
gxoj, ,
help, ,
kred, ,
lern, ,
logx, ,
mort, ,
okaz, ,
port, ,
pren, ,
sekv, ,
send, ,
star, ,
dezir, ,
labor, ,
milit, ,
montr, ,
parol, ,
ricev, ,
skrib, ,
sxajn, ,
vetur, ,
demand, ,
komenc, ,
kompren, ,
respond, ,
bat, ,
fal, ,
kri, ,
kur, ,
las, ,
lum, ,
mir, ,
pag, ,
pas, ,
reg, ,
son, ,
tim, ,
tir, ,
auxd, ,
brul, ,
dank, ,
dorm, ,
ferm, ,
flug, ,
halt, ,
jxet, ,
kant, ,
kost, ,
mank, ,
nask, ,
okup, ,
pens, ,
perd, ,
prem, ,
prov, ,
sent, ,
turn, ,
acxet, ,
atend, ,
bezon, ,
kresk, ,
mangx, ,
memor, ,
sercx, ,
trink, ,
konsil, ,
permes, ,
postul, ,
rakont, ,
rigard, ,
rimark, ,
sxangx, ,
vojagx, ,
konstru, ,
prezent, ,
renkont, ,
bru, ,
dub, ,
lav, ,
lud, ,
pen, ,
vek, ,
vok, ,
aper, ,
bril, ,
erar, ,
fest, ,
frap, ,
gajn, ,
kapt, ,
kasx, ,
kovr, ,
kuir, ,
kusx, ,
pasx, ,
plor, ,
romp, ,
salt, ,
serv, ,
tusx, ,
vend, ,
zorg, ,
batal, ,
elekt, ,
esper, ,
koler, ,
mezur, ,
opini, ,
ordon, ,
plend, ,
ripoz, ,
salut, ,
sufer, ,
akcept, ,
forges, ,
kalkul, ,
komerc, ,
konduk, ,
pardon, ,
silent, ,
trancx, ,
konsent, ,
auxskult, ,
ban, ,
flu, ,
kre, ,
mok, ,
amuz, ,
cxes, ,
efik, ,
gard, ,
jugx, ,
klin, ,
pend, ,
pusx, ,
spir, ,
stud, ,
sxat, ,
tond, ,
traf, ,
ating, ,
decid, ,
estim, ,
invit, ,
kurac, ,
marsx, ,
placx, ,
ripet, ,
sxlos, ,
sxtel, ,
vizit, ,
arangx, ,
ekzist, ,
instru, ,
intenc, ,
kompat, ,
prefer, ,
prepar, ,
promen, ,
promes, ,
sukces, ,
konserv, ,
bol, ,
kis, ,
obe, ,
paf, ,
pel, ,
pik, ,
pun, ,
sav, ,
tus, ,
akir, ,
apog, ,
atak, ,
bala, ,
blov, ,
cxas, ,
danc, ,
eduk, ,
evit, ,
fleg, ,
glit, ,
gvid, ,
gxen, ,
hejt, ,
hont, ,
imag, ,
imit, ,
komb, ,
mend, ,
miks, ,
nagx, ,
plug, ,
pres, ,
soif, ,
spez, ,
sxir, ,
trem, ,
trov, ,
venk, ,
visx, ,
volv, ,
anonc, ,
aprob, ,
avert, ,
merit, ,
minac, ,
pentr, ,
posed, ,
pregx, ,
rifuz, ,
rilat, ,
ripar, ,
skrap, ,
sxerc, ,
tromp, ,
defend, ,
desegn, ,
esting, ,
inform, ,
kompar, ,
kondut, ,
konfes, ,
konsci, ,
kultur, ,
mensog, ,
rezult, ,
rikolt, ,
strecx, ,
sxovel, ,
akompan, ,
aparten, ,
bedauxr, ,
konsist, ,
organiz, ,
progres, ,
respekt, ,
riprocx, ,
diferenc, ,
rekomend, ,
korespond, ,
enu, ,
fid, ,
gxu, ,
hak, ,
log, ,
pek, ,
pes, ,
raz, ,
dron, ,
fajf, ,
fand, ,
farm, ,
fart, ,
frot, ,
gxem, ,
krev, ,
kudr, ,
mord, ,
muel, ,
nutr, ,
odor, ,
rajd, ,
solv, ,
taks, ,
teks, ,
tent, ,
urgx, ,
babil, ,
detru, ,
difin, ,
distr, ,
diven, ,
divid, ,
etend, ,
evolu, ,
forgx, ,
frand, ,
grimp, ,
hezit, ,
krocx, ,
lauxd, ,
mason, ,
ofert, ,
ornam, ,
petol, ,
songx, ,
stern, ,
supoz, ,
sxirm, ,
sxpar, ,
sxtop, ,
sxuld, ,
sxvel, ,
toler, ,
versx, ,
aspekt, ,
dauxr/ig##, ,
difekt, ,
diskut, ,
domagx, ,
ekscit, ,
ekzerc, ,
esplor, ,
esprim, ,
konsol, ,
murmur, ,
prezid, ,
signif, ,
skulpt, ,
traduk, ,
ekskurs, ,
ekzamen, ,
komunik, ,
koncern, ,
konstat, ,
protekt, ,
protest, ,
renvers, ,
surpriz, ,
konsider, ,
persekut, ,
reprezent, ,
bak, ,
ben, ,
boj, ,
bor, ,
ced, ,
cit, ,
lek, ,
rab, ,
rav, ,
rem, ,
rev, ,
seg, ,
sku, ,
ted, ,
teg, ,
abon, ,
dung, ,
envi, ,
flar, ,
fond, ,
frit, ,
friz, ,
gest, ,
glad, ,
glut, ,
jxur, ,
kned, ,
macx, ,
melk, ,
migr, ,
munt, ,
ofer, ,
pent, ,
pruv, ,
pump, ,
putr, ,
ramp, ,
risk, ,
ronk, ,
rost, ,
sven, ,
sxov, ,
sxut, ,
tajl, ,
tord, ,
tren, ,
vari, ,
velk, ,
adici, ,
admir, ,
admon, ,
adopt, ,
akcel, ,
atest, ,
cxerp, ,
degel, ,
deleg, ,
fleks, ,
flirt, ,
hered, ,
influ, ,
kares, ,
medit, ,
nauxz, ,
osced, ,
pasxt, ,
pauxz, ,
pincx, ,
plekt, ,
regal, ,
ribel, ,
sopir, ,
sorcx, ,
strik, ,
sufok, ,
sving, ,
sxarg, ,
sxmir, ,
trakt, ,
tremp, ,
afrank, ,
asekur, ,
balanc, ,
barakt, ,
dedicx, ,
deklar, ,
destin, ,
disput, ,
escept, ,
festen, ,
frakas, ,
gratul, ,
ilustr, ,
import, ,
insist, ,
instal, ,
instig, ,
insult, ,
komand, ,
komisi, ,
konfid, ,
konfit, ,
konfuz, ,
konkur, ,
kritik, ,
observ, ,
penetr, ,
perfid, ,
proced, ,
raport, ,
reklam, ,
rezign, ,
rezist, ,
rifugx, ,
brak/um##, ,
civiliz, ,
cxagren, ,
de/pend##, ,
disting, ,
eksplod, ,
garanti, ,
komplez, ,
kondamn, ,
konfirm, ,
konjekt, ,
konklud, ,
kontrol, ,
konvink, ,
operaci, ,
plen/um##, ,
pretend, ,
suspekt, ,
turment, ,
distribu, ,
fanfaron, ,
kontrakt, ,
mastr/um##, ,
prokrast, ,
administr, ,
el/turn/igx##, ,
entrepren, ,
dec, ,
juk, ,
lul, ,
vad, ,
vag, ,
vet, ,
vom, ,
zum, ,
ador, ,
agit, ,
akuz, ,
alud, ,
bapt, ,
bind, ,
blek, ,
bred, ,
bucx, ,
cxif, ,
dikt, ,
dres, ,
ekip, ,
est/ig##, ,
fast, ,
flat, ,
flik, ,
fugx, ,
fusx, ,
garn, ,
grat, ,
hav/ig##, ,
izol, ,
jung, ,
lukt, ,
mugx, ,
opon, ,
palp, ,
pekl, ,
pere, ,
pli/ig##, ,
sark, ,
sekc, ,
sorb, ,
spit, ,
sucx, ,
svat, ,
tajp, ,
tern, ,
tikl, ,
tint, ,
trik, ,
trud, ,
vart, ,
adapt, ,
aplik, ,
asert, ,
asist, ,
balot, ,
cxe/est##, ,
delir, ,
depon, ,
deput, ,
enket, ,
eskap, ,
falcx, ,
flagr, ,
for/est##, ,
grinc, ,
ignor, ,
impet, ,
incit, ,
indik, ,
insid, ,
inund, ,
kracx, ,
liver, ,
menci, ,
modif, ,
ofend, ,
rezon, ,
rivel, ,
start, ,
susur, ,
sxpin, ,
trejn, ,
vengx, ,
abstin, ,
aflikt, ,
altern, ,
balbut, ,
cirkul, ,
dejxor, ,
denunc, ,
de/ten##, ,
dev/ont/ig##, ,
digest, ,
dispon, ,
dorlot, ,
eksped, ,
el/don##, ,
establ, ,
flustr, ,
grimac, ,
grumbl, ,
implik, ,
indign, ,
indulg, ,
infekt, ,
injekt, ,
inspir, ,
invent, ,
klopod, ,
kolizi, ,
kombin, ,
kompon, ,
konsum, ,
korekt, ,
lubrik, ,
manovr, ,
plongx, ,
preleg, ,
propon, ,
provok, ,
recenz, ,
redakt, ,
redukt, ,
revizi, ,
sxpruc, ,
aplauxd, ,
blasfem, ,
bon/vol##, ,
brokant, ,
eksport, ,
ekzekut, ,
gust/um##, ,
iniciat, ,
kalumni, ,
kompens, ,
komplik, ,
kontest, ,
manipul, ,
neglekt, ,
persist, ,
prononc, ,
prosper, ,
reflekt, ,
re/form##, ,
subtrah, ,
sxancel, ,
televid, ,
determin, ,
ekspluat, ,
koncentr, ,
mistifik, ,
preskrib, ,
revoluci, ,
riverenc, ,
interpret, ,
kompromit, ,
multiplik, ,
propagand, ,
konversaci, ,
interpelaci, ,
erp, ,
kov, ,
lut, ,
pep, ,
tan, ,
agac, ,
brod, ,
brog, ,
cxiz, ,
edif, ,
fajl, ,
krak, ,
kroz, ,
pist, ,
rasp, ,
rast, ,
rigl, ,
rukt, ,
sibl, ,
skiz, ,
sput, ,
steb, ,
stuk, ,
sxim, ,
torn, ,
trot, ,
urin, ,
varb, ,
adult, ,
afekt, ,
akusx, ,
arest, ,
asign, ,
atenc, ,
drasx, ,
drink, ,
ekzil, ,
filtr, ,
infuz, ,
kribr, ,
parad, ,
rabot, ,
rafin, ,
satur, ,
siegx, ,
skerm, ,
strab, ,
sxmac, ,
uzurp, ,
veget, ,
border, ,
cxikan, ,
degrad, ,
dibocx, ,
distil, ,
drapir, ,
gargar, ,
gravur, ,
guvern, ,
ilumin, ,
inokul, ,
intrig, ,
jxongl, ,
kartav, ,
kontuz, ,
likvid, ,
makler, ,
plauxd, ,
predik, ,
rembur, ,
ventol, ,
decxifr, ,
degener, ,
diskont, ,
ferment, ,
kalfatr, ,
kolport, ,
kompost, ,
konspir, ,
konvert, ,
paraliz, ,
proklam, ,
singult, ,
cxarpent, ,
hipokrit, ,
intermit, ,
konstern, ,
marcxand, ,
kapitulac, ,
kauxteriz, ,
komentari, ,
koment, ,
poz, ,
vak, ,
boks, ,
gxir, ,
kirl, ,
klak, ,
kluk, ,
knar, ,
murd, ,
pled, ,
sond, ,
tatu, ,
abdik, ,
abort, ,
agoni, ,
aklam, ,
amput, ,
aneks, ,
aspir, ,
deriv, ,
feder, ,
impon, ,
invad, ,
kauxr, ,
klacx, ,
klisx, ,
kotiz, ,
marin, ,
miaux, ,
modul, ,
refut, ,
rikan, ,
streb, ,
svarm, ,
sxveb, ,
absorb, ,
akapar, ,
analiz, ,
asimil, ,
asperg, ,
atribu, ,
auxgur, ,
bojkot, ,
cenzur, ,
dedukt, ,
deklam, ,
dekolt, ,
indukt, ,
kompil, ,
konced, ,
konker, ,
korupt, ,
kverel, ,
lament, ,
narkot, ,
stimul, ,
strigl, ,
sxrump, ,
amortiz, ,
anticip, ,
apelaci, ,
bankrot, ,
bombard, ,
emancip, ,
inspekt, ,
katekiz, ,
koincid, ,
konfisk, ,
konsekr, ,
konsult, ,
legitim, ,
mobiliz, ,
pilgrim, ,
improviz, ,
inauxgur, ,
karambol, ,
katehxiz, ,
klasifik, ,
kontribu, ,
litograf, ,
prostitu, ,
centraliz, ,
stenograf, ,
ekskomunik, ,
karakteriz, ,
ajx, ,
ant, ,
ebl, ,
igx, ,
ind, ,
int, ,
ism, ,
ist, ,
obl, ,
ont, ,
estr, ,
acx, ,
cxj##, ,
end, ,
ing, ,
ajn, ,
cxi##, ,
ecx##, ,
for, ,
iam, ,
iom, ,
jam, ,
jen, ,
jes, ,
kie, ,
mem, ,
nun, ,
nur, ,
pli, ,
plu, ,
tie, ,
tre, ,
tro, ,
tuj, ,
cxie, ,
jxus, ,
kiam, ,
plej, ,
tial, ,
tiam, ,
tiel, ,
tiom, ,
cxiam, ,
nenie, ,
ankaux, ,
neniam, ,
baldaux, ,
hieraux, ,
hodiaux, ,
morgaux, ,
tie cxi##, ,
almenaux, ,
ankoraux, ,
preskaux, ,
tiel cxi##, ,
oft, ,
ial, ,
iel, ,
volont, ,
des, ,
neniom, ,
cxial, ,
cxiom, ,
ia/foj##, ,
nenial, ,
neniel, ,
parker, ,
foj, ,
hom, ,
jar, ,
kap, ,
kor, ,
lok, ,
man, ,
nom, ,
tag, ,
ter, ,
vir, ,
voj, ,
afer, ,
amik, ,
form, ,
kamp, ,
land, ,
mond, ,
naci, ,
patr, ,
temp, ,
vort, ,
flank, ,
infan, ,
patr/in##, ,
cxambr, ,
sinjor, ,
akv, ,
arb, ,
art, ,
dom, ,
edz, ,
fil, ,
har, ,
hor, ,
lit, ,
mar, ,
mon, ,
mur, ,
pac, ,
pec, ,
sun, ,
urb, ,
bild, ,
bird, ,
busx, ,
frat, ,
hejm, ,
knab, ,
kort, ,
libr, ,
mont, ,
okul, ,
part, ,
pied, ,
pord, ,
rajt, ,
tabl, ,
vent, ,
vest, ,
fingr, ,
frukt, ,
kolor, ,
leter, ,
lingv, ,
maten, ,
popol, ,
punkt, ,
rimed, ,
valor, ,
cxeval, ,
famili, ,
frauxl, ,
person, ,
semajn, ,
vesper, ,
vizagx, ,
fenestr, ,
aer, ,
agx, ,
cel, ,
fer, ,
ide, ,
kat, ,
kol, ,
mez, ,
naz, ,
nub, ,
ord, ,
pan, ,
roz, ,
best, ,
bord, ,
brak, ,
dent, ,
fajr, ,
fisx, ,
flor, ,
glas, ,
hund, ,
korp, ,
lakt, ,
lign, ,
lini, ,
mark, ,
negx, ,
nokt, ,
onkl, ,
orel, ,
plum, ,
pluv, ,
rond, ,
sang, ,
segx, ,
spec, ,
stat, ,
supr, ,
sxip, ,
vitr, ,
angul, ,
dauxr, ,
dolor, ,
gazet, ,
kauxz, ,
kutim, ,
minut, ,
monat, ,
natur, ,
nombr, ,
paper, ,
plank, ,
river, ,
somer, ,
staci, ,
strat, ,
suker, ,
sxton, ,
vagon, ,
veter, ,
vintr, ,
auxtun, ,
cxapel, ,
direkt, ,
kolekt, ,
moment, ,
plezur, ,
vilagx, ,
ekzempl, ,
gxarden, ,
histori, ,
printemp, ,
bov, ,
ink, ,
kaf, ,
kok, ,
kuk, ,
kuz, ,
lag, ,
lim, ,
lun, ,
maj, ,
pak, ,
sak, ,
sum, ,
tru, ,
vin, ,
anim, ,
azen, ,
benk, ,
dors, ,
foli, ,
font, ,
fund, ,
genu, ,
gren, ,
grup, ,
herb, ,
juli, ,
juni, ,
kart, ,
klas, ,
korb, ,
kruc, ,
krur, ,
lang, ,
legx, ,
lund, ,
mard, ,
mart, ,
ofic, ,
ombr, ,
pagx, ,
pork, ,
posx, ,
radi, ,
regx, ,
senc, ,
stel, ,
sxaf, ,
verk, ,
vocx, ,
adres, ,
april, ,
brust, ,
buter, ,
donac, ,
glaci, ,
kuler, ,
mastr, ,
muzik, ,
numer, ,
posxt, ,
prunt, ,
sabat, ,
sxtat, ,
sxtup, ,
teler, ,
terur, ,
vapor, ,
insekt, ,
januar, ,
jxauxd, ,
kovert, ,
krajon, ,
manier, ,
objekt, ,
oktobr, ,
plafon, ,
region, ,
religi, ,
spirit, ,
argxent, ,
dangxer, ,
decembr, ,
dimancx, ,
februar, ,
horlogx, ,
merkred, ,
novembr, ,
produkt, ,
vendred, ,
septembr, ,
bar, ,
bek, ,
fak, ,
fum, ,
gas, ,
gut, ,
jak, ,
kel, ,
kuv, ,
lip, ,
nep, ,
nev, ,
not, ,
ole, ,
ond, ,
ost, ,
par, ,
pom, ,
pot, ,
rad, ,
ret, ,
sal, ,
sap, ,
sem, ,
sud, ,
sup, ,
sxu, ,
tas, ,
tol, ,
tuk, ,
ung, ,
val, ,
vic, ,
barb, ,
bros, ,
fakt, ,
flag, ,
fork, ,
forn, ,
gast, ,
gras, ,
kapr, ,
karb, ,
kest, ,
korn, ,
krim, ,
lamp, ,
mebl, ,
mien, ,
musx, ,
nord, ,
past, ,
pilk, ,
pint, ,
polv, ,
pont, ,
prez, ,
rand, ,
regn, ,
seri, ,
sign, ,
sort, ,
spic, ,
vang, ,
vost, ,
vund, ,
botel, ,
buton, ,
cifer, ,
faden, ,
frunt, ,
hauxt, ,
honor, ,
insul, ,
kajer, ,
kamen, ,
legom, ,
liter, ,
metal, ,
pingl, ,
polic, ,
polur, ,
premi, ,
regul, ,
sezon, ,
sxanc, ,
sxnur, ,
tabul, ,
viand, ,
baston, ,
brancx, ,
cxemiz, ,
doktor, ,
kravat, ,
lecion, ,
masxin, ,
milion, ,
najbar, ,
parenc, ,
publik, ,
scienc, ,
sekret, ,
skatol, ,
soldat, ,
spegul, ,
sxargx, ,
sxrank, ,
tualet, ,
cxapitr, ,
fromagx, ,
kondicx, ,
praktik, ,
serpent, ,
sxtrump, ,
tegment, ,
telefon, ,
industri, ,
kilogram, ,
okcident, ,
pantalon, ,
abi, ,
agl, ,
ber, ,
bot, ,
bul, ,
dat, ,
glu, ,
jup, ,
kav, ,
lan, ,
led, ,
mod, ,
mor, ,
pin, ,
pip, ,
piz, ,
put, ,
rel, ,
riz, ,
rok, ,
suk, ,
tem, ,
tub, ,
tur, ,
vat, ,
vaz, ,
zon, ,
arme, ,
bank, ,
bien, ,
bier, ,
bret, ,
brik, ,
cikl, ,
cxap, ,
drat, ,
epok, ,
fask, ,
feri, ,
film, ,
flam, ,
flos, ,
fojn, ,
fulm, ,
glob, ,
grad, ,
gust, ,
kadr, ,
krem, ,
kurb, ,
kurs, ,
larm, ,
leon, ,
litr, ,
luks, ,
meti, ,
metr, ,
najl, ,
nest, ,
pajl, ,
plac, ,
plad, ,
plan, ,
poet, ,
pugn, ,
ring, ,
sabl, ,
scen, ,
skal, ,
soci, ,
spac, ,
stal, ,
task, ,
tomb, ,
verm, ,
vers, ,
viol, ,
agord, ,
balon, ,
bilet, ,
burgx, ,
centr, ,
etagx, ,
farun, ,
figur, ,
frost, ,
gorgx, ,
grund, ,
haven, ,
hotel, ,
humor, ,
karot, ,
katar, ,
kling, ,
koton, ,
kvant, ,
lepor, ,
makul, ,
manik, ,
membr, ,
mizer, ,
nebul, ,
organ, ,
parti, ,
pastr, ,
radik, ,
serur, ,
solid, ,
sonor, ,
strek, ,
sxvit, ,
tabak, ,
tabel, ,
titol, ,
tondr, ,
valiz, ,
ventr, ,
alumet, ,
aparat, ,
brasik, ,
citron, ,
cxifon, ,
dekliv, ,
dezert, ,
elektr, ,
energi, ,
fiancx, ,
hirund, ,
kelner, ,
kvalit, ,
majstr, ,
mantel, ,
martel, ,
matrac, ,
menton, ,
orangx, ,
origin, ,
potenc, ,
salajr, ,
sekund, ,
societ, ,
stomak, ,
sxultr, ,
tapisx, ,
tritik, ,
aventur, ,
cigared, ,
distanc, ,
embaras, ,
kamarad, ,
kaserol, ,
komitat, ,
kongres, ,
kvadrat, ,
magazen, ,
pasport, ,
politik, ,
registr, ,
ter/pom##, ,
akcident, ,
auxtobus, ,
auxtomat, ,
cxokolad, ,
direktor, ,
instinkt, ,
karakter, ,
kauxcxuk, ,
material, ,
standard, ,
telegraf, ,
restoraci, ,
ark, ,
baz, ,
beb, ,
bub, ,
bud, ,
fel, ,
hok, ,
huf, ,
jur, ,
kas, ,
kin, ,
kom, ,
kot, ,
lup, ,
mam, ,
map, ,
min, ,
mus, ,
net, ,
nod, ,
orf, ,
ort, ,
pat, ,
pil, ,
pir, ,
pup, ,
rat, ,
rip, ,
rob, ,
tip, ,
ton, ,
urs, ,
var, ,
vel, ,
vit, ,
abel, ,
auxt, ,
bluz, ,
boat, ,
brov, ,
cerb, ,
cxek, ,
cxen, ,
disk, ,
dram, ,
drap, ,
dusx, ,
ezok, ,
farb, ,
febr, ,
fend, ,
foir, ,
fost, ,
frag, ,
fulg, ,
funt, ,
gant, ,
geni, ,
glor, ,
golf, ,
hajl, ,
hero, ,
kemi, ,
kord, ,
kork, ,
krad, ,
kran, ,
kret, ,
kriz, ,
kron, ,
kugl, ,
kupr, ,
lift, ,
list, ,
mast, ,
nadl, ,
nerv, ,
oliv, ,
park, ,
pasi, ,
pask, ,
pelt, ,
plet, ,
poem, ,
proz, ,
pulm, ,
pulv, ,
rang, ,
revu, ,
ritm, ,
seks, ,
sens, ,
silk, ,
simi, ,
sojl, ,
stil, ,
stri, ,
sxel, ,
tend, ,
verb, ,
verg, ,
vert, ,
vidv, ,
virt, ,
vual, ,
vulp, ,
afisx, ,
album, ,
almoz, ,
arane, ,
asoci, ,
avenu, ,
aviad/il##, ,
barel, ,
bazar, ,
betul, ,
brems, ,
butik, ,
detal, ,
diabl, ,
emoci, ,
enigm, ,
esenc, ,
fauxk, ,
fizik, ,
framb, ,
grajn, ,
hxemi, ,
ideal, ,
juvel, ,
katen, ,
kitel, ,
krucx, ,
krust, ,
kubut, ,
kukol, ,
kverk, ,
lamen, ,
marcx, ,
metod, ,
model, ,
motor, ,
nivel, ,
palac, ,
panj, ,
penik, ,
piocx, ,
plumb, ,
poezi, ,
salon, ,
sauxc, ,
sitel, ,
sklav, ,
sport, ,
stamp, ,
stang, ,
stump, ,
sxtal, ,
sxtof, ,
teatr, ,
teori, ,
teren, ,
trajn, ,
trajt, ,
trunk, ,
venen, ,
vesxt, ,
abomen, ,
angxel, ,
animal, ,
apetit, ,
apotek, ,
benzin, ,
bicikl, ,
bombon, ,
cement, ,
cxeriz, ,
desert, ,
fabrik, ,
financ, ,
funebr, ,
funkci, ,
garagx, ,
imperi, ,
impost, ,
impres, ,
kalkan, ,
kalson, ,
kamion, ,
kandel, ,
kanzon, ,
kastel, ,
klient, ,
kol/um##, ,
kurten, ,
mandat, ,
mister, ,
moskit, ,
muskol, ,
ombrel, ,
pacxj, ,
parfum, ,
patron, ,
petrol, ,
posten, ,
pozici, ,
proces, ,
profit, ,
proviz, ,
pulvor, ,
recept, ,
rekord, ,
rezerv, ,
signal, ,
sistem, ,
surfac, ,
sxofor, ,
tajlor, ,
trezor, ,
trikot, ,
vakcin, ,
advokat, ,
alkohol, ,
ampleks, ,
brosxur, ,
bulvard, ,
deficit, ,
ekonomi, ,
elefant, ,
jxurnal, ,
kabinet, ,
kapital, ,
koncert, ,
krepusk, ,
kvartal, ,
miliard, ,
pejzagx, ,
problem, ,
profesi, ,
simpati, ,
student, ,
sxrauxb, ,
tempest, ,
traktor, ,
tri/angul##, ,
trotuar, ,
adjektiv, ,
dekoraci, ,
ekvilibr, ,
esperant, ,
hospital, ,
intelekt, ,
kalendar, ,
kilometr, ,
komision, ,
mehxanik, ,
milimetr, ,
original, ,
pretekst, ,
struktur, ,
telegram, ,
tribunal, ,
bibliotek, ,
fundament, ,
ingxenier, ,
konferenc, ,
konscienc, ,
literatur, ,
mehxanism, ,
rekompenc, ,
respublik, ,
sekretari, ,
apartament, ,
auxtomobil, ,
auxtoritat, ,
instrument, ,
medikament, ,
temperatur, ,
cirkonstanc, ,
eksperiment, ,
mal/varm/um##, ,
ajl, ,
akn, ,
aks, ,
akt, ,
ale, ,
alg, ,
apr, ,
azi, ,
bal, ,
bet, ,
buk, ,
cep, ,
cir, ,
dot, ,
ehx, ,
fab, ,
fac, ,
fag, ,
fig, ,
gal, ,
gru, ,
gum, ,
hal, ,
jug, ,
kal, ,
kaz, ,
kub, ,
lad, ,
lak, ,
lap, ,
lin, ,
lot, ,
luk, ,
mas, ,
mat, ,
nuk, ,
pap, ,
pav, ,
pig, ,
pus, ,
ran, ,
ren, ,
rib, ,
rim, ,
rol, ,
ros, ,
sag, ,
sin, ,
ski, ,
sof, ,
tig, ,
tuf, ,
tun, ,
vip, ,
akci, ,
atom, ,
aven, ,
bant, ,
bark, ,
bask, ,
bend, ,
blok, ,
bors, ,
bovl, ,
brid, ,
brut, ,
bukl, ,
bulb, ,
bulk, ,
cerv, ,
cign, ,
cxel, ,
dand, ,
diet, ,
dorn, ,
etap, ,
etat, ,
fecx, ,
felt, ,
frak, ,
fraz, ,
fung, ,
garb, ,
gent, ,
glav, ,
gobi, ,
gram, ,
greg, ,
grip, ,
grot, ,
gudr, ,
gxib, ,
hegx, ,
himn, ,
hxor, ,
kacx, ,
kagx, ,
kaka, ,
kakt, ,
karn, ,
karp, ,
kejl, ,
kern, ,
klub, ,
korv, ,
kosm, ,
kult, ,
lacx, ,
lard, ,
larv, ,
lice, ,
likv, ,
lili, ,
maiz, ,
malv, ,
mens, ,
menu, ,
miel, ,
musk, ,
muze, ,
nuks, ,
oper, ,
oval, ,
palm, ,
palt, ,
pane, ,
perl, ,
pian, ,
pice, ,
pipr, ,
plag, ,
prun, ,
pudr, ,
punt, ,
raci, ,
rent, ,
ruin, ,
rust, ,
situ, ,
sled, ,
sorg, ,
spik, ,
spur, ,
stan, ,
sulk, ,
takt, ,
tali, ,
tigr, ,
tort, ,
tram, ,
trup, ,
vaks, ,
vejn, ,
vesp, ,
vind, ,
zink, ,
afrik, ,
agent, ,
akord, ,
akrid, ,
aktor, ,
alarm, ,
ampol, ,
angil, ,
anser, ,
artik, ,
bacil, ,
bambu, ,
banan, ,
brand, ,
bronz, ,
buked, ,
cigar, ,
cikad, ,
cinam, ,
cindr, ,
cirkl, ,
civit, ,
cxerk, ,
debet, ,
diant, ,
dogan, ,
efekt, ,
ekran, ,
emajl, ,
event, ,
fabel, ,
fasad, ,
fason, ,
fluid, ,
fotel, ,
front, ,
funel, ,
gxerm, ,
hepat, ,
horde, ,
infer, ,
ironi, ,
kaban, ,
kahel, ,
kajut, ,
kamel, ,
kanal, ,
kankr, ,
karaf, ,
kokos, ,
krani, ,
krest, ,
kukum, ,
kupon, ,
kusen, ,
latun, ,
lauxb, ,
lekci, ,
lesiv, ,
limak, ,
logik, ,
lotus, ,
melon, ,
moral, ,
muzel, ,
nilon, ,
ocean, ,
palat, ,
palis, ,
papag, ,
paser, ,
pensi, ,
peron, ,
pilot, ,
pland, ,
plast, ,
porci, ,
princ, ,
pupil, ,
rabat, ,
rafan, ,
rauxp, ,
resum, ,
rimen, ,
roman, ,
salat, ,
salik, ,
satir, ,
sciur, ,
sekal, ,
sekci, ,
senat, ,
split, ,
spong, ,
stadi, ,
statu, ,
sterk, ,
strig, ,
strut, ,
sxink, ,
sxtip, ,
tapet, ,
tarif, ,
tegol, ,
tekst, ,
teras, ,
tomat, ,
tuber, ,
tunel, ,
velur, ,
veruk, ,
vezik, ,
volum, ,
adverb, ,
akcent, ,
alauxd, ,
amator, ,
amerik, ,
arteri, ,
asfalt, ,
auxtor, ,
barbir, ,
bugxet, ,
bulten, ,
cikatr, ,
cikoni, ,
cirkel, ,
daktil, ,
dialog, ,
ego/ist##, ,
eklezi, ,
emerit, ,
euxrop, ,
fajenc, ,
fazeol, ,
fontan, ,
formik, ,
formul, ,
fripon, ,
furagx, ,
galosx, ,
gvardi, ,
gxemel, ,
hangar, ,
haring, ,
hazard, ,
hektar, ,
herold, ,
higien, ,
impuls, ,
insign, ,
intest, ,
jubile, ,
karton, ,
kasked, ,
kavern, ,
kirurg, ,
klimat, ,
klinik, ,
kolegi, ,
kolomb, ,
kolumn, ,
komedi, ,
konsul, ,
konval, ,
kornik, ,
kostum, ,
kredit, ,
kukurb, ,
kunikl, ,
kurent, ,
lacert, ,
licenc, ,
maleol, ,
materi, ,
mirtel, ,
monstr, ,
oficir, ,
orator, ,
papili, ,
pendol, ,
period, ,
persik, ,
pionir, ,
planed, ,
platan, ,
plural, ,
profet, ,
prolet, ,
pronom, ,
reakci, ,
regxim, ,
rivolu, ,
ruband, ,
skorpi, ,
spinac, ,
stamen, ,
statur, ,
surtut, ,
sxakal, ,
sxauxm, ,
teknik, ,
testud, ,
torent, ,
trafik, ,
tumult, ,
turism, ,
turist, ,
vertic, ,
viktim, ,
violon, ,
vulkan, ,
vultur, ,
abrikot, ,
akademi, ,
alfabet, ,
alumini, ,
ambasad, ,
anekdot, ,
apertur, ,
apostol, ,
asemble, ,
bagatel, ,
bakteri, ,
bandagx, ,
bifstek, ,
budgxet, ,
burgxon, ,
central, ,
cirkvit, ,
cxar/um##, ,
dimensi, ,
ekvator, ,
element, ,
epidemi, ,
fantazi, ,
fenomen, ,
gelaten, ,
general, ,
girland, ,
harmoni, ,
instanc, ,
invalid, ,
kaldron, ,
kasxtan, ,
katalog, ,
kirurgi, ,
kolonel, ,
komisar, ,
kompani, ,
koncept, ,
konkord, ,
konkurs, ,
koridor, ,
kristal, ,
lantern, ,
latitud, ,
medicin, ,
mineral, ,
minimum, ,
ministr, ,
obstakl, ,
orkestr, ,
pacifik, ,
palpebr, ,
pantofl, ,
paradiz, ,
paralel, ,
plastik, ,
portret, ,
princip, ,
program, ,
projekt, ,
proverb, ,
provinc, ,
rendevu, ,
sin/ten##, ,
situaci, ,
stadion, ,
subjekt, ,
tehxnik, ,
tendenc, ,
tinktur, ,
tradici, ,
tragedi, ,
traktat, ,
trumpet, ,
uniform, ,
vegetal, ,
viadukt, ,
volumen, ,
zoologi, ,
atlantik, ,
avantagx, ,
bracelet, ,
cirkuler, ,
dokument, ,
federaci, ,
generaci, ,
geografi, ,
gramatik, ,
gxendarm, ,
horizont, ,
individu, ,
kandidat, ,
karnaval, ,
kategori, ,
komun/um##, ,
krokodil, ,
longitud, ,
maksimum, ,
marmelad, ,
monument, ,
parasxut, ,
pasagxer, ,
pland/um##, ,
porcelan, ,
procent, ,
profesor, ,
radiator, ,
regiment, ,
rekt/angul##, ,
sandvicx, ,
sindikat, ,
singular, ,
specimen, ,
spektakl, ,
substanc, ,
teritori, ,
vertikal, ,
ambasador, ,
auxstrali, ,
centimetr, ,
ekspozici, ,
inspektor, ,
kalkan/um##, ,
konfidenc, ,
lokomotiv, ,
matematik, ,
metalurgi, ,
ministeri, ,
najtingal, ,
ortografi, ,
parlament, ,
proletari, ,
propozici, ,
psikologi, ,
suplement, ,
termometr, ,
elektronik, ,
helikopter, ,
horizontal, ,
komplement, ,
konsekvenc, ,
konstituci, ,
laboratori, ,
leuxtenant, ,
mediterane, ,
substantiv, ,
universitat, ,
s-ro##, ,
s-ino##, ,
sinjor/in##, ,
alk, ,
aln, ,
ann, ,
bed, ,
boa, ,
buf, ,
cim, ,
col, ,
dam, ,
dig, ,
duk, ,
fav, ,
fok, ,
fut, ,
gad, ,
gam, ,
gri, ,
guf, ,
huz, ,
kan, ,
ken, ,
ker, ,
kil, ,
kuf, ,
kul, ,
kup, ,
laf, ,
lir, ,
lod, ,
lol, ,
mac, ,
mel, ,
mes, ,
mev, ,
muf, ,
muk, ,
mul, ,
nap, ,
peg, ,
pol, ,
pul, ,
rap, ,
rif, ,
rod, ,
rot, ,
rub, ,
rum, ,
rus, ,
seb, ,
sel, ,
tez, ,
tul, ,
ulm, ,
uln, ,
unc, ,
urn, ,
vil, ,
abat, ,
acer, ,
akar, ,
alte, ,
alun, ,
amel, ,
anas, ,
angl, ,
aniz, ,
ankr, ,
arcx, ,
arde, ,
aren, ,
atut, ,
avel, ,
aviz, ,
azot, ,
bast, ,
bert, ,
blat, ,
bram, ,
bran, ,
burd, ,
cedr, ,
citr, ,
cxam, ,
cxan, ,
dogm, ,
drak, ,
drog, ,
ebon, ,
eter, ,
fabl, ,
falk, ,
fibr, ,
flan, ,
flok, ,
flut, ,
fraj, ,
ftiz, ,
gajl, ,
gips, ,
glan, ,
glim, ,
graf, ,
gril, ,
gros, ,
gurd, ,
ibis, ,
idol, ,
kalk, ,
kand, ,
kard, ,
karo, ,
kask, ,
kaze, ,
kegl, ,
klap, ,
klav, ,
kluz, ,
kojn, ,
koks, ,
konk, ,
kren, ,
krep, ,
krop, ,
krup, ,
lake, ,
laks, ,
legi, ,
lent, ,
lepr, ,
lian, ,
lien, ,
link, ,
liut, ,
lojt, ,
lorn, ,
lumb, ,
lutr, ,
magi, ,
mana, ,
mari, ,
mask, ,
masx, ,
mecx, ,
mejl, ,
ment, ,
merl, ,
mesi, ,
mili, ,
mirh, ,
mirt, ,
misi, ,
mops, ,
most, ,
nicx, ,
omar, ,
opal, ,
ostr, ,
paru, ,
pecx, ,
pelv, ,
perk, ,
pest, ,
petr, ,
pini, ,
pips, ,
plik, ,
plot, ,
popl, ,
pram, ,
sakr, ,
salm, ,
sepi, ,
sofi, ,
sorp, ,
spat, ,
spin, ,
stab, ,
step, ,
stip, ,
stof, ,
stup, ,
sxak, ,
sxal, ,
sxam, ,
taft, ,
talp, ,
tetr, ,
tibi, ,
tili, ,
tine, ,
torf, ,
trab, ,
tref, ,
tril, ,
trip, ,
trog, ,
tron, ,
truf, ,
trul, ,
trut, ,
turd, ,
turk, ,
turt, ,
uter, ,
uxat, ,
vafl, ,
vals, ,
vekt, ,
zebr, ,
altar, ,
ambos, ,
anton, ,
ardez, ,
argil, ,
aspid, ,
balen, ,
barcx, ,
boben, ,
brank, ,
bubal, ,
bufed, ,
cejan, ,
dativ, ,
datur, ,
demon, ,
denar, ,
deviz, ,
domen, ,
embri, ,
emili, ,
ermen, ,
ermit, ,
facet, ,
fazan, ,
femur, ,
filik, ,
flegm, ,
fokus, ,
franc, ,
frank, ,
fring, ,
galon, ,
gazel, ,
genot, ,
georg, ,
gitar, ,
gland, ,
grosx, ,
hebre, ,
heder, ,
herez, ,
herni, ,
hirud, ,
hosti, ,
husar, ,
hxaos, ,
idili, ,
johan, ,
jozef, ,
kalik, ,
kambi, ,
kamer, ,
kanab, ,
kanap, ,
kapel, ,
kapon, ,
kapor, ,
kapot, ,
karas, ,
karob, ,
katun, ,
kerub, ,
kiras, ,
klaft, ,
klosx, ,
koaks, ,
koleg, ,
kolon, ,
komiz, ,
komod, ,
konus, ,
kopek, ,
koran, ,
kramp, ,
kring, ,
krisp, ,
krist, ,
kupol, ,
kvarc, ,
kvart, ,
lanug, ,
lauxr, ,
libel, ,
liken, ,
livre, ,
logxi, ,
lupol, ,
lustr, ,
luter, ,
medal, ,
meriz, ,
moned, ,
morus, ,
mosxt, ,
negoc, ,
nobel, ,
novic, ,
nuanc, ,
oblat, ,
okzal, ,
orden, ,
orgen, ,
pagxi, ,
papav, ,
pariz, ,
pauxl, ,
pavim, ,
pedik, ,
percx, ,
piked, ,
pilol, ,
pirit, ,
pirol, ,
piroz, ,
pisxt, ,
plusx, ,
poent, ,
pokal, ,
polus, ,
potas, ,
prujn, ,
pudel, ,
pumik, ,
puncx, ,
putor, ,
raben, ,
rapir, ,
regol, ,
rezin, ,
rostr, ,
ruben, ,
safir, ,
salvi, ,
sigel, ,
silab, ,
silik, ,
silur, ,
silvi, ,
sirop, ,
skabi, ,
skadr, ,
skarp, ,
skvam, ,
sorik, ,
spion, ,
spron, ,
stabl, ,
sturg, ,
sturn, ,
sxalm, ,
sxark, ,
sxelk, ,
sxild, ,
sxind, ,
sxlim, ,
taban, ,
tavol, ,
tempi, ,
tetan, ,
tetra, ,
timon, ,
topaz, ,
torcx, ,
tromb, ,
tulip, ,
ulcer, ,
urtik, ,
vanil, ,
vasal, ,
velen, ,
verst, ,
vezir, ,
vipur, ,
vokal, ,
zenit, ,
zibel, ,
zizel, ,
absces, ,
absint, ,
alcion, ,
amfibi, ,
ananas, ,
artrit, ,
atripl, ,
berlin, ,
bismut, ,
boraks, ,
buljon, ,
bulonj, ,
busxel, ,
centim, ,
cikori, ,
cimbal, ,
cinabr, ,
cipres, ,
cxarpi, ,
damask, ,
delfen, ,
didelf, ,
embusk, ,
epolet, ,
erinac, ,
ernest, ,
eskadr, ,
faktur, ,
falbal, ,
fantom, ,
faring, ,
fenkol, ,
ferdek, ,
fistul, ,
flanel, ,
fosfor, ,
frangx, ,
furunk, ,
fusten, ,
galeri, ,
gamasx, ,
german, ,
granat, ,
granit, ,
grenad, ,
grifel, ,
gxiraf, ,
haladz, ,
hamstr, ,
hispan, ,
hximer, ,
hxoler, ,
ingven, ,
izrael, ,
jasmen, ,
kalesx, ,
kalvin, ,
kamfor, ,
kamlot, ,
kanajl, ,
kanari, ,
kantor, ,
kanvas, ,
kapsul, ,
kapucx, ,
kardel, ,
karmin, ,
karpen, ,
kastor, ,
kaviar, ,
kobalt, ,
kobold, ,
kolbas, ,
kolibr, ,
kolimb, ,
kolubr, ,
komuni, ,
kontor, ,
kontur, ,
kornic, ,
korpus, ,
koturn, ,
kraken, ,
kratag, ,
krater, ,
kronik, ,
kurier, ,
lampir, ,
laring, ,
lavang, ,
legend, ,
lekant, ,
lentug, ,
levkoj, ,
likvor, ,
litani, ,
london, ,
magnet, ,
makzel, ,
mangan, ,
markot, ,
marmor, ,
marmot, ,
mastik, ,
migdal, ,
miogal, ,
miozot, ,
monahx, ,
morbil, ,
morter, ,
muskat, ,
muslin, ,
mustel, ,
nanken, ,
narcis, ,
nikola, ,
notari, ,
orakol, ,
paletr, ,
panter, ,
parget, ,
parohx, ,
parter, ,
pastel, ,
patent, ,
patrol, ,
pfenig, ,
pistak, ,
pistol, ,
plastr, ,
platen, ,
ponard, ,
porfir, ,
porter, ,
primol, ,
prunel, ,
purpur, ,
rekrut, ,
rempar, ,
risort, ,
rosmar, ,
rozari, ,
rubrik, ,
safran, ,
sambuk, ,
sankci, ,
sardel, ,
sceptr, ,
selakt, ,
servic, ,
servut, ,
siring, ,
skapol, ,
skarab, ,
skolop, ,
skurgx, ,
sofism, ,
sopran, ,
spalir, ,
stefan, ,
sufiks, ,
sukcen, ,
sulfur, ,
talent, ,
tambur, ,
tenden, ,
teodor, ,
termin, ,
testik, ,
timian, ,
tombak, ,
trahxe, ,
tremol, ,
tribun, ,
tropik, ,
turban, ,
turkis, ,
turnir, ,
urogal, ,
variol, ,
viburn, ,
vikari, ,
vinagr, ,
vizier, ,
volupt, ,
ablativ, ,
antimon, ,
arleken, ,
arsenik, ,
artifik, ,
asparag, ,
bajonet, ,
bastion, ,
beladon, ,
biskvit, ,
cxampan, ,
cxarnir, ,
diamant, ,
episkop, ,
esxafod, ,
fraksen, ,
frangol, ,
fringel, ,
genitiv, ,
henriet, ,
hidrarg, ,
hiskiam, ,
histrik, ,
jugland, ,
juniper, ,
kalikot, ,
kamizol, ,
kamomil, ,
kapitan, ,
kapitel, ,
kapreol, ,
kapucen, ,
karaben, ,
kartocx, ,
karusel, ,
kavalir, ,
klarnet, ,
klister, ,
koklusx, ,
kolofon, ,
kompres, ,
kurator, ,
kvitanc, ,
leontod, ,
leopard, ,
limonad, ,
lonicer, ,
ludovik, ,
lunatik, ,
maroken, ,
marsxal, ,
meleagr, ,
membran, ,
mihxael, ,
monarhx, ,
mustard, ,
negligx, ,
nikodem, ,
novjork, ,
oksigen, ,
oksikok, ,
parazit, ,
pastecx, ,
pelikan, ,
perdrik, ,
poligon, ,
prefiks, ,
redakci, ,
rinocer, ,
salpetr, ,
sentenc, ,
skarlat, ,
skorbut, ,
skrofol, ,
smerald, ,
sterled, ,
stertor, ,
sxiller, ,
umbilik, ,
univers, ,
varsovi, ,
verdigr, ,
vertebr, ,
vespert, ,
vestibl, ,
vilhelm, ,
virtuoz, ,
vitriol, ,
zingibr, ,
akcipitr, ,
akuzativ, ,
argument, ,
arhxaism, ,
artisxok, ,
baldaken, ,
briliant, ,
diplomat, ,
distrikt, ,
elizabet, ,
fragment, ,
framason, ,
frugileg, ,
hidrogen, ,
hortulan, ,
institut, ,
kantarid, ,
kariofil, ,
kartilag, ,
katarakt, ,
kocxenil, ,
kokcinel, ,
konvulsi, ,
leksikon, ,
marcipan, ,
medalion, ,
monarhxi, ,
obstrukc, ,
paradoks, ,
parentez, ,
particip, ,
pasament, ,
pastinak, ,
pergamen, ,
peritone, ,
perlamot, ,
petromiz, ,
petrosel, ,
ranunkol, ,
redaktor, ,
rezultat, ,
rosmaren, ,
sergxent, ,
sublimat, ,
tacxment, ,
terebint, ,
tornistr, ,
zamenhof, ,
aleksandr, ,
anunciaci, ,
balustrad, ,
cxambelan, ,
cxarlatan, ,
deklinaci, ,
diplomati, ,
ekscelenc, ,
ekzempler, ,
entuziasm, ,
fortepian, ,
galanteri, ,
ihxtiokol, ,
instituci, ,
instrukci, ,
kancelari, ,
kancelier, ,
kataplasm, ,
kondolenc, ,
konjugaci, ,
konjunkci, ,
konsonant, ,
korporaci, ,
kvaranten, ,
nominativ, ,
pentekost, ,
piedestal, ,
prepozici, ,
privilegi, ,
promontor, ,
salamandr, ,
testament, ,
vermicxel, ,
interjekci, ,
supersticx, ,
vasxington, ,
violoncxel, ,
arhxitektur, ,
interpunkci, ,
jork, ,
parok, ,
navig, ,
kaos, ,
kimer, ,
korus, ,
monak, ,
iktiokol, ,
ald, ,
alo, ,
api, ,
ari, ,
bas, ,
car, ,
dog, ,
dok, ,
doz, ,
ego, ,
elf, ,
etn, ,
faz, ,
fon, ,
fuk, ,
gaz, ,
gem, ,
hum, ,
jod, ,
jud, ,
kep, ,
lat, ,
lob, ,
mim, ,
mit, ,
muz, ,
nas, ,
nav, ,
niz, ,
oaz, ,
opi, ,
puf, ,
raj, ,
ras, ,
ref, ,
rit, ,
rut, ,
sod, ,
tif, ,
tog, ,
viz, ,
agat, ,
agxi, ,
alen, ,
ambr, ,
amor, ,
aort, ,
arom, ,
astm, ,
astr, ,
azil, ,
bard, ,
bomb, ,
bosk, ,
brom, ,
bust, ,
cend, ,
cidr, ,
cirk, ,
dali, ,
dign, ,
duel, ,
duet, ,
ebur, ,
eden, ,
egid, ,
erik, ,
etik, ,
etim, ,
fars, ,
fili, ,
fisk, ,
furi, ,
gnom, ,
grog, ,
gruz, ,
gxin, ,
hidr, ,
hien, ,
irid, ,
iris, ,
istm, ,
jesu, ,
junk, ,
kabl, ,
kali, ,
kame, ,
kast, ,
klor, ,
kofr, ,
kolz, ,
kont, ,
krab, ,
kres, ,
kupe, ,
laik, ,
lama, ,
lanc, ,
lens, ,
lord, ,
malt, ,
mani, ,
medi, ,
milv, ,
mitr, ,
moru, ,
mosk, ,
mumi, ,
naft, ,
negr, ,
nimb, ,
norm, ,
obol, ,
ogiv, ,
orgi, ,
ozon, ,
penc, ,
pleb, ,
podi, ,
polk, ,
pomp, ,
pore, ,
rabi, ,
rism, ,
romb, ,
rubl, ,
sabr, ,
sagu, ,
sald, ,
salv, ,
sekt, ,
sfer, ,
skem, ,
skol, ,
slip, ,
sokl, ,
sold, ,
sole, ,
spad, ,
sxah, ,
talk, ,
teni, ,
tiar, ,
tink, ,
tors, ,
tost, ,
trop, ,
turb, ,
ukaz, ,
ulan, ,
uzur, ,
verv, ,
vink, ,
visk, ,
vist, ,
vizi, ,
zuav, ,
abism, ,
adept, ,
afiks, ,
afust, ,
agraf, ,
akaci, ,
akciz, ,
aksel, ,
albin, ,
alibi, ,
aline, ,
alkov, ,
amfor, ,
angin, ,
angor, ,
anten, ,
apati, ,
apoge, ,
arkad, ,
arkiv, ,
arnik, ,
atlas, ,
atlet, ,
aviad, ,
balad, ,
balet, ,
barak, ,
baron, ,
basen, ,
beril, ,
bibli, ,
bigot, ,
biret, ,
bitum, ,
bivak, ,
brecx, ,
brocx, ,
bronk, ,
cigan, ,
cikut, ,
cxifr, ,
debat, ,
dekan, ,
dilem, ,
diluv, ,
divan, ,
dolar, ,
drakm, ,
dukat, ,
edikt, ,
eklog, ,
ekzem, ,
elegi, ,
elips, ,
elizi, ,
emfaz, ,
epope, ,
fagot, ,
fakir, ,
fatal, ,
feuxd, ,
fiakr, ,
fiask, ,
final, ,
fjord, ,
forum, ,
fresk, ,
furor, ,
galer, ,
galop, ,
garol, ,
goril, ,
hamak, ,
harem, ,
harpi, ,
helic, ,
helik, ,
hisop, ,
hoboj, ,
humer, ,
idiom, ,
idiot, ,
ileks, ,
iluzi, ,
indiga, ,
jalap, ,
jud/ism##, ,
kabal, ,
kadet, ,
kalif, ,
kanon, ,
karat, ,
kazin, ,
kinin, ,
kirsx, ,
kloak, ,
kobaj, ,
kokon, ,
kolik, ,
kolos, ,
komet, ,
koral, ,
korne, ,
korol, ,
kozak, ,
krabr, ,
kreol, ,
kript, ,
kulis, ,
kumin, ,
kvast, ,
kvint, ,
lagun, ,
lapis, ,
larik, ,
later, ,
lazur, ,
legat, ,
lirik, ,
madon, ,
major, ,
mamut, ,
medol, ,
meduz, ,
melas, ,
melis, ,
miasm, ,
mimoz, ,
mitul, ,
moske, ,
motiv, ,
natri, ,
nikel, ,
nimfe, ,
noktu, ,
nomad, ,
novel, ,
nunci, ,
oksid, ,
oktav, ,
oniks, ,
optik, ,
orbit, ,
oriol, ,
ovaci, ,
pagod, ,
panel, ,
panik, ,
paraf, ,
patos, ,
pedal, ,
pedel, ,
peoni, ,
peruk, ,
pigme, ,
pirat, ,
pivot, ,
polip, ,
polis, ,
pomad, ,
prior, ,
prism, ,
psalm, ,
raket, ,
rebus, ,
retin, ,
retor, ,
rezed, ,
ricin, ,
rokok, ,
rubus, ,
rutin, ,
saliv, ,
satan, ,
saten, ,
seraf, ,
sifon, ,
sinap, ,
sinod, ,
siren, ,
skalp, ,
skerc, ,
skism, ,
sonat, ,
sonet, ,
spasm, ,
sperm, ,
splen, ,
stopl, ,
strof, ,
sutan, ,
sxose, ,
sxpat, ,
taler, ,
tanin, ,
tarok, ,
teism, ,
teist, ,
templ, ,
tenor, ,
teror, ,
tindr, ,
tiran, ,
tonel, ,
trofe, ,
trust, ,
tunik, ,
utopi, ,
vanel, ,
vinkt, ,
viper, ,
viski, ,
zefir, ,
advent, ,
aksiom, ,
akvari, ,
algebr, ,
alkemi, ,
ambici, ,
amulet, ,
anagal, ,
anarki, ,
anatom, ,
ancxov, ,
anemon, ,
anilin, ,
aplomb, ,
apolog, ,
arbust, ,
arhxiv, ,
asesor, ,
ateism, ,
ateist, ,
auxkci, ,
balast, ,
balkon, ,
balzam, ,
bandit, ,
barbar, ,
barier, ,
bateri, ,
batist, ,
bazalt, ,
beletr, ,
bilanc, ,
bilard, ,
binokl, ,
biolog, ,
blazon, ,
blokad, ,
bordel, ,
braman, ,
brigad, ,
buduar, ,
burnus, ,
celeri, ,
cidoni, ,
ciklon, ,
ciklop, ,
dekret, ,
depesx, ,
despot, ,
diabet, ,
diadem, ,
diakon, ,
diplom, ,
divizi, ,
dragon, ,
eklips, ,
eksces, ,
ekstaz, ,
ekvaci, ,
emblem, ,
emulsi, ,
endivi, ,
epilog, ,
epitet, ,
epizod, ,
erupci, ,
eskort, ,
estrad, ,
etiket, ,
euxnuk, ,
ezofag, ,
faktor, ,
falang, ,
fanfar, ,
feniks, ,
feston, ,
feticx, ,
fleksi, ,
floren, ,
format, ,
frakci, ,
fregat, ,
galant, ,
gangli, ,
genist, ,
geolog, ,
gerani, ,
gigant, ,
glazur, ,
glikoz, ,
glukoz, ,
gondol, ,
grafit, ,
gulden, ,
harpun, ,
hetman, ,
hipnot, ,
incens, ,
indeks, ,
inflam, ,
jaguar, ,
jezuit, ,
jxaket, ,
kadavr, ,
kadenc, ,
kalibr, ,
kameli, ,
kantat, ,
kanton, ,
karbon, ,
karcer, ,
karier, ,
kariol, ,
katedr, ,
kauxci, ,
kazern, ,
kokard, ,
kolodi, ,
koloni, ,
kompas, ,
kondor, ,
konjak, ,
korife, ,
kornet, ,
korsar, ,
korset, ,
korvet, ,
kotlet, ,
kursiv, ,
laktuk, ,
lavend, ,
loteri, ,
lucern, ,
maksim, ,
malari, ,
marasm, ,
markiz, ,
martir, ,
masagx, ,
mazurk, ,
medium, ,
melodi, ,
mentor, ,
merkat, ,
mespil, ,
meteor, ,
metrik, ,
mikrob, ,
mirakl, ,
miriad, ,
molusk, ,
monark, ,
morfin, ,
mozaik, ,
munici, ,
nektar, ,
orkide, ,
pacxul, ,
parodi, ,
pavian, ,
pedant, ,
pepsin, ,
petard, ,
piastr, ,
pistil, ,
podagr, ,
ponton, ,
portal, ,
portik, ,
prelat, ,
prelud, ,
premis, ,
profan, ,
profil, ,
prolog, ,
puding, ,
pupitr, ,
pustul, ,
rabarb, ,
regent, ,
rektor, ,
relief, ,
retort, ,
romanc, ,
rotond, ,
sandal, ,
santal, ,
sarong, ,
satrap, ,
sektor, ,
septet, ,
serajl, ,
sevrug, ,
sfinks, ,
siluet, ,
simbol, ,
sinkop, ,
sintez, ,
skelet, ,
sofist, ,
spektr, ,
spiral, ,
sponde, ,
suflor, ,
sultan, ,
sxalup, ,
sxankr, ,
sxarad, ,
taksus, ,
taktik, ,
talmud, ,
tamtam, ,
tandem, ,
tapiok, ,
teolog, ,
teorem, ,
terapi, ,
tercet, ,
termit, ,
tonsur, ,
torped, ,
trapez, ,
tribut, ,
triumf, ,
turbin, ,
unison, ,
uragan, ,
vampir, ,
verand, ,
vermut, ,
vinjet, ,
zigzag, ,
zodiak, ,
admiral, ,
aerolit, ,
aforism, ,
agronom, ,
akrobat, ,
akvarel, ,
alegori, ,
alhxemi, ,
almanak, ,
ambrozi, ,
ametist, ,
amnesti, ,
anagram, ,
analogi, ,
anapest, ,
anatomi, ,
angelik, ,
anomali, ,
antilop, ,
antipod, ,
antitez, ,
apoteoz, ,
apozici, ,
arabesk, ,
arkaism, ,
asonanc, ,
atavism, ,
atribut, ,
auxreol, ,
bankier, ,
barikad, ,
bariton, ,
bastard, ,
bazilik, ,
biograf, ,
biologi, ,
bisturi, ,
bombast, ,
botanik, ,
celuloz, ,
ceramik, ,
cilindr, ,
cistern, ,
citadel, ,
cxevron, ,
demagog, ,
diagnoz, ,
dialekt, ,
diametr, ,
difteri, ,
diftong, ,
dinamik, ,
dinamit, ,
dinasti, ,
doktrin, ,
ekspres, ,
eliksir, ,
eminenc, ,
epiderm, ,
epifani, ,
epigraf, ,
epigram, ,
erudici, ,
estetik, ,
etim/olog##, ,
etiolog, ,
evoluci, ,
farmaci, ,
filolog, ,
filozof, ,
fonetik, ,
fronton, ,
gangren, ,
gardeni, ,
gencian, ,
geodezi, ,
geograf, ,
geologi, ,
geometr, ,
gerundi, ,
gilotin, ,
gimnast, ,
gimnazi, ,
guberni, ,
hiacint, ,
hipotek, ,
hipotez, ,
histeri, ,
homonim, ,
hxirurg, ,
judaism, ,
jxargon, ,
kalomel, ,
kanaben, ,
kanibal, ,
kanonik, ,
kaporal, ,
karamel, ,
karavan, ,
kartusx, ,
katolik, ,
kazemat, ,
komplot, ,
koncesi, ,
kontakt, ,
korsajx, ,
kreozot, ,
kriteri, ,
kvadril, ,
kvestor, ,
letargi, ,
liturgi, ,
lozangx, ,
lumbrik, ,
mahagon, ,
majolik, ,
makadam, ,
makaron, ,
malakit, ,
mansard, ,
margxen, ,
matador, ,
mekanik, ,
merlang, ,
metafor, ,
minaret, ,
mirabel, ,
molekul, ,
monarki, ,
monolog, ,
monopol, ,
nikotin, ,
obelisk, ,
oleandr, ,
oligark, ,
omnibus, ,
onobrik, ,
optativ, ,
pacient, ,
palinur, ,
pamflet, ,
panoram, ,
papirus, ,
parabol, ,
parafin, ,
paskvil, ,
pasxtel, ,
patolog, ,
patrici, ,
patriot, ,
pedagog, ,
pelerin, ,
pension, ,
percept, ,
pilastr, ,
piramid, ,
plagiat, ,
plantag, ,
polemik, ,
prefekt, ,
procesi, ,
prognoz, ,
prozodi, ,
puritan, ,
retorik, ,
revizor, ,
samovar, ,
sarkasm, ,
segment, ,
sekreci, ,
semafor, ,
serenad, ,
sifilis, ,
simetri, ,
simfoni, ,
simptom, ,
sinagog, ,
sinedri, ,
sinonim, ,
sintaks, ,
skandal, ,
skrupul, ,
stearin, ,
sugesti, ,
sxiling, ,
taburet, ,
tangent, ,
teokrat, ,
teologi, ,
trombon, ,
ultimat, ,
uvertur, ,
variant, ,
vazelin, ,
verdikt, ,
veteran, ,
vokativ, ,
abnegaci, ,
adjutant, ,
aeroplan, ,
agronomi, ,
akvafort, ,
akvilegi, ,
alabastr, ,
aligator, ,
ambulanc, ,
antipati, ,
antologi, ,
apostrof, ,
arbalest, ,
areometr, ,
arkeolog, ,
arkitekt, ,
artileri, ,
astrolog, ,
astronom, ,
atmosfer, ,
auxdienc, ,
balistik, ,
balzamin, ,
banderol, ,
barelief, ,
batalion, ,
bazilisk, ,
biografi, ,
ceremoni, ,
dekadenc, ,
delegaci, ,
demagogi, ,
demokrat, ,
diafragm, ,
diagonal, ,
diapazon, ,
didaktik, ,
difterit, ,
diktator, ,
discxipl, ,
dispepsi, ,
ditiramb, ,
dromedar, ,
ekstrakt, ,
epilepsi, ,
erizipel, ,
etimologi##, ,
etiologi, ,
etnograf, ,
evangeli, ,
faksimil, ,
fakultat, ,
felieton, ,
feminism, ,
feminist, ,
filologi, ,
filozofi, ,
fiziolog, ,
fonograf, ,
galantin, ,
garnitur, ,
garnizon, ,
genealog, ,
geometri, ,
glicerin, ,
gliciriz, ,
grafolog, ,
gramofon, ,
gutaperk, ,
halebard, ,
harmonik, ,
hegemoni, ,
hekatomb, ,
hierarki, ,
hipodrom, ,
honorari, ,
horoskop, ,
hortensi, ,
hxirurgi, ,
idiotism, ,
imperial, ,
indigxen, ,
inkognit, ,
intervju, ,
kalendul, ,
kardinal, ,
katafalk, ,
katakomb, ,
katedral, ,
katekist, ,
kavaleri, ,
komandit, ,
konfekci, ,
konflikt, ,
kontralt, ,
kontrast, ,
konvenci, ,
kosmetik, ,
kreditor, ,
ksilofon, ,
kvocient, ,
labirint, ,
lauxreat, ,
logaritm, ,
logogrif, ,
makaroni, ,
mandaren, ,
mandolin, ,
manifest, ,
manometr, ,
margarin, ,
marionet, ,
mauxzole, ,
mekanism, ,
melodram, ,
meridian, ,
metronom, ,
metropol, ,
mikrofon, ,
miniatur, ,
monogram, ,
monomani, ,
naftalin, ,
narkotik, ,
navigaci, ,
nekrolog, ,
nepotism, ,
nihilism, ,
nihilist, ,
nostalgi, ,
numismat, ,
obligaci, ,
oligarhx, ,
oligarki, ,
optimism, ,
optimist, ,
organism, ,
orografi, ,
pacifism, ,
pacifist, ,
palanken, ,
panteism, ,
panteist, ,
pantomim, ,
paradigm, ,
parafraz, ,
paragraf, ,
partitur, ,
patologi, ,
pedagogi, ,
perimetr, ,
peristil, ,
pesimism, ,
pesimist, ,
pleonasm, ,
poliglot, ,
preterit, ,
procedur, ,
projekci, ,
proporci, ,
prospekt, ,
protokol, ,
prototip, ,
prozelit, ,
psikolog, ,
referenc, ,
renesanc, ,
reputaci, ,
revelaci, ,
revolver, ,
rojalist, ,
sacerdot, ,
sakristi, ,
sarkofag, ,
seminari, ,
sensaci, ,
sfinkter, ,
silogism, ,
solecism, ,
stipendi, ,
strategi, ,
subvenci, ,
talisman, ,
tamburin, ,
tarantel, ,
tarantul, ,
teleskop, ,
teokrati, ,
tipograf, ,
topograf, ,
toreador, ,
transept, ,
tuberkul, ,
amfiteatr, ,
apopleksi, ,
arbitraci, ,
arhxeolog, ,
arhxitekt, ,
aritmetik, ,
arkeologi, ,
arkipelag, ,
astrologi, ,
astronomi, ,
auxditori, ,
auxtograf, ,
auxtokrat, ,
deklaraci, ,
demokrati, ,
dialektik, ,
disciplin, ,
disenteri, ,
entomolog, ,
etnografi, ,
filantrop, ,
fiziologi, ,
fizionomi, ,
fotografi, ,
genealogi, ,
gladiator, ,
grafologi, ,
harmonium, ,
heksametr, ,
heliotrop, ,
hidrofobi, ,
hieroglif, ,
higrometr, ,
hipopotam, ,
homeopati, ,
ideografi, ,
imperativ, ,
imperfekt, ,
impresari, ,
indikativ, ,
infanteri, ,
infinitiv, ,
inkvizici, ,
intendant, ,
kabriolet, ,
kandelabr, ,
karikatur, ,
kartograf, ,
kastanjet, ,
katalepsi, ,
katastrof, ,
katehxist, ,
kompromis, ,
konduktor, ,
konkurenc, ,
kontinent, ,
kontrabas, ,
konvolvul, ,
kosmogoni, ,
kosmograf, ,
krizantem, ,
kronologi, ,
kronometr, ,
krucifiks, ,
kvadratur, ,
litografi, ,
lokomobil, ,
melankoli, ,
metafizik, ,
mikrometr, ,
mikroskop, ,
mineralog, ,
monoteism, ,
neologism, ,
oligarhxi, ,
ornitolog, ,
ostracism, ,
paleograf, ,
palisandr, ,
paroksism, ,
pentametr, ,
plutokrat, ,
politeism, ,
providenc, ,
pulcxinel, ,
purgatori, ,
recitativ, ,
reformaci, ,
rekrement, ,
repertuar, ,
rezignaci, ,
sakrament, ,
sekundant, ,
skarlatin, ,
skolastik, ,
somnambul, ,
sortiment, ,
spekulaci, ,
spiritism, ,
spiritist, ,
stalagmit, ,
stalaktit, ,
statistik, ,
sxovinism, ,
sxovinist, ,
tipografi, ,
topografi, ,
velociped, ,
veterinar, ,
vivisekci, ,
abiturient, ,
alternativ, ,
anakronism, ,
antropolog, ,
arhxeologi, ,
arhxipelag, ,
aristokrat, ,
arkitektur, ,
auxtokrati, ,
beletristik, ,
bibliograf, ,
civilizaci, ,
dinamometr, ,
ekskrement, ,
entomologi, ,
euxkaristi, ,
filantropi, ,
hipertrofi, ,
ingredienc, ,
inkvizitor, ,
kartografi, ,
koeficient, ,
kompliment, ,
kongregaci, ,
konsistori, ,
kontraband, ,
kontribuci, ,
kosmografi, ,
kosmopolit, ,
krestomati, ,
kvintesenc, ,
manufaktur, ,
manuskript, ,
metamorfoz, ,
meteorolog, ,
mineralogi, ,
naturalism, ,
numismatik, ,
ornitologi, ,
paleografi, ,
perspektiv, ,
plutokrati, ,
pneuxmatik, ,
prerogativ, ,
pseuxdonim, ,
stenografi, ,
subjunktiv, ,
superlativ, ,
tuberkuloz, ,
admiralitat, ,
antropologi, ,
aristokrati, ,
bibliografi, ,
cirkumfleks, ,
demonstraci, ,
departement, ,
enciklopedi, ,
hermafrodit, ,
hidrostatik, ,
hidroterapi, ,
imperialism, ,
inauxguraci, ,
kalejdoskop, ,
kondicional, ,
konfederaci, ,
konglomerat, ,
kontrapunkt, ,
manifestaci, ,
metempsikoz, ,
meteorologi, ,
observatori, ,
paleontolog, ,
pleuxronekt, ,
protagonist, ,
protektorat, ,
pseuxd, ,
racionalism, ,
racionalist, ,
reuxmatism, ,
temperament, ,
tragikomedi, ,
administraci, ,
demonstrativ, ,
konservatori, ,
paleontologi, ,
paralelogram, ,
spiritualism, ,
spiritualist, ,
trigonometri, ,
auxtobiografi, ,
t.e., ,
k.t.p., ,
kiom, ,
kiom##, ,얼마나
kiom##, ,얼마나
dum, ,
dum##, ,
gxis, ,
gxis##, ,
anstataux, ,
anstataux##, ,
kiu##, ,어느
kiu, ,
tiu##, , 그
tiu, ,
cxiu, ,
cxiu##, ,
neniu, ,
neniu##, ,
ambaux, ,
ambaux##, ,
tiu cxi##, ,
tiu cxi##, ,
fiks, ,
fiks##, ,
fals, ,
fals##, ,
cxu##, ,
cxu, ,
kial, ,
kial##, ,
kiel, ,
kiel##, ,처럼
tamen, ,
tamen##, ,
apenaux, ,
apenaux##, ,거의
kvazaux, ,
kvazaux##, ,듯이
cxirkaux, ,
cxirkaux##, ,약
precip##, ,특히
precip, ,
tut, ,
tut##, ,
rest##, ,
rest, ,
cxiel, ,
cxiel##, ,
interes, ,
interes##, ,
lig, ,연맹
lig##, ,연맹
rul, ,
rul##, ,
arm##, ,무장
arm, ,
fos, ,
fos##, ,
plant, ,
plant##, ,
orient##, , 동쪽
orient, ,
fald, ,
fald##, ,
kaj, ,
kaj##, ,
amas, ,
amas##, , 대중
kopi, ,
kopi##, ,
fotograf, ,
fotograf##, ,
cxar, ,
cxar##, ,짐마차
fikci##, ,허구
fikci, ,
nul, ,
nul##, ,
klar##, ,
klar, ,
artikol, ,
artikol##, ,관사
auxgust, ,
auxgust##, ,
por, ,
por##, ,
opozici, ,
opozici##, ,
fot, ,
vibr, ,
oscil, ,
fluktu, ,
indigo, ,
ad##, ,
ad, ,
ag, ,
al, ,
am, ,
an, ,
ar, ,
as, ,
at, ,
av, ,
bo, ,
ci, ,
da, ,
de, ,
di, ,
Di##, ,
do, ,
du, ,
ec, ,
eg, ,
ej, ,
ek, ,
el, ,
em, ,
en, ,
er, ,
et, ,
fe, ,
fi##, ,
fi, ,
ge, ,
ha, ,
he, ,
ho, ,
ia, ,
id, ,
ie, ,
ig, ,
il, ,
in, ,
io, ,
ir, ,
is, ,
it, ,
iu##, ,
iu, ,
ja, ,
je, ,
ju, ,
ke, ,
l', ,
la, ,
li, ,
lu, ,
mi, ,
ne, ,
ni, ,
nj, ,
nu, ,
od, ,
ok, ,
ol, ,
on, ,
op, ,
or, ,
os, ,
ot, ,
ov, ,
pi, ,
po, ,
re, ,
se, ,
si, ,
te, ,
uj, ,
ul, ,
um, ,
ur, ,
us, ,
uz, ,
ve, ,
vi, ,
homeopat, ,
zoolog, ,
