###世界语单词,"GPT(""Esperant Root: "" & B12 & "" | Korean: "" & E12 & "" | Category: "" & A12 & "" | Japanese: "" & C12)
"
adiaux,안녕
bis,앙코르!
hura,만세!
uxa,와!
kia,어떤
tia,그런
cxia,모든
kies,누구의
nenia,어떤~도~아닌
ali,다른
alt,높은
bel,아름다운
bon,좋은
jun,젊은
nov,새로운
sam,같은
fort,강한
grav,중요한
kelk,몇몇의
last,마지막의
long,긴
mult,많은
plen,가득한
ricx,부유한
rugx,빨간
facil,쉬운
grand,큰
liber,자유로운
rapid,빠른
felicx,행복한
proksim,가까운
fru,이른
pur,깨끗한
sol,유일한
ver,진실한
cert,확실한
nigr,검은
varm,더운
afabl,친절한
blank,흰색의
dolcx,단맛의
neces,필요한
propr,고유한
simpl,간단한
dekstr,오른쪽의
kuragx,용감한
trankvil,평온한
blu,파란
dik,굵은
gaj,명랑한
hel,밝은
kar,사랑스러운
lac,피곤한
san,건강한
sat,배부른
just,정의로운
prav,정당한
pret,준비된
util,유용한
verd,녹색의
apart,별개의
atent,주의 깊은
fremd,외국의
gxust,정확한
komun,공통의
largx,넓은
agrabl,유쾌한
divers,다양한
intern,내부의
suficx,충분한
kontent,만족한
profund,깊은
mol,부드러운
pez,무거운
sek,건조한
brun,갈색의
egal,동등한
flav,노란색의
griz,회색의
kulp,유죄의
lert,능숙한
rekt,곧은
sagx,현명한
vast,넓은
ceter,나머지의
fresx,신선한
simil,비슷한
kapabl,유능한
serioz,진지한
efektiv,현실의
ordinar,보통의
akr,예리한
fam,유명한
ies,누군가의
avar,인색한
dens,짙은
eben,평평한
fier,자랑스러운
firm,견고한
nepr,필연적
plat,평평한
plur,여러의
surd,귀먹은
vigl,활발한
fidel,충실한
kviet,고요한
matur,성숙한
sankt,신성한
spert,숙련된
subit,갑작스러운
tauxg,유용한
honest,정직한
konven,적합하다
plur,여러
preciz,정확한
strang,이상한
delikat,섬세한
gxentil,예의 바른
komfort,안락한
pacienc,참을성 있는
special,특별한
gxeneral,일반의
konstant,불변의
lam,절뚝거리는
mut,벙어리의
nud,나체의
pal,창백한
ruz,교활한
van,헛된
acid,신맛의
glat,매끄러운
kler,교양 있는
krud,가공하지 않은
mild,온화한
abund,풍부한
blind,맹목적인
blond,금발의
cxarm,매력적인
etern,영원한
favor,호의적인
graci,우아한
humil,겸손한
lauxt,큰소리의
sever,엄격한
stult,어리석은
fortik,견고한
frenez,미친
kurioz,진기한
privat,사적인
sincer,성실한
evident,명백한
oportun,편리한
prudent,신중한
sci/vol##,호기심 있는
diligent,근면한
proksim/um##,대략의
ard,백열의
avid,열망하는
brav,용감한
ebri,취한
krut,가파른
naiv,순진한
nobl,고귀한
sobr,절제하는
humid,습기 찬
ident,동일한
komik,우스운
kripl,불구의
kruel,잔인한
moder,적당한
sagac,영리한
seren,맑은
sprit,재치있는
akurat,시간 엄수의
fervor,열성적인
inklin,경향 있는
jxaluz,질투하는
kapric,변덕스러운
modern,현대의
modest,겸손한
nenies,아무의 …도 아닌
normal,정상적인
sovagx,야생의
ekstrem,극단적인
elegant,우아한
eminent,유명한
komplet,완전한
oficial,공식적인
perfekt,완전한
probabl,있음직한
reciprok,상호의
indiferent,무관심한
inteligent,총명한
amar,쓴
imun,면역의
real,현실의
ties,그것의
unik,특이한
vant,허영의
virg,순결한
aktiv,활동적인
civil,시민의
cxies,모두의
elast,탄력 있는
human,인간적인
intim,친밀한
kaduk,노후한
koket,교태부리는
lojal,충성스러운
malic,악의 있는
mir/ind##,신기한
rauxk,쉰
rigid,"굳은,단단한"
sekur,안전한
solen,장엄한
tener,상냥한
valid,유효한
abrupt,돌연한
absurd,비상식적
aktual,현존의
arbitr,임의의
auxdac,대담한
ekzakt,정확한
furioz,격노한
graved,임신한
klasik,고전의
majest,장엄한
nervoz,신경질적인
oblikv,비스듬한
obstin,완고한
plen/agx##,성인
social,사회적
subtil,섬세한
tragik,비극적인
absolut,절대적인
kontant,현금의
popular,인기 있는
relativ,상대적인
sin/don##,헌신적인
solidar,연대의
vegetar,채식의
familiar,친근한
grandioz,웅장한
kolektiv,집단적인
sin/gard##,조심한
kompetent,유능한
universal,보편적인
kvit,빚이 없는
miop,근시의
punc,선홍색의
ranc,썩은 냄새의
cxast,정숙한
ekstr,특별한
masiv,육중한
antikv,고대의
arogant,거만한
konform,적합한
trivial,저속한
elokvent,능변의
kriminal,형사상의
predikat,술어
akut,예각의
dual,이중의
hirt,곧추선
kalv,대머리의
banal,진부한
cinik,냉소적인
gotik,고딕풍의
inert,무기력한
obtuz,둔한
okult,신비한
pasiv,수동적인
rigor,엄격한
stoik,스토아학파의
analog,유사한
anonim,익명의
arkaik,고풍의
diafan,반투명한
efemer,덧없는
erotik,성애의
fiktiv,허구의
formal,형식적인
frivol,경솔한
intens,강렬한
invers,반대의
konciz,간결한
konkav,오목한
mistik,신비로운
neuxtr,중성의
vulgar,저속한
akcesor,부속의
apokrif,가짜의
arhxaik,고풍의
burlesk,희화한
decimal,십진법의
diskret,신중한
fanatik,광신적인
grotesk,기괴한
konkret,구체적인
kontinu,연속적인
liberal,자유주의의
monoton,단조로운
negativ,부정적인
nominal,명의상의
pozitiv,긍정적인
radikal,급진적인
skeptik,회의적인
solvent,지불 능력 있는
abstrakt,추상적인
auxtonom,자치의
eventual,가능한
inkluziv,포함된
neuxtral,중립적인
objektiv,객관적인
ortodoks,정통의
primitiv,원시의
provizor,임시의
racional,유리의
romantik,낭만적인
sinoptik,일람용의
spontane,자연스러운
auxtentik,진짜의
definitiv,확정된
ekskluziv,배타적인
korelativ,상관적
respektiv,각자의
subjektiv,주관적인
transitiv,타동의
spekulativ,사변적인
impertinent,무례한
konservativ,보수적인
sentimental,감상적인
dek,십
mil,천
sep,일곱
ses,여섯
tri,셋
unu,하나
cent,백
kvar,넷
kvin,다섯
naux,구
aux,또는
nek,아니고
sed,그러나
kvankam,비록
plus,더하기
minus,빼기
cxe,…에
kun,함께
per,…으로
pri,관하여
pro,때문에
sen,없이
sub,아래
sur,위에
tra,통과하여
apud,옆에
krom,제외하고
laux,따라서
post,후에
inter,사이에
super,위에
trans,건너편에
antaux,앞에
ekster,밖에
preter,곁을 지나
kontraux,반대하여
malgraux,불구하고
gxi,그것
ili,그들
kio,무엇
oni,사람들
sxi,그녀
tio,그것
cxio,모든 것
nenio,아무것도
tio cxi##,이것
dis,분산시키다
mal,반대
cxef,주된
eks,전(前)
mis,잘못된
pra,원시
dev,해야 하다
dir,말하다
don,주다
est,있다
far,만들다
fin,끝내다
hav,가지다
kon,알다
leg,읽다
lev,들어 올리다
met,놓다
mov,옮기다
pet,부탁하다
pov,할 수 있다
rid,웃다
sci,알다
sid,앉다
ten,잡다
ven,오다
vid,"보다,만나다"
viv,살다
vol,원하다
gxoj,기뻐하다
help,돕다
kred,믿다
lern,배우다
logx,살다
mort,죽다
okaz,발생하다
port,운반하다
pren,"잡다,취하다"
sekv,따르다
send,보내다
star,서다
dezir,원하다
labor,일하다
milit,전쟁하다
montr,"보이다,보여주다"
parol,말하다
ricev,받다
skrib,쓰다
sxajn,…처럼 보이다
vetur,타고 가다
demand,질문하다
komenc,시작하다
kompren,이해하다
respond,답하다
bat,치다
fal,떨어지다
kri,외치다
kur,달리다
las,놔두다
lum,빛나다
mir,놀라다
pag,지불하다
pas,지나가다
reg,통치하다
son,소리나다
tim,무서워하다
tir,끌다
auxd,듣다
brul,타다
dank,감사하다
dorm,자다
ferm,닫다
flug,날다
halt,멈추다
jxet,던지다
kant,노래하다
kost,비용이 들다
mank,부족하다
nask,낳다
okup,차지하다
pens,생각하다
perd,잃다
prem,누르다
prov,시험하다
sent,느끼다
turn,돌리다
acxet,사다
atend,기다리다
bezon,필요로 하다
kresk,성장하다
mangx,먹다
memor,기억하다
sercx,찾다
trink,마시다
konsil,조언하다
permes,허락하다
postul,요구하다
rakont,이야기하다
rigard,보다
rimark,알아차리다
sxangx,바꾸다
vojagx,여행하다
konstru,짓다
prezent,"제출하다,소개하다"
renkont,만나다
bru,소음을 내다
dub,의심하다
lav,씻다
lud,놀다
pen,노력하다
vek,깨우다
vok,부르다
aper,나타나다
bril,빛나다
erar,틀리다
fest,축하하다
frap,치다
gajn,이기다
kapt,잡다
kasx,숨기다
kovr,덮다
kuir,요리하다
kusx,눕다
pasx,걷다
plor,울다
romp,"깨다,부수다"
salt,뛰다
serv,섬기다
tusx,만지다
vend,팔다
zorg,돌보다
batal,싸우다
elekt,선택하다
esper,희망하다
koler,화내다
mezur,측정하다
opini,생각하다
ordon,명령하다
plend,불평하다
ripoz,쉬다
salut,인사하다
sufer,고통받다
akcept,수락하다
forges,잊다
kalkul,계산하다
komerc,거래하다
konduk,인도하다
pardon,용서하다
silent,침묵하다
trancx,"자르다,베다"
konsent,동의하다
auxskult,경청하다
ban,목욕시키다
flu,흐르다
kre,창조하다
mok,조롱하다
amuz,즐겁게 하다
cxes,중지하다
efik,효과 있다
gard,지키다
jugx,재판하다
klin,기울이다
pend,매달리다
pusx,밀다
spir,호흡하다
stud,연구하다
sxat,좋아하다
tond,자르다
traf,명중하다
ating,도달하다
decid,결정하다
estim,존경하다
invit,초청하다
kurac,치료하다
marsx,행진하다
placx,마음에 들다
ripet,반복하다
sxlos,잠그다
sxtel,훔치다
vizit,방문하다
arangx,정돈하다
ekzist,존재하다
instru,가르치다
intenc,의도하다
kompat,동정하다
prefer,더 좋아하다
prepar,준비하다
promen,산책하다
promes,약속하다
sukces,성공하다
konserv,보존하다
bol,끓다
kis,키스하다
obe,복종하다
paf,쏘다
pel,재촉하다
pik,찌르다
pun,처벌하다
sav,구조하다
tus,기침하다
akir,"얻다,획득하다"
apog,지탱하다
atak,공격하다
bala,쓸다
blov,불다
cxas,사냥하다
danc,춤추다
eduk,교육하다
evit,피하다
fleg,간호하다
glit,미끄러지다
gvid,안내하다
gxen,방해하다
hejt,난방하다
hont,부끄러워하다
imag,상상하다
imit,모방하다
komb,빗다
mend,주문하다
miks,섞다
nagx,수영하다
plug,갈다
pres,인쇄하다
soif,목마르다
spez,출납하다
sxir,찢다
trem,떨다
trov,발견하다
venk,이기다
visx,닦다
volv,감다
anonc,공표하다
aprob,찬성하다
avert,경고하다
merit,자격 있다
minac,위협하다
pentr,그리다
posed,소유하다
pregx,기도하다
rifuz,거절하다
rilat,관계되다
ripar,수리하다
skrap,긁다
sxerc,농담하다
tromp,속이다
defend,방어하다
desegn,그리다
esting,끄다
inform,알리다
kompar,비교하다
kondut,행동하다
konfes,고백하다
konsci,의식하다
kultur,재배하다
mensog,거짓말하다
rezult,결과로 생기다
rikolt,수확하다
strecx,긴장시키다
sxovel,삽질하다
akompan,동행하다
aparten,속하다
bedauxr,유감스럽게여기다
konsist,구성되다
organiz,조직하다
progres,발전하다
respekt,존경하다
riprocx,"꾸짖다,비난하다"
diferenc,다르다
rekomend,추천하다
korespond,서신교환하다
enu,지루하다
fid,신뢰하다
gxu,즐기다
hak,찍다
log,유혹하다
pek,죄짓다
pes,무게를 달다
raz,면도하다
dron,익사하다
fajf,휘파람 불다
fand,녹이다
farm,소작하다
fart,지내다
frot,문지르다
gxem,신음하다
krev,터지다
kudr,바느질하다
mord,물다
muel,빻다
nutr,영양 공급하다
odor,냄새나다
rajd,타다
solv,해결하다
taks,평가하다
teks,짜다
tent,유혹하다
urgx,재촉하다
babil,잡담하다
detru,파괴하다
difin,정의하다
distr,산만하게 하다
diven,추측하다
divid,나누다
etend,펴다
evolu,진화하다
forgx,단련하다
frand,맛보다
grimp,기어오르다
hezit,주저하다
krocx,걸다
lauxd,칭찬하다
mason,쌓다
ofert,제공하다
ornam,장식하다
petol,장난치다
songx,꿈꾸다
stern,펼치다
supoz,가정하다
sxirm,보호하다
sxpar,절약하다
sxtop,막다
sxuld,빚지다
sxvel,부풀다
toler,참다
versx,붓다
aspekt,보이다
dauxr/ig##,계속시키다
difekt,손상시키다
diskut,토론하다
domagx,아까워하다
ekscit,자극하다
ekzerc,훈련하다
esplor,탐구하다
esprim,표현하다
konsol,위로하다
murmur,중얼거리다
prezid,사회하다
signif,의미하다
skulpt,조각하다
traduk,번역하다
ekskurs,소풍가다
ekzamen,검사하다
komunik,전달하다
koncern,관계되다
konstat,확인하다
protekt,보호하다
protest,항의하다
renvers,뒤집다
surpriz,놀라게 하다
konsider,고려하다
persekut,박해하다
reprezent,대표하다
bak,굽다
ben,축복하다
boj,짖다
bor,뚫다
ced,양보하다
cit,인용하다
lek,핥다
rab,빼앗다
rav,매혹하다
rem,노젓다
rev,꿈꾸다
seg,톱질하다
sku,흔들다
ted,질리게하다
teg,덮다
abon,구독하다
dung,고용하다
envi,부러워하다
flar,냄새맡다
fond,설립하다
frit,튀기다
friz,곱슬하게 하다
gest,몸짓하다
glad,다리다
glut,삼키다
jxur,맹세하다
kned,반죽하다
macx,씹다
melk,젖을 짜다
migr,이동하다
munt,조립하다
ofer,제물로 바치다
pent,후회하다
pruv,증명하다
pump,펌프질하다
putr,썩다
ramp,기다
risk,위험을 무릅쓰다
ronk,코골다
rost,굽다
sven,기절하다
sxov,밀다
sxut,뿌리다
tajl,재단하다
tord,비틀다
tren,끌다
vari,변하다
velk,시들다
adici,더하다
admir,감탄하다
admon,타이르다
adopt,양자로 삼다
akcel,가속하다
atest,증명하다
cxerp,뜨다
degel,녹다
deleg,파견하다
fleks,구부리다
flirt,펄럭이다
hered,상속받다
influ,영향을 주다
kares,애무하다
medit,묵상하다
nauxz,구역질나다
osced,하품하다
pasxt,방목하다
pauxz,정지하다
pincx,꼬집다
plekt,엮다
regal,대접하다
ribel,반란하다
sopir,그리워하다
sorcx,마법을 걸다
strik,파업하다
sufok,질식시키다
sving,흔들다
sxarg,장전하다
sxmir,바르다
trakt,"다루다,처리하다"
tremp,적시다
afrank,우편요금 지불
asekur,보험 들다
balanc,흔들다
barakt,버둥거리다
dedicx,바치다
deklar,선언하다
destin,예정하다
disput,논쟁하다
escept,제외하다
festen,연회하다
frakas,부수다
gratul,축하하다
ilustr,삽화를 넣다
import,수입하다
insist,고집하다
instal,"설치하다,임명하다"
instig,부추기다
insult,모욕하다
komand,지휘하다
komisi,위임하다
konfid,신뢰하다
konfit,절이다
konfuz,혼란시키다
konkur,경쟁하다
kritik,비평하다
observ,"관찰하다,준수하다"
penetr,침투하다
perfid,배신하다
proced,처리하다
raport,보고하다
reklam,광고하다
rezign,포기하다
rezist,저항하다
rifugx,피난하다
brak/um##,껴안다
civiliz,문명화하다
cxagren,괴롭히다
de/pend##,의존
disting,구별하다
eksplod,폭발하다
garanti,보증하다
komplez,친절히 대하다
kondamn,유죄판결하다
konfirm,확인하다
konjekt,추측하다
konklud,결론짓다
kontrol,검사하다
konvink,설득하다
operaci,수술하다
plen/um##,이루다
pretend,"주장하다,가장하다"
suspekt,의심하다
turment,괴롭히다
distribu,분배하다
fanfaron,자랑하다
kontrakt,계약하다
mastr/um##,집안일하다
prokrast,연기하다
administr,관리하다
el/turn/igx##,피하다
entrepren,착수하다
dec,적합하다
juk,가렵다
lul,흔들다
vad,도섭하다
vag,떠돌다
vet,내기하다
vom,토하다
zum,윙윙거리다
ador,숭배하다
agit,선동하다
akuz,고소하다
alud,암시하다
bapt,세례하다
bind,제본하다
blek,울다
bred,사육하다
bucx,도살하다
cxif,구기다
dikt,구술하다
dres,길들이다
ekip,장비하다
est/ig##,야기하다
fast,단식하다
flat,아첨하다
flik,깁다
fugx,도망가다
fusx,망치다
garn,보강하다
grat,긁다
hav/ig##,갖게 하다
izol,격리하다
jung,매다
lukt,싸우다
mugx,포효하다
opon,반대하다
palp,만지다
pekl,절이다
pere,"죽다,멸망하다"
pli/ig##,늘리다
sark,제초하다
sekc,절단하다
sorb,흡수하다
spit,무시하다
sucx,빨다
svat,중매하다
tajp,타자하다
tern,재채기하다
tikl,간질이다
tint,딸랑거리다
trik,編물하다
trud,강요하다
vart,돌보다
adapt,적응시키다
aplik,적용하다
asert,단언하다
asist,돕다
balot,투표하다
cxe/est##,참석하다
delir,정신착란하다
depon,맡기다
deput,대표로 보내다
enket,조사하다
eskap,탈출하다
falcx,베다
flagr,너울대다
for/est##,없다
grinc,삐걱거리다
ignor,무시하다
impet,돌진하다
incit,자극하다
indik,지시하다
insid,함정 파다
inund,범람하다
kracx,침뱉다
liver,배달하다
menci,언급하다
modif,수정하다
ofend,모욕하다
rezon,추론하다
rivel,누설하다
start,출발하다
susur,바스락거리다
sxpin,잣다
trejn,훈련하다
vengx,복수하다
abstin,절제하다
aflikt,괴롭히다
altern,교대하다
balbut,더듬다
cirkul,순환하다
dejxor,당직하다
denunc,고발하다
de/ten##,막다
dev/ont/ig##,약속시키다
digest,소화하다
dispon,사용하다
dorlot,응석받다
eksped,발송하다
el/don##,출판하다
establ,설립하다
flustr,속삭이다
grimac,찡그리다
grumbl,투덜대다
implik,휘감다
indign,분개하다
indulg,관용하다
infekt,감염시키다
injekt,주사하다
inspir,영감 주다
invent,발명하다
klopod,노력하다
kolizi,충돌하다
kombin,조합하다
kompon,구성하다
konsum,소비하다
korekt,수정하다
lubrik,윤활하다
manovr,기동하다
plongx,다이빙하다
preleg,강연하다
propon,제안하다
provok,"자극하다,도발하다"
recenz,비평하다
redakt,편집하다
redukt,줄이다
revizi,교열하다
sxpruc,분출하다
aplauxd,박수치다
blasfem,신을 모독하다
bon/vol##,기꺼이
brokant,고물매매하다
eksport,수출하다
ekzekut,처형하다
gust/um##,맛보
iniciat,시작하다
kalumni,중상하다
kompens,배상하다
komplik,복잡하게 하다
kontest,이의를 제기하다
manipul,조작하다
neglekt,소홀히 하다
persist,끈질기게 하다
prononc,발음하다
prosper,번창하다
reflekt,반사하다
re/form##,개조하다
subtrah,빼다
sxancel,흔들다
televid,텔레비전 시청
determin,결정하다
ekspluat,"개발하다,착취하다"
koncentr,집중하다
mistifik,속이다
preskrib,처방하다
revoluci,혁명하다
riverenc,절하다
interpret,통역하다
kompromit,위태롭게 하다
multiplik,곱하다
propagand,선전하다
konversaci,대화하다
interpelaci,질의하다
erp,써레질하다
kov,품다
lut,납땜하다
pep,짹짹거리다
tan,무두질하다
agac,짜증나게 하다
brod,자수하다
brog,데게 하다
cxiz,조각하다
edif,교화하다
fajl,줄질하다
krak,소리내다
kroz,순항하다
pist,빻다
rasp,갈다
rast,긁어모으다
rigl,빗장 지르다
rukt,트림하다
sibl,휘파람 불다
skiz,스케치하다
sput,뱉다
steb,박다
stuk,미장하다
sxim,곰팡이나다
torn,선반에 돌리다
trot,속보로 달리다
urin,소변보다
varb,모집하다
adult,간통하다
afekt,가식하다
akusx,출산하다
arest,체포
asign,할당하다
atenc,위해하다
drasx,탈곡하다
drink,술 마시다
ekzil,추방하다
filtr,여과하다
infuz,우리다
kribr,체로 치다
parad,퍼레이드하다
rabot,대패질하다
rafin,정제하다
satur,포화시키다
siegx,포위하다
skerm,펜싱하다
strab,사팔뜨기하다
sxmac,쩝쩝거리다
uzurp,강탈하다
veget,자라다
border,테를 두르다
cxikan,트집잡다
degrad,강등하다
dibocx,방탕하다
distil,증류하다
drapir,장식하다
gargar,양치하다
gravur,조각하다
guvern,보육하다
ilumin,조명하다
inokul,접종하다
intrig,음모하다
jxongl,곡예하다
kartav,목구멍으로'r'발음하다
kontuz,타박상 입히다
likvid,청산하다
makler,중개하다
plauxd,철썩거리다
predik,설교하다
rembur,채우다
ventol,환기하다
decxifr,해독하다
degener,퇴화하다
diskont,할인하다
ferment,발효하다
kalfatr,틈막이하다
kolport,행상하다
kompost,조판하다
konspir,음모를 꾸미다
konvert,개종시키다
paraliz,마비시키다
proklam,선언하다
singult,딸꾹질하다
cxarpent,목수일하다
hipokrit,위선 부리다
intermit,간헐하다
konstern,경악시키다
marcxand,흥정하다
kapitulac,항복하다
kauxteriz,부식시키다
komentari,주석하다
koment,주석하다
poz,포즈 취하다
vak,비다
boks,권투하다
gxir,양도하다
kirl,휘젓다
klak,딱딱 소리 내다
kluk,꼬꼬울다
knar,삐걱거리다
murd,살해하다
pled,변호하다
sond,측심하다
tatu,문신하다
abdik,퇴위하다
abort,유산하다
agoni,임종의 고통을 느끼다
aklam,환호하다
amput,절단하다
aneks,합병하다
aspir,열망하다
deriv,파생시키다
feder,연합하다
impon,감명 주다
invad,침략하다
kauxr,쭈그리다
klacx,험담하다
klisx,전기판 뜨다
kotiz,회비 내다
marin,절이다
miaux,야옹하다
modul,변조하다
refut,논박하다
rikan,냉소하다
streb,노력하다
svarm,떼지어 모이다
sxveb,떠 있다
absorb,흡수하다
akapar,매점하다
analiz,분석하다
asimil,동화하다
asperg,뿌리다
atribu,할당하다
auxgur,점치다
bojkot,보이콧하다
cenzur,검열하다
dedukt,연역하다
deklam,낭독하다
dekolt,노출하다
indukt,귀납하다
kompil,편찬하다
konced,용인하다
konker,정복하다
korupt,매수하다
kverel,다투다
lament,한탄하다
narkot,마취하다
stimul,자극하다
strigl,빗질하다
sxrump,위축되다
amortiz,감가상각하다
anticip,예상하다
apelaci,호소하다
bankrot,파산하다
bombard,폭격하다
emancip,해방하다
inspekt,감사하다
katekiz,교리문답하다
koincid,일치하다
konfisk,몰수하다
konsekr,봉헌하다
konsult,상의하다
legitim,증명하다
mobiliz,동원하다
pilgrim,순례하다
improviz,즉흥적으로 하다
inauxgur,개회식을 하다
karambol,충돌하다
katehxiz,교리문답하다
klasifik,분류하다
kontribu,기여하다
litograf,석판인쇄하다
prostitu,매춘시키다
centraliz,중앙집중하다
stenograf,속기하다
ekskomunik,파문하다
karakteriz,특징짓다
ajx,물건
ant,진행형 분사
ebl,가능한
igx,되다
ind,가치 있는
int,과거분사
ism,주의
ist,종사자
obl,배수・중복
ont,미래분사
estr,장(長)
acx,불량한
cxj##,남성 애칭
end,해야 하는
ing,꽂는 것
ajn,무엇이든지
cxi##,가까이
ecx##,조차
for,멀리
iam,언젠가
iom,약간
jam,이미
jen,여기
jes,예
kie,어디에
mem,자신
nun,지금
nur,단지
pli,더
plu,더
tie,거기
tre,매우
tro,너무
tuj,곧
cxie,도처에
jxus,방금
kiam,언제
plej,가장
tial,그래서
tiam,그때
tiel,그렇게
tiom,그만큼
cxiam,항상
nenie,어디에도 않다
ankaux,역시
neniam,결코
baldaux,곧
hieraux,어제
hodiaux,오늘
morgaux,내일
tie cxi##,여기서
almenaux,적어도
ankoraux,아직
preskaux,거의
tiel cxi##,이렇게
oft,자주
ial,어떤 이유로
iel,어떻게든
volont,자진하여
des,그만큼
neniom,조금도 않다
cxial,모든 이유로
cxiom,전량으로
ia/foj##,때때로
nenial,어떠한 이유도 없다
neniel,결코
parker,암기하여
foj,회
hom,사람
jar,년
kap,머리
kor,"심장,마음"
lok,장소
man,손
nom,이름
tag,날
ter,땅
vir,남자
voj,길
afer,일
amik,친구
form,형태
kamp,들판
land,나라
mond,세계
naci,국민
patr,아버지
temp,시간
vort,단어
flank,옆구리
infan,아이
patr/in##,어머니
cxambr,방
sinjor,신사
akv,물
arb,나무
art,기술
dom,집
edz,남편
fil,아들
har,털
hor,시간
lit,침대
mar,바다
mon,돈
mur,벽
pac,평화
pec,조각
sun,태양
urb,도시
bild,그림
bird,새
busx,입
frat,형제
hejm,가정
knab,소년
kort,뜰
libr,책
mont,산
okul,눈
part,부분
pied,발
pord,문
rajt,권리
tabl,테이블
vent,바람
vest,옷
fingr,손가락
frukt,과일
kolor,색
leter,편지
lingv,언어
maten,아침
popol,국민
punkt,점
rimed,수단
valor,가치
cxeval,말
famili,가족
frauxl,미혼남성
person,사람
semajn,주간
vesper,저녁
vizagx,얼굴
fenestr,창문
aer,공기
agx,연령
cel,목적
fer,철
ide,관념
kat,고양이
kol,목
mez,중간
naz,코
nub,구름
ord,순서
pan,빵
roz,장미
best,동물
bord,물가
brak,팔
dent,"이,치아"
fajr,불
fisx,물고기
flor,꽃
glas,컵
hund,개
korp,"몸,신체"
lakt,우유
lign,목재
lini,선
mark,표시
negx,눈
nokt,밤
onkl,삼촌
orel,귀
plum,펜
pluv,비
rond,원형
sang,피
segx,의자
spec,종류
stat,상태
supr,정상
sxip,배
vitr,유리
angul,"각,모퉁이"
dauxr,지속
dolor,통증
gazet,잡지
kauxz,원인
kutim,습관
minut,분
monat,달
natur,자연
nombr,수
paper,종이
plank,바닥
river,강
somer,여름
staci,역
strat,거리
suker,설탕
sxton,돌
vagon,차량
veter,날씨
vintr,겨울
auxtun,가을
cxapel,모자
direkt,방향
kolekt,수집품
moment,순간
plezur,기쁨
vilagx,마을
ekzempl,예시
gxarden,정원
histori,역사
printemp,봄
bov,소
ink,잉크
kaf,커피
kok,닭
kuk,케이크
kuz,사촌
lag,호수
lim,경계
lun,달
maj,오월
pak,짐
sak,자루
sum,합계
tru,구멍
vin,포도주
anim,혼
azen,당나귀
benk,벤치
dors,등
foli,잎
font,원천
fund,바닥
genu,무릎
gren,곡물
grup,"집단,무리"
herb,풀
juli,칠월
juni,유월
kart,카드
klas,"계층,반,등급"
korb,바구니
kruc,십자가
krur,정강이
lang,혀
legx,법
lund,월요일
mard,화요일
mart,삼월
ofic,직무
ombr,그림자
pagx,페이지
pork,돼지
posx,주머니
radi,선(線)
regx,왕
senc,의미
stel,별
sxaf,양
verk,저작
vocx,목소리
adres,주소
april,사월
brust,가슴
buter,버터
donac,선물
glaci,얼음
kuler,숟가락
mastr,주인
muzik,음악
numer,번호
posxt,우편
prunt,대여
sabat,토요일
sxtat,국가
sxtup,단계
teler,접시
terur,공포
vapor,수증기
insekt,곤충
januar,1월
jxauxd,목요일
kovert,봉투
krajon,연필
manier,방식
objekt,물체
oktobr,시월
plafon,천장
region,지역
religi,종교
spirit,정신
argxent,은(銀)
dangxer,위험
decembr,십이월
dimancx,일요일
februar,이월
horlogx,시계
merkred,수요일
novembr,11월
produkt,생산물
vendred,금요일
septembr,9월
bar,장애
bek,부리
fak,분야
fum,연기
gas,가스
gut,방울
jak,재킷
kel,지하실
kuv,큰 통
lip,입술
nep,손자
nev,조카
not,메모
ole,기름
ond,파도
ost,뼈
par,쌍
pom,사과
pot,단지
rad,바퀴
ret,망
sal,소금
sap,비누
sem,씨앗
sud,남쪽
sup,스프
sxu,신발
tas,잔
tol,린넨
tuk,천
ung,손발톱
val,계곡
vic,열
barb,수염
bros,솔
fakt,사실
flag,기
fork,포크
forn,난로
gast,손님
gras,지방
kapr,염소
karb,석탄
kest,상자
korn,뿔
krim,범죄
lamp,램프
mebl,가구
mien,표정
musx,파리
nord,북쪽
past,반죽
pilk,공
pint,끝
polv,먼지
pont,다리
prez,가격
rand,가장자리
regn,국가
seri,연속
sign,부호
sort,운명
spic,양념
vang,뺨
vost,꼬리
vund,상처
botel,병
buton,단추
cifer,숫자
faden,실
frunt,이마
hauxt,피부
honor,명예
insul,섬
kajer,공책
kamen,벽난로
legom,채소
liter,문자
metal,금속
pingl,핀
polic,경찰
polur,광택
premi,상품
regul,규칙
sezon,계절
sxanc,기회
sxnur,밧줄
tabul,판자
viand,고기
baston,막대기
brancx,가지
cxemiz,셔츠
doktor,박사
kravat,넥타이
lecion,수업
masxin,기계
milion,백만
najbar,이웃
parenc,친척
publik,공중
scienc,과학
sekret,비밀
skatol,상자
soldat,군인
spegul,거울
sxargx,짐
sxrank,장롱
tualet,화장대
cxapitr,장(章)
fromagx,치즈
kondicx,조건
praktik,실천
serpent,뱀
sxtrump,스타킹
tegment,지붕
telefon,전화
industri,산업
kilogram,킬로그램
okcident,서쪽
pantalon,바지
abi,전나무
agl,독수리
ber,장과(열매)
bot,장화
bul,덩어리
dat,날짜
glu,풀
jup,치마
kav,구멍
lan,양털
led,가죽
mod,유행
mor,풍속
pin,소나무
pip,파이프
piz,완두豆
put,우물
rel,레일
riz,쌀
rok,바위
suk,즙
tem,주제
tub,관
tur,탑
vat,솜
vaz,"그릇,병"
zon,띠
arme,군대
bank,은행
bien,토지
bier,맥주
bret,선반
brik,벽돌
cikl,주기
cxap,모자
drat,철사
epok,시대
fask,묶음
feri,휴일
film,필름
flam,"불꽃,화염"
flos,부유물
fojn,건초
fulm,번개
glob,구체
grad,정도
gust,맛
kadr,틀
krem,크림
kurb,곡선
kurs,강좌
larm,눈물
leon,사자
litr,리터
luks,사치
meti,수공업
metr,미터
najl,못
nest,둥지
pajl,짚
plac,광장
plad,큰 접시
plan,계획
poet,시인
pugn,주먹
ring,고리
sabl,모래
scen,무대
skal,척도
soci,사회
spac,공간
stal,외양간
task,임무
tomb,무덤
verm,벌레
vers,시구
viol,제비꽃
agord,조화
balon,기구
bilet,표
burgx,부르주아
centr,중심
etagx,층
farun,곡분
figur,모습
frost,혹한
gorgx,목구멍
grund,지반
haven,항구
hotel,호텔
humor,기분
karot,당근
katar,카타르
kling,칼날
koton,"솜,면화"
kvant,양
lepor,산토끼
makul,얼룩
manik,소매
membr,회원
mizer,비참
nebul,안개
organ,기관
parti,정당
pastr,성직자
radik,뿌리
serur,자물쇠
solid,고체
sonor,음향
strek,선
sxvit,땀
tabak,담배
tabel,표
titol,제목
tondr,천둥
valiz,여행가방
ventr,배
alumet,성냥
aparat,장치
brasik,양배추
citron,레몬
cxifon,넝마
dekliv,비탈
dezert,사막
elektr,전기
energi,에너지
fiancx,약혼자
hirund,제비
kelner,급사
kvalit,품질
majstr,거장
mantel,망토
martel,망치
matrac,매트리스
menton,턱
orangx,오렌지
origin,기원
potenc,권력
salajr,급료
sekund,초
societ,협회
stomak,위
sxultr,어깨
tapisx,카펫
tritik,밀
aventur,모험
cigared,궐련
distanc,거리
embaras,당혹
kamarad,친구
kaserol,스튜냄비
komitat,위원회
kongres,대회
kvadrat,정사각형
magazen,창고
pasport,여권
politik,정치
registr,등록부
ter/pom##,감자
akcident,사고
auxtobus,버스
auxtomat,자동장치
cxokolad,초콜릿
direktor,관리자
instinkt,본능
karakter,성격
kauxcxuk,고무
material,재료
standard,기(旗)
telegraf,전신기
restoraci,레스토랑
ark,호형
baz,기초
beb,아기
bub,장난꾸러기
bud,가건물
fel,모피
hok,갈고리
huf,발굽
jur,법
kas,금고
kin,영화
kom,콤마
kot,진흙
lup,늑대
mam,유방
map,지도
min,광산
mus,생쥐
net,정서
nod,매듭
orf,고아
ort,직각
pat,프라이팬
pil,전지
pir,배
pup,인형
rat,쥐
rip,갈비뼈
rob,예복
tip,전형
ton,"음질,음색"
urs,곰
var,상품
vel,돛
vit,포도나무
abel,꿀벌
auxt,자동차
bluz,블라우스
boat,보트
brov,눈썹
cerb,뇌
cxek,수표
cxen,사슬
disk,원반
dram,연극
drap,직물
dusx,샤워
ezok,민물꼬치고기
farb,물감
febr,고열
fend,틈
foir,정기시장
fost,기둥
frag,딸기
fulg,그을음
funt,파운드
gant,장갑
geni,천재
glor,영예
golf,만
hajl,우박
hero,영웅
kemi,화학
kord,현(絃)
kork,코르크
krad,격자
kran,꼭지
kret,분필
kriz,위기
kron,관
kugl,탄환
kupr,구리
lift,엘리베이터
list,목록
mast,돛대
nadl,바늘
nerv,신경
oliv,올리브
park,공원
pasi,열정
pask,부활절
pelt,모피
plet,쟁반
poem,시
proz,산문
pulm,폐
pulv,화약
rang,지위
revu,전문잡지
ritm,리듬
seks,성
sens,감각
silk,비단
simi,원숭이
sojl,문턱
stil,문체
stri,줄
sxel,껍질
tend,천막
verb,동사
verg,가지
vert,정수리
vidv,홀아비
virt,덕
vual,베일
vulp,여우
afisx,포스터
album,앨범
almoz,자선품
arane,거미
asoci,협회
avenu,가로수길
aviad/il##,비행기
barel,통
bazar,시장
betul,자작나무
brems,브레이크
butik,가게
detal,세부사항
diabl,악마
emoci,감동
enigm,수수께끼
esenc,본질
fauxk,큰 입구
fizik,물리학
framb,나무딸기
grajn,곡식알
hxemi,화학
ideal,이상
juvel,보석
katen,족쇄
kitel,가운
krucx,주전자
krust,껍질
kubut,팔꿈치
kukol,뻐꾸기
kverk,참나무
lamen,박편
marcx,늪
metod,방법
model,모형
motor,모터
nivel,수준
palac,궁전
panj,엄마
penik,붓
piocx,곡괭이
plumb,납
poezi,시가
salon,객실
sauxc,소스
sitel,양동이
sklav,노예
sport,스포츠
stamp,도장
stang,막대기
stump,그루터기
sxtal,강철
sxtof,직물
teatr,극장
teori,이론
teren,터
trajn,열차
trajt,특징
trunk,줄기
venen,독
vesxt,조끼
abomen,혐오감
angxel,천사
animal,동물
apetit,식욕
apotek,약국
benzin,가솔린
bicikl,자전거
bombon,사탕
cement,시멘트
cxeriz,버찌
desert,디저트
fabrik,공장
financ,재정
funebr,애도
funkci,기능
garagx,차고
imperi,제국
impost,세금
impres,인상
kalkan,발뒤꿈치
kalson,팬티
kamion,트럭
kandel,양초
kanzon,칸초네
kastel,성
klient,고객
kol/um##,칼라
kurten,커튼
mandat,위임
mister,신비
moskit,모기
muskol,근육
ombrel,우산
pacxj,아빠
parfum,향수
patron,후원자
petrol,석유
posten,직위
pozici,위치
proces,소송
profit,이익
proviz,저장
pulvor,가루
recept,조리법
rekord,기록
rezerv,보류
signal,신호
sistem,체계
surfac,표면
sxofor,운전기사
tajlor,재단사
trezor,보물
trikot,트리코트
vakcin,백신
advokat,변호사
alkohol,알코올
ampleks,크기
brosxur,팸플릿
bulvard,대로
deficit,적자
ekonomi,경제
elefant,코끼리
jxurnal,신문
kabinet,내각
kapital,자본
koncert,콘서트
krepusk,"여명,황혼"
kvartal,시구
miliard,십억
pejzagx,풍경
problem,문제
profesi,직업
simpati,공감
student,학생
sxrauxb,나사
tempest,폭풍우
traktor,트랙터
tri/angul##,삼각형
trotuar,보도
adjektiv,형용사
dekoraci,장식
ekvilibr,균형
esperant,에스페란토
hospital,병원
intelekt,지성
kalendar,달력
kilometr,킬로미터
komision,위원회
mehxanik,역학
milimetr,밀리미터
original,원작
pretekst,핑계
struktur,구조
telegram,전보
tribunal,법정
bibliotek,도서관
fundament,기초
ingxenier,기술자
konferenc,회의
konscienc,양심
literatur,문학
mehxanism,기계장치
rekompenc,보상
respublik,공화국
sekretari,비서
apartament,아파트먼트
auxtomobil,자동차
auxtoritat,권위
instrument,기구
medikament,의약품
temperatur,온도
cirkonstanc,상황
eksperiment,실험
mal/varm/um##,감기
ajl,마늘
akn,여드름
aks,축
akt,막
ale,가로수길
alg,해초
apr,멧돼지
azi,아시아
bal,무도회
bet,비트(식물)
buk,버클
cep,양파
cir,구두약
dot,지참금
ehx,반향
fab,잠두
fac,면
fag,너도밤나무
fig,무화과
gal,담즙
gru,두루미
gum,고무
hal,홀
jug,멍에
kal,티눈
kaz,격
kub,입방체
lad,금속판
lak,락카
lap,우엉
lin,아마
lot,제비
luk,채광창
mas,덩어리
mat,매트
nuk,목덜미
pap,교황
pav,공작
pig,까치
pus,고름
ran,개구리
ren,신장
rib,구스베리
rim,운(韻)
rol,역할
ros,이슬
sag,화살
sin,품
ski,스키
sof,소파
tig,줄기
tuf,타래
tun,톤
vip,채찍
akci,주식
atom,원자
aven,귀리
bant,매듭
bark,소형범선
bask,자락
bend,끈
blok,덩어리
bors,증권거래소
bovl,사발
brid,굴레
brut,가축
bukl,컬머리
bulb,구근
bulk,롤빵
cerv,사슴
cign,백조
cxel,세포
dand,멋쟁이
diet,식이요법
dorn,가시
etap,단계
etat,명세서
fecx,찌꺼기
felt,펠트
frak,연미복
fraz,문장
fung,버섯
garb,단
gent,민족
glav,검
gobi,모샘치
gram,그램
greg,가축 무리
grip,독감
grot,동굴
gudr,타르
gxib,혹
hegx,울타리
himn,찬송가
hxor,합창단
kacx,죽
kagx,새장
kaka,코코아
kakt,선인장
karn,살
karp,잉어
kejl,쐐기
kern,"핵,핵심"
klub,클럽
korv,까마귀
kosm,우주
kult,예배
lacx,끈
lard,라드
larv,유충
lice,리세
likv,액체
lili,백합
maiz,옥수수
malv,접시꽃
mens,정신
menu,메뉴
miel,꿀
musk,이끼
muze,박물관
nuks,견과류
oper,오페라
oval,난형
palm,야자나무
palt,외투
pane,고장
perl,진주
pian,피아노
pice,전나무속 식물
pipr,후추
plag,재앙
prun,자두
pudr,분(粉)
punt,레이스
raci,이성
rent,임대료
ruin,폐허
rust,녹
situ,위치
sled,썰매
sorg,수수식물
spik,이삭
spur,"발자국,흔적"
stan,주석
sulk,이랑
takt,박자
tali,허리
tigr,호랑이
tort,타르트
tram,전차
trup,"단,부대"
vaks,왁스
vejn,정맥
vesp,말벌
vind,포대기
zink,아연
afrik,아프리카
agent,대리인
akord,일치
akrid,메뚜기
aktor,배우
alarm,경보
ampol,앰풀
angil,장어
anser,거위
artik,관절
bacil,바실루스
bambu,대나무
banan,바나나
brand,브랜디
bronz,청동
buked,꽃다발
cigar,여송연
cikad,매미
cinam,계피
cindr,재
cirkl,원
civit,자치시
cxerk,관
debet,부채
diant,카네이션
dogan,관세
efekt,감명
ekran,스크린
emajl,에나멜
event,사건
fabel,동화
fasad,정면
fason,재단양식
fluid,유체
fotel,안락의자
front,정면
funel,깔때기
gxerm,배종
hepat,간장
horde,보리
infer,지옥
ironi,아이러니
kaban,오두막
kahel,타일
kajut,선실
kamel,낙타
kanal,운하
kankr,가재
karaf,물병
kokos,코코넛
krani,두개
krest,볏
kukum,오이
kupon,쿠폰
kusen,쿠션
latun,황동
lauxb,정자
lekci,강의
lesiv,잿물
limak,민달팽이
logik,논리
lotus,연꽃
melon,멜론
moral,도덕
muzel,주둥이
nilon,나일론
ocean,대양
palat,구개
palis,말뚝
papag,앵무새
paser,참새
pensi,연금
peron,현관 층계
pilot,조종사
pland,발바닥
plast,플라스틱
porci,몫
princ,왕자
pupil,동공
rabat,할인
rafan,무
rauxp,애벌레
resum,요약
rimen,가죽끈
roman,소설
salat,샐러드
salik,버드나무
satir,풍자
sciur,다람쥐
sekal,호밀
sekci,부서
senat,상원
split,조각
spong,해면
stadi,단계
statu,상태
sterk,비료
strig,올빼미
strut,타조
sxink,햄
sxtip,통나무
tapet,벽지
tarif,관세표
tegol,기와
tekst,본문
teras,테라스
tomat,토마토
tuber,혹
tunel,터널
velur,벨벳
veruk,사마귀
vezik,낭포
volum,권
adverb,부사
akcent,악센트
alauxd,종달새
amator,아마추어
amerik,아메리카
arteri,동맥
asfalt,아스팔트
auxtor,저자
barbir,이발사
bugxet,예산
bulten,회보
cikatr,흉터
cikoni,황새
cirkel,컴퍼스
daktil,대추야자 열매
dialog,대화
ego/ist##,이기주의자
eklezi,교회
emerit,정년퇴직자
euxrop,유럽
fajenc,도토
fazeol,강낭콩
fontan,분수
formik,개미
formul,서식
fripon,사기꾼
furagx,꼴
galosx,덧신
gvardi,친위대
gxemel,쌍둥이
hangar,격납고
haring,청어
hazard,우연
hektar,헥타르
herold,전령
higien,위생
impuls,충격
insign,기장
intest,장(腸)
jubile,기념 축제
karton,판지
kasked,모자(챙 달린)
kavern,동굴
kirurg,외과의사
klimat,기후
klinik,임상
kolegi,단과대학
kolomb,비둘기
kolumn,난
komedi,희극
konsul,영사
konval,은방울꽃
kornik,작은까마귀
kostum,의상
kredit,신용
kukurb,호박
kunikl,집토끼
kurent,전류
lacert,도마뱀
licenc,허가
maleol,복숭아뼈
materi,물질
mirtel,월귤나무
monstr,괴물
oficir,장교
orator,연설가
papili,나비
pendol,진자
period,주기
persik,복숭아
pionir,개척자
planed,행성
platan,플라타너스
plural,복수
profet,예언자
prolet,무산자
pronom,대명사
reakci,반동
regxim,정체
rivolu,회전
ruband,리본
skorpi,전갈
spinac,시금치
stamen,수술
statur,신장
surtut,외투
sxakal,재칼
sxauxm,거품
teknik,기술
testud,거북이
torent,급류
trafik,교통
tumult,소동
turism,관광
turist,관광객
vertic,정점
viktim,희생자
violon,바이올린
vulkan,화산
vultur,독수리
abrikot,살구
akademi,학술원
alfabet,알파벳
alumini,알루미늄
ambasad,대사관
anekdot,일화
apertur,"틈,구멍"
apostol,사도
asemble,총회
bagatel,사소한 일
bakteri,박테리아
bandagx,붕대
bifstek,비프스테이크
budgxet,예산
burgxon,싹
central,중앙시설
cirkvit,회로
cxar/um##,수레
dimensi,차원
ekvator,적도
element,요소
epidemi,유행병
fantazi,환상
fenomen,현상
gelaten,젤라틴
general,장군
girland,화환
harmoni,조화
instanc,소송 단계
invalid,폐인
kaldron,가마솥
kasxtan,밤
katalog,목록
kirurgi,외과학
kolonel,대령
komisar,위원
kompani,회사
koncept,개념
konkord,화합
konkurs,경기
koridor,복도
kristal,수정
lantern,랜턴
latitud,위도
medicin,의학
mineral,광물
minimum,최소
ministr,장관
obstakl,장애물
orkestr,오케스트라
pacifik,태평양
palpebr,눈꺼풀
pantofl,슬리퍼
paradiz,천국
paralel,평행선
plastik,조형술
portret,초상화
princip,원칙
program,프로그램
projekt,기획
proverb,속담
provinc,주
rendevu,약속
sin/ten##,태도
situaci,상황
stadion,스타디움
subjekt,주제
tehxnik,기술
tendenc,경향
tinktur,염료
tradici,전통
tragedi,비극
traktat,조약
trumpet,트럼펫
uniform,제복
vegetal,식물
viadukt,육교
volumen,부피
zoologi,동물학
atlantik,대서양
avantagx,유리한 입장
bracelet,팔찌
cirkuler,회람장
dokument,문서
federaci,연합
generaci,세대
geografi,지리학
gramatik,문법
gxendarm,헌병
horizont,수평선
individu,개인
kandidat,후보자
karnaval,카니발
kategori,범주
komun/um##,자치체
krokodil,악어
longitud,경도
maksimum,최대
marmelad,마멀레이드
monument,기념비
parasxut,낙하산
pasagxer,승객
pland/um##,밑창
porcelan,도자기
procent,퍼센트
profesor,교수
radiator,라디에이터
regiment,연대
rekt/angul##,직각
sandvicx,샌드위치
sindikat,노동조합
singular,단수
specimen,견본
spektakl,공연
substanc,물질
teritori,영토
vertikal,수직선
ambasador,대사
auxstrali,호주
centimetr,센티미터
ekspozici,전시회
inspektor,검사관
kalkan/um##,굽
konfidenc,비밀 이야기
lokomotiv,기관차
matematik,수학
metalurgi,야금학
ministeri,부처
najtingal,나이팅게일
ortografi,철자법
parlament,국회
proletari,프롤레타리아
propozici,절
psikologi,심리학
suplement,보충
termometr,온도계
elektronik,전자공학
helikopter,헬리콥터
horizontal,수평
komplement,보어
konsekvenc,귀결
konstituci,헌법
laboratori,연구실
leuxtenant,중위
mediterane,지중해
substantiv,명사
universitat,대학
s-ro##,씨
s-ino##,부인
sinjor/in##,숙녀
alk,큰사슴
aln,오리나무
ann,안나
bed,묘상
boa,보아(뱀)
buf,두꺼비
cim,빈대
col,인치
dam,귀부인
dig,제방
duk,공작
fav,황선
fok,물개
fut,피트
gad,대구
gam,음계
gri,거친 곡식
guf,수리부엉이
huz,철갑상어
kan,갈대
ken,수지목재
ker,하트
kil,용골
kuf,두건
kul,모기
kup,부항
laf,용암
lir,리라
lod,반온스
lol,독보리
mac,무교병
mel,오소리
mes,미사
mev,갈매기
muf,토시
muk,점액
mul,노새
nap,순무
peg,딱따구리
pol,폴란드인
pul,벼룩
rap,순무
rif,암초
rod,정박소
rot,중대
rub,잔해
rum,럼酒
rus,러시아인
seb,수지
sel,안장
tez,명제
tul,얇은 망사
ulm,느릅나무
uln,척골
unc,온스
urn,항아리
vil,융모
abat,수도원장
acer,단풍나무
akar,진드기
alte,양아욱
alun,명반
amel,전분풀
anas,오리
angl,영국인
aniz,아니스 열매
ankr,닻
arcx,활
arde,왜가리
aren,투기장
atut,비결
avel,개암열매
aviz,통지
azot,질소
bast,인피
bert,베르타
blat,바퀴벌레
bram,잉어과 식용어
bran,밀기울
burd,뒝벌
cedr,서양삼나무
citr,치터
cxam,샤무아
cxan,격철
dogm,교리
drak,용
drog,약재
ebon,흑단재목
eter,에테르
fabl,우화
falk,매
fibr,섬유
flan,플란
flok,조각
flut,플루트
fraj,알 덩어리
ftiz,폐결핵
gajl,몰식자
gips,석고
glan,도토리
glim,운모
graf,백작
gril,귀뚜라미
gros,구스베리
gurd,손풍금
ibis,따오기
idol,우상
kalk,석회
kand,캔디
kard,엉겅퀴
karo,다이아몬드
kask,헬멧
kaze,응유
kegl,핀
klap,밸브
klav,키
kluz,수문
kojn,쐐기
koks,엉덩이
konk,조가비
kren,고추냉이
krep,크레이프
krop,모이주머니
krup,크루프성 후두염
lake,하인
laks,설사
legi,군단
lent,렌즈콩
lepr,나병
lian,칡의 일종
lien,비장
link,스라소니
liut,류트
lojt,모캐
lorn,망원경
lumb,허리
lutr,수달
magi,마술
mana,마나(초자연력)
mari,마리아
mask,가면
masx,"코,눈,고리"
mecx,등심
mejl,마일
ment,박하
merl,지빠귀
mesi,메시아
mili,"조,좁쌀"
mirh,미르라
mirt,도금양
misi,사명
mops,퍼그
most,포도즙
nicx,벽감
omar,바다가재
opal,오팔
ostr,굴
paru,박새
pecx,피치
pelv,대야
perk,농어
pest,페스트
petr,베드로
pini,잣나무
pips,조류 혓병
plik,규발병
plot,잉어과 물고기
popl,포플러
pram,나룻배
sakr,천골
salm,연어
sepi,오징어
sofi,소피아
sorp,마가목 열매
spat,광물
spin,척주
stab,참모부
step,대초원
stip,줄기
stof,액체단위
stup,삼부스러기
sxak,체스
sxal,숄
sxam,샤무가죽
taft,타프타
talp,두더지
tetr,꿩의 일종
tibi,경골
tili,보리수
tine,좀虫
torf,이탄
trab,들보
tref,클로버
tril,트릴
trip,내장
trog,여물통
tron,왕좌
truf,송로버섯
trul,흙손
trut,송어
turd,지빠귀
turk,터키인
turt,비둘기
uter,자궁
uxat,와트
vafl,와플
vals,왈츠
vekt,저울대
zebr,얼룩말
altar,제단
ambos,모루
anton,안톤
ardez,점판암
argil,점토
aspid,독사
balen,고래
barcx,보르시치
boben,코일
brank,아가미
bubal,물소
bufed,뷔페
cejan,수레국화
dativ,여격
datur,독말풀
demon,악령
denar,데나리우스 은화
deviz,좌우명
domen,도미노
embri,태아
emili,에밀리아
ermen,흰족제비
ermit,은둔자
facet,단면
fazan,꿩
femur,대퇴
filik,양치류
flegm,냉담
fokus,초점
franc,프랑스인
frank,프랑(화폐)
fring,되새류 새
galon,장식끈
gazel,가젤
genot,사향고양이
georg,게오르그
gitar,기타
gland,샘
grosx,그로셴
hebre,히브리인
heder,담쟁이덩굴
herez,이단
herni,탈장
hirud,거머리
hosti,성체
husar,경기병
hxaos,혼돈
idili,목가
johan,요한
jozef,요셉
kalik,성배
kambi,어음
kamer,카메라
kanab,"삼,대마"
kanap,소파
kapel,예배당
kapon,거세된 수탉
kapor,서양풍조목
kapot,두건외투
karas,붕어
karob,캐롭
katun,면직물
kerub,케루브
kiras,장갑(裝甲)
klaft,길(단위)
klosx,유리덮개
koaks,코크스
koleg,동료
kolon,둥근 기둥
komiz,점원
komod,장롱
konus,원뿔
kopek,코페크
koran,코란
kramp,꺽쇠
kring,크링글
krisp,주름장식
krist,그리스도
kupol,돔형 천장
kvarc,석영
kvart,4도音程
lanug,솜털
lauxr,월계수
libel,잠자리
liken,지의류
livre,제복
logxi,칸막이좌석
lupol,홉
lustr,샹들리에
luter,루터
medal,메달
meriz,들버찌
moned,갈가마귀
morus,오디
mosxt,각하
negoc,거래
nobel,귀족
novic,초심자
nuanc,뉘앙스
oblat,약포
okzal,수영
orden,훈장
orgen,오르간
pagxi,시동
papav,양귀비
pariz,파리
pauxl,바울
pavim,포장재료
pedik,이
percx,농어류
piked,소부대
pilol,알약
pirit,황철광
pirol,피리새
piroz,속쓰림
pisxt,피스톤
plusx,우단
poent,점수
pokal,"잔,트로피"
polus,극
potas,잿물
prujn,서리
pudel,푸들
pumik,부석
puncx,펀치(음료)
putor,스컹크
raben,랍비
rapir,장검
regol,굴뚝새
rezin,수지
rostr,코끼리코
ruben,루비
safir,사파이어
salvi,샐비어
sigel,봉인
silab,음절
silik,규석
silur,메기
silvi,실비아새
sirop,시럽
skabi,옴
skadr,기병대
skarp,스카프
skvam,비늘
sorik,뒤쥐
spion,스파이
spron,박차
stabl,작업대
sturg,철갑상어
sturn,찌르레기
sxalm,피리
sxark,상어
sxelk,멜빵
sxild,방패
sxind,널판지붕
sxlim,진흙
taban,등에
tavol,층
tempi,관자놀이
tetan,파상풍
tetra,들꿩
timon,조종봉
topaz,황옥
torcx,횃불
tromb,용솟음
tulip,튤립
ulcer,궤양
urtik,쐐기풀
vanil,바닐라
vasal,가신
velen,송아지 가죽 종이
verst,러시아의 이정
vezir,대신
vipur,살무사
vokal,모음
zenit,천정점
zibel,검은담비
zizel,마멋
absces,농양
absint,쓴쑥
alcion,물총새
amfibi,양서동물
ananas,파인애플
artrit,관절염
atripl,갯는쟁이
berlin,베를린
bismut,비스무트
boraks,붕사
buljon,부용
bulonj,불로뉴
busxel,부셸(계량단위)
centim,상팀
cikori,치커리
cimbal,심벌즈
cinabr,진사
cipres,사향삼나무
cxarpi,린트 천
damask,능직천
delfen,돌고래
didelf,주머니쥐
embusk,매복
epolet,견장
erinac,고슴도치
ernest,에르네스토
eskadr,함대
faktur,송장
falbal,주름장식
fantom,유령
faring,인두
fenkol,회향풀
ferdek,갑판
fistul,누관
flanel,플란넬
fosfor,인
frangx,술 장식
furunk,종기
fusten,퍼스티언 천
galeri,회랑
gamasx,각반
german,독일인
granat,석류
granit,화강암
grenad,수류탄
grifel,석필
gxiraf,기린
haladz,악취
hamstr,햄스터
hispan,스페인인
hximer,키메라
hxoler,콜레라
ingven,사타구니
izrael,이스라엘
jasmen,재스민
kalesx,마차
kalvin,캘빈
kamfor,장뇌
kamlot,캠릿(모직물)
kanajl,깡패
kanari,카나리아
kantor,성가대원
kanvas,캔버스
kapsul,캡슐
kapucx,두건
kardel,방울새
karmin,양홍색
karpen,소사나무
kastor,비버
kaviar,캐비아
kobalt,코발트
kobold,요정
kolbas,소시지
kolibr,벌새
kolimb,아비(새)
kolubr,무독성 뱀
komuni,성찬식
kontor,사무실
kontur,윤곽
kornic,코니스
korpus,군단
koturn,메추라기
kraken,크래커
kratag,산사나무
krater,분화구
kronik,연대기
kurier,급사
lampir,반딧불이
laring,후두
lavang,눈사태
legend,전설
lekant,마거리트
lentug,주근깨
levkoj,꽃무우
likvor,리큐르주
litani,연도
london,런던
magnet,자석
makzel,턱
mangan,망간
markot,삽목용 가지
marmor,대리석
marmot,마르모트
mastik,퍼티
migdal,아몬드
miogal,사향쥐
miozot,물망초
monahx,수도사
morbil,홍역
morter,모르타르
muskat,육두구
muslin,모슬린
mustel,담비
nanken,난징 무명
narcis,수선화
nikola,니콜라우스
notari,공증인
orakol,신탁
paletr,팔레트
panter,표범
parget,마루판
parohx,교구
parter,1층 뒷자리
pastel,드롭스
patent,특허
patrol,순찰대
pfenig,페니히 동전
pistak,피스타치오
pistol,권총
plastr,고약
platen,백금
ponard,단검
porfir,반암
porter,흑맥주
primol,앵초
prunel,인목 열매
purpur,자주색
rekrut,신병
rempar,성벽
risort,스프링
rosmar,바다코끼리
rozari,묵주
rubrik,제목
safran,사프란
sambuk,딱총나무
sankci,비준
sardel,절인멸치
sceptr,왕홀
selakt,유청
servic,식기 세트
servut,농노제
siring,라일락
skapol,견갑골
skarab,풍뎅이
skolop,도요새
skurgx,채찍
sofism,궤변
sopran,소프라노
spalir,과수열
stefan,스테판
sufiks,접미사
sukcen,호박
sulfur,유황
talent,재능
tambur,드럼
tenden,"건,힘줄"
teodor,테오도르
termin,용어
testik,고환
timian,백리향속 식물
tombak,인조금
trahxe,기관
tremol,사시나무
tribun,연단
tropik,회귀선
turban,터번
turkis,터키석
turnir,토너먼트
urogal,큰뇌조
variol,천연두
viburn,가막살나무
vikari,보좌신부
vinagr,식초
vizier,챙
volupt,관능
ablativ,탈격
antimon,안티몬
arleken,광대
arsenik,비소
artifik,술책
asparag,아스파라거스
bajonet,총검
bastion,요새
beladon,벨라도나
biskvit,비스킷
cxampan,샴페인
cxarnir,경첩
diamant,다이아몬드
episkop,주교
esxafod,사형대
fraksen,물푸레나무
frangol,갈매나무
fringel,마히와
genitiv,소유격
henriet,헨리에타
hidrarg,수은
hiskiam,히요스
histrik,호저
jugland,호두
juniper,노간주나무
kalikot,캘리코
kamizol,캐미솔
kamomil,카밀레
kapitan,선장
kapitel,주두
kapreol,노루
kapucen,카푸친회 수도사
karaben,카빈총
kartocx,탄약통
karusel,회전목마
kavalir,기사
klarnet,클라리넷
klister,관장
koklusx,백일해
kolofon,송진
kompres,습포
kurator,관리인
kvitanc,영수증
leontod,민들레
leopard,표범
limonad,레모네이드
lonicer,인동덩굴
ludovik,루도비크
lunatik,정신병자
maroken,모로코가죽
marsxal,원수
meleagr,칠면조
membran,막
mihxael,미가엘
monarhx,군주
mustard,겨자
negligx,네글리제
nikodem,니고데모
novjork,뉴욕시
oksigen,산소
oksikok,덩굴월귤
parazit,기생생물
pastecx,파이
pelikan,펠리컨
perdrik,자고새
poligon,다각형
prefiks,접두사
redakci,편집부
rinocer,코뿔소
salpetr,초석
sentenc,격언
skarlat,진홍색
skorbut,괴혈병
skrofol,선병질
smerald,에메랄드
sterled,철갑상어
stertor,헐떡거림
sxiller,실러
umbilik,배꼽
univers,우주
varsovi,바르샤바
verdigr,녹청
vertebr,척추뼈
vespert,박쥐
vestibl,현관
vilhelm,윌리엄
virtuoz,명인
vitriol,황산염
zingibr,생강
akcipitr,매
akuzativ,목적격
argument,논증
arhxaism,"고어,고문체"
artisxok,아티초크
baldaken,천개
briliant,브릴리언트 다이아몬드
diplomat,외교관
distrikt,구역
elizabet,엘리자베스
fragment,파편
framason,프리메이슨단원
frugileg,떼까마귀
hidrogen,수소
hortulan,촉새
institut,연구소
kantarid,땅가뢰
kariofil,정향
kartilag,연골
katarakt,백내장
kocxenil,코치닐
kokcinel,무당벌레
konvulsi,경련
leksikon,용어사전
marcipan,마지팬
medalion,메달리온
monarhxi,군주제
obstrukc,방해
paradoks,역설
parentez,괄호
particip,분사
pasament,장식끈
pastinak,아메리카방풍
pergamen,양피지
peritone,복막
perlamot,진주모
petromiz,칠성장어
petrosel,파슬리
ranunkol,미나리아재비속
redaktor,편집자
rezultat,결과
rosmaren,로즈메리
sergxent,중사
sublimat,승홍
tacxment,분견대
terebint,테레빈树脂
tornistr,배낭
zamenhof,자멘호프
aleksandr,알렉산더
anunciaci,수태고지
balustrad,난간
cxambelan,시종
cxarlatan,돌팔이
deklinaci,격변화
diplomati,외교
ekscelenc,각하
ekzempler,한 권
entuziasm,열광
fortepian,그랜드피아노
galanteri,장신구류
ihxtiokol,어교
instituci,기관
instrukci,지령
kancelari,관청
kancelier,대법관
kataplasm,찜질약
kondolenc,조의
konjugaci,활용
konjunkci,접속사
konsonant,자음
korporaci,사단법인
kvaranten,검역정선
nominativ,주격
pentekost,성령강림절
piedestal,받침대
prepozici,전치사
privilegi,특권
promontor,곶
salamandr,도롱뇽
testament,유언
vermicxel,베르미셀리
interjekci,감탄사
supersticx,미신
vasxington,워싱턴
violoncxel,첼로
arhxitektur,건축술
interpunkci,구두법
jork,요크
parok,교구
navig,항해
kaos,혼돈
kimer,키메라
korus,합창
monak,수도사
iktiokol,어교
ald,알토
alo,알로에
api,셀러리
ari,아리아
bas,베이스
car,차르
dog,마스티프
dok,도크
doz,복용량
ego,자아
elf,요정
etn,민족
faz,위상
fon,배경
fuk,해초
gaz,가제
gem,보석
hum,부식토
jod,요오드
jud,유대인
kep,군모
lat,각재
lob,엽(葉)
mim,흉내꾼
mit,신화
muz,뮤즈
nas,통발
nav,중앙석
niz,새매
oaz,오아시스
opi,아편
puf,불룩함
raj,가오리
ras,인종
ref,축범부
rit,의식
rut,운향
sod,소다
tif,티푸스
tog,토가
viz,비자
agat,마노
agxi,환전이익
alen,큰바늘
ambr,용연향
amor,큐피드
aort,대동맥
arom,향기
astm,천식
astr,천체
azil,피난처
bard,음유시인
bomb,폭탄
bosk,숲속의 덤불
brom,브롬
bust,상반신
cend,센트
cidr,사과술
cirk,원형경기장
dali,달리아
dign,품위
duel,결투
duet,듀엣
ebur,상아
eden,에덴 동산
egid,방패
erik,히스속 관목
etik,윤리학
etim,어원
fars,소극
fili,지부
fisk,국고
furi,복수의 여신
gnom,땅 신령
grog,그로그술
gruz,자갈
gxin,진(술)
hidr,히드라
hien,하이에나
irid,붓꽃
iris,홍채
istm,지협
jesu,예수
junk,골풀
kabl,케이블
kali,칼륨
kame,카메오
kast,카스트
klor,염소
kofr,트렁크
kolz,유채
kont,계좌
krab,게
kres,물냉이
kupe,"칸,실"
laik,속인
lama,라마僧
lanc,창
lens,렌즈
lord,경(귀족)
malt,맥아
mani,편집증
medi,환경
milv,솔개
mitr,주교 모자
moru,대구
mosk,사향
mumi,미라
naft,나프타
negr,흑인
nimb,후광
norm,기준
obol,오볼
ogiv,첨두
orgi,난음난무
ozon,오존
penc,펜스(화폐)
pleb,평민계급
podi,단상
polk,폴카
pomp,화려함
pore,부추
rabi,광견병
rism,연(종이)
romb,마름모꼴
rubl,루블(화폐)
sabr,사벨
sagu,사고(녹말)
sald,차액
salv,일제사격
sekt,종파
sfer,구(球)
skem,도표
skol,학파
slip,메모용지
sokl,받침대
sold,수 동전
sole,혀넙치
spad,검
sxah,샤(왕)
talk,활석
teni,촌충
tiar,왕관
tink,잉어류
tors,상반신
tost,건배
trop,비유
turb,팽이
ukaz,칙령
ulan,창기병
uzur,고리
verv,정열
vink,빙카
visk,겨우살이
vist,휘스트(카드놀이)
vizi,환영
zuav,주아브 병사
abism,심연
adept,신봉자
afiks,접사
afust,포가(대포架)
agraf,호크
akaci,아카시아
akciz,소비세
aksel,겨드랑이
albin,백피증인
alibi,알리바이
aline,단락
alkov,작은 방
amfor,항아리
angin,편도염
angor,고뇌
anten,안테나
apati,무감동
apoge,원지점
arkad,아케이드
arkiv,고문서
arnik,아르니카
atlas,지도책
atlet,운동선수
aviad,항공
balad,발라드
balet,발레
barak,막사
baron,남작
basen,수반
beril,녹주석
bibli,성서
bigot,광신자
biret,모자
bitum,역청
bivak,야영
brecx,틈
brocx,브로치
bronk,기관지
cigan,집시
cikut,독미나리
cxifr,암호
debat,토의
dekan,학장
dilem,딜레마
diluv,대홍수
divan,소파
dolar,달러
drakm,드라크마
dukat,금화
edikt,칙령
eklog,목가
ekzem,습진
elegi,애가
elips,생략
elizi,생략
emfaz,강조
epope,서사시
fagot,바순
fakir,고행자
fatal,숙명
feuxd,봉토
fiakr,마차
fiask,실패
final,결승전
fjord,피오르드
forum,토론장소
fresk,프레스코화
furor,대유행
galer,갤리 배
galop,질주
garol,어치
goril,고릴라
hamak,해먹
harem,후궁
harpi,하르피
helic,프로펠러
helik,달팽이
hisop,히솝풀
hoboj,오보에
humer,상박골
idiom,고유어
idiot,백치
ileks,호랑가시나무
iluzi,환상
indiga,인디고
jalap,할라빠 뿌리
jud/ism##,유대교
kabal,카발라
kadet,사관생도
kalif,칼리프
kanon,대포
karat,캐럿
kazin,카지노
kinin,키니네
kirsx,키르슈酒
kloak,하수구
kobaj,기니피그
kokon,고치
kolik,복통
kolos,거상
komet,혜성
koral,산호
korne,각막
korol,화관
kozak,코사크
krabr,말벌
kreol,크레올 사람
kript,지하성당
kulis,무대 뒤
kumin,커민(식물)
kvast,술장식
kvint,5도音程
lagun,석호
lapis,질산은
larik,낙엽송
later,변
lazur,하늘빛
legat,교황특사
lirik,서정시
madon,성모
major,소령
mamut,매머드
medol,골수
meduz,해파리
melas,당밀
melis,멜리사(식물)
miasm,독기
mimoz,미모사
mitul,홍합
moske,모스크
motiv,동기
natri,나트륨
nikel,니켈
nimfe,수련
noktu,올빼미
nomad,유목민
novel,소설
nunci,교황 특사
oksid,산화물
oktav,옥타브
oniks,줄무늬마노
optik,광학
orbit,궤도
oriol,꾀꼬리
ovaci,환호
pagod,불탑
panel,패널
panik,공황
paraf,서명 장식
patos,비애감
pedal,페달
pedel,사환
peoni,작약
peruk,가발
pigme,피그미족
pirat,해적
pivot,피봇트
polip,폴립
polis,보험증권
pomad,포마드
prior,수도원장
prism,프리즘
psalm,성가
raket,로켓
rebus,그림 수수께끼
retin,망막
retor,수사학자
rezed,목서초
ricin,아주까리
rokok,로코코식
rubus,검은딸기나무
rutin,관례
saliv,타액
satan,사탄
saten,새틴
seraf,세라핌
sifon,사이펀
sinap,겨자
sinod,교회회의
siren,사이렌
skalp,머리 가죽
skerc,스케르초
skism,분열
sonat,소나타
sonet,소네트
spasm,경련
sperm,정액
splen,우울증
stopl,그루터기
strof,절(詩)
sutan,수단(법의)
sxose,차도
sxpat,삽
taler,탈레르(은화)
tanin,타닌
tarok,타로 카드
teism,유신론
teist,유신론자
templ,사원
tenor,테너
teror,테러
tindr,부싯깃
tiran,폭군
tonel,톤수
trofe,트로피
trust,트러스트
tunik,튜닉
utopi,유토피아
vanel,댕기물떼새
vinkt,조임쇠
viper,독사
viski,위스키
zefir,산들바람
advent,강림절
aksiom,공리
akvari,수조
algebr,대수학
alkemi,연금술
ambici,야망
amulet,부적
anagal,루리하코베
anarki,무정부 상태
anatom,해부학
ancxov,안초비
anemon,아네모네
anilin,아닐린
aplomb,침착함
apolog,우화
arbust,관목
arhxiv,고문서
asesor,배석판사
ateism,무신론
ateist,무신론자
auxkci,경매
balast,밸러스트
balkon,발코니
balzam,발삼
bandit,산적
barbar,야만인
barier,장애물
bateri,전지
batist,고급 아마포
bazalt,현무암
beletr,미문학
bilanc,대차대조표
bilard,당구
binokl,쌍안경
biolog,생물학
blazon,문장
blokad,봉쇄
bordel,매음굴
braman,브라만
brigad,여단
buduar,내실
burnus,두건 겉옷
celeri,셀러리
cidoni,마르멜로 열매
ciklon,저기압
ciklop,외눈거인
dekret,법령
depesx,급보
despot,전제군주
diabet,당뇨병
diadem,왕관형머리띠
diakon,부제
diplom,증서
divizi,사단
dragon,용기병
eklips,식(蝕)
eksces,과잉
ekstaz,황홀경
ekvaci,방정식
emblem,상징
emulsi,유제
endivi,꽃상추
epilog,에필로그
epitet,형용어
epizod,에피소드
erupci,분화
eskort,호위대
estrad,단
etiket,예의
euxnuk,환관
ezofag,식도
faktor,요인
falang,방진
fanfar,팡파르
feniks,불사조
feston,꽃줄
feticx,물신
fleksi,굴절
floren,플로린 금화
format,형식
frakci,분수
fregat,프리깃함
galant,눈꽃
gangli,신경절
genist,금작화
geolog,지질학자
gerani,제라늄
gigant,거인
glazur,유약
glikoz,포도당
glukoz,포도당
gondol,곤돌라
grafit,흑연
gulden,길더(화폐)
harpun,작살
hetman,추장
hipnot,최면
incens,향
indeks,색인
inflam,염증
jaguar,재규어
jezuit,예수회 수사
jxaket,재킷
kadavr,시체
kadenc,종지법
kalibr,구경
kameli,동백꽃
kantat,칸타타
kanton,주(州)
karbon,탄소
karcer,감옥
karier,직업
kariol,이륜마차
katedr,설교단
kauxci,보증금
kazern,병영
kokard,모표
kolodi,콜로디온
koloni,식민지
kompas,나침반
kondor,콘도르
konjak,꼬냑술
korife,지도자
kornet,코넷
korsar,사략선
korset,코르셋
korvet,코르벳함
kotlet,커틀릿
kursiv,이탤릭체
laktuk,상추
lavend,라벤더
loteri,복권
lucern,현등
maksim,금언
malari,말라리아
marasm,쇠약증
markiz,후작
martir,순교자
masagx,마사지
mazurk,마주르카 춤
medium,영매
melodi,선율
mentor,지도자
merkat,시장
mespil,서양모과
meteor,유성
metrik,운율학
mikrob,미생물
mirakl,기적
miriad,무수
molusk,연체동물
monark,군주
morfin,모르핀
mozaik,모자이크
munici,탄약
nektar,넥타르
orkide,난초
pacxul,파촐리
parodi,패러디
pavian,비비
pedant,꼼꼼쟁이
pepsin,펩신
petard,폭죽
piastr,피아스트르
pistil,암술
podagr,통풍
ponton,부교
portal,정문
portik,주랑
prelat,고위 성직자
prelud,전주곡
premis,전제
profan,불경자
profil,옆모습
prolog,프롤로그
puding,푸딩
pupitr,보면대
pustul,농포
rabarb,대황
regent,섭정
rektor,총장
relief,부조
retort,레토르트
romanc,로맨스
rotond,원형 건물
sandal,샌들
santal,백단
sarong,사롱(허리천)
satrap,태수
sektor,부채꼴
septet,칠중주
serajl,궁전
sevrug,철갑상어
sfinks,스핑크스
siluet,실루엣
simbol,상징
sinkop,실신
sintez,합성
skelet,골격
sofist,궤변가
spektr,스펙트럼
spiral,나선
sponde,장장격
suflor,프롬프터
sultan,술탄
sxalup,소형 보트
sxankr,하감
sxarad,문자수수께끼
taksus,주목
taktik,전술
talmud,탈무드
tamtam,징
tandem,2인승 자전거
tapiok,타피오카
teolog,신학자
teorem,정리
terapi,치료
tercet,삼행시
termit,흰개미
tonsur,삭발
torped,어뢰
trapez,사다리꼴
tribut,공물
triumf,승리
turbin,터빈
unison,유니슨
uragan,폭풍
vampir,흡혈귀
verand,베란다
vermut,베르무트주
vinjet,장식 삽화
zigzag,지그재그
zodiak,황도대
admiral,제독
aerolit,운석
aforism,경구
agronom,농학자
akrobat,곡예사
akvarel,수채화
alegori,풍유담
alhxemi,연금술
almanak,달력
ambrozi,신의 음식
ametist,자수정
amnesti,특사
anagram,철자바꾸기
analogi,유추
anapest,단단장격
anatomi,해부학
angelik,안젤리카 식물
anomali,변칙
antilop,영양
antipod,대척지점
antitez,대조
apoteoz,신격화
apozici,동격
arabesk,아라베스크
arkaism,고어
asonanc,유운
atavism,격세유전
atribut,속성
auxreol,후광
bankier,은행가
barikad,바리케이드
bariton,바리톤
bastard,서자
bazilik,바실리카
biograf,전기작가
biologi,생물학
bisturi,메스
bombast,과장된 말
botanik,식물학
celuloz,섬유소
ceramik,제도술
cilindr,원통
cistern,저수지
citadel,성채
cxevron,서까래
demagog,선동가
diagnoz,진단
dialekt,방언
diametr,직경
difteri,디프테리아
diftong,이중모음
dinamik,역학
dinamit,다이너마이트
dinasti,왕조
doktrin,교리
ekspres,급행열차
eliksir,연금약액
eminenc,예하
epiderm,표피
epifani,주현절
epigraf,비문
epigram,경구
erudici,박식
estetik,미학
etim/olog##,어원학자
etiolog,병원학자
evoluci,진화
farmaci,약학
filolog,문헌학자
filozof,철학자
fonetik,음성학
fronton,박공
gangren,괴저
gardeni,치자나무
gencian,용담초
geodezi,측지학
geograf,지리학자
geologi,지질학
geometr,기하학자
gerundi,동명사
gilotin,단두대
gimnast,체육교사
gimnazi,중학교
guberni,도
hiacint,히아신스
hipotek,저당권
hipotez,가설
histeri,히스테리
homonim,동음이의어
hxirurg,외과의사
judaism,유대교
jxargon,은어
kalomel,감홍
kanaben,홍방울새
kanibal,식인종
kanonik,참사회원
kaporal,하사관
karamel,캐러멜
karavan,대상단체
kartusx,카르투슈 장식
katolik,가톨릭교도
kazemat,지하포대
komplot,음모
koncesi,불하
kontakt,접촉
korsajx,상반신 부분
kreozot,크레오소트
kriteri,기준
kvadril,카드리유 춤
kvestor,재무관
letargi,혼수상태
liturgi,의식
lozangx,마름모꼴
lumbrik,지렁이
mahagon,마호가니
majolik,마욜리카 도기
makadam,머캐덤식 포장
makaron,마카롱
malakit,공작석
mansard,다락방
margxen,여백
matador,투우사
mekanik,역학
merlang,메를랑
metafor,은유
minaret,첨탑
mirabel,미라벨
molekul,분자
monarki,군주제
monolog,독백
monopol,독점
nikotin,니코틴
obelisk,오벨리스크
oleandr,협죽도
oligark,소수독재자
omnibus,합승마차
onobrik,잠두豆
optativ,희원법
pacient,환자
palinur,대하
pamflet,소책자
panoram,전경
papirus,파피루스
parabol,포물선
parafin,파라핀
paskvil,풍자문
pasxtel,파스텔
patolog,병리학자
patrici,귀족
patriot,애국자
pedagog,교육자
pelerin,케이프
pension,하숙
percept,지각
pilastr,기둥
piramid,피라미드
plagiat,표절
plantag,질경이
polemik,논쟁
prefekt,도지사
procesi,행렬
prognoz,예보
prozodi,운율법
puritan,청교도
retorik,수사학
revizor,검사
samovar,주전자
sarkasm,조소
segment,선분
sekreci,분비물
semafor,신호기
serenad,세레나데
sifilis,매독
simetri,대칭
simfoni,교향곡
simptom,증상
sinagog,유대교회당
sinedri,산헤드린
sinonim,동의어
sintaks,구문론
skandal,스캔들
skrupul,세심함
stearin,스테아린酸
sugesti,암시
sxiling,실링(화폐)
taburet,걸상
tangent,탄젠트
teokrat,신정론자
teologi,신학
trombon,트롬본
ultimat,최후통첩
uvertur,서곡
variant,이본
vazelin,바셀린
verdikt,판결
veteran,노병
vokativ,호격
abnegaci,희생
adjutant,부관
aeroplan,비행기
agronomi,농학
akvafort,동판
akvilegi,매발톱꽃
alabastr,설화석고
aligator,악어
ambulanc,구급차
antipati,반감
antologi,문학선집
apostrof,아포스트로피
arbalest,쇠뇌
areometr,비중계
arkeolog,고고학자
arkitekt,건축가
artileri,포병대
astrolog,점성가
astronom,천문학자
atmosfer,대기
auxdienc,알현
balistik,탄도학
balzamin,봉선화
banderol,봉띠
barelief,얕은 양각
batalion,대대
bazilisk,바실리스크
biografi,전기
ceremoni,의식
dekadenc,쇠퇴
delegaci,대표단
demagogi,데마
demokrat,민주주의자
diafragm,횡격막
diagonal,대각선
diapazon,음차
didaktik,교수법
difterit,디프테리아
diktator,독재자
discxipl,제자
dispepsi,소화불량
ditiramb,찬가
dromedar,단봉낙타
ekstrakt,발췌문
epilepsi,간질
erizipel,단독
etimologi##,어원학
etiologi,병원학
etnograf,민족지학자
evangeli,복음서
faksimil,팩스
fakultat,학부
felieton,연재란
feminism,여권주의
feminist,페미니스트
filologi,문헌학
filozofi,철학
fiziolog,생리학자
fonograf,유성기
galantin,갤런틴 요리
garnitur,장신구 세트
garnizon,수비대
genealog,계보학자
geometri,기하학
glicerin,글리세린
gliciriz,감초
grafolog,필적학자
gramofon,축음기
gutaperk,구타페르카
halebard,미늘창
harmonik,하모니카
hegemoni,주도권
hekatomb,백 마리 제물
hierarki,계급제도
hipodrom,경마장
honorari,사례금
horoskop,점성술표
hortensi,수국
hxirurgi,외과술
idiotism,관용어법
imperial,지붕좌석
indigxen,토착민
inkognit,익명 여행자
intervju,인터뷰
kalendul,금잔화
kardinal,추기경
katafalk,관대
katakomb,카타콤
katedral,대성당
katekist,전도사
kavaleri,기병대
komandit,합자회사
konfekci,기성복
konflikt,갈등
kontralt,콘트랄토
kontrast,대조
konvenci,협정
kosmetik,화장법
kreditor,채권자
ksilofon,실로폰
kvocient,몫
labirint,미로
lauxreat,수상자
logaritm,로그
logogrif,글자수수께끼
makaroni,마카로니
mandaren,고관
mandolin,만돌린
manifest,선언
manometr,압력계
margarin,마가린
marionet,꼭두각시
mauxzole,묘소
mekanism,기계장치
melodram,멜로드라마
meridian,자오선
metronom,메트로놈
metropol,중심도시
mikrofon,마이크로폰
miniatur,세밀화
monogram,모노그램
monomani,편집광
naftalin,나프탈렌
narkotik,마취제
navigaci,항해
nekrolog,부고
nepotism,족벌주의
nihilism,허무주의
nihilist,허무주의자
nostalgi,향수(鄕愁)
numismat,고전학자
obligaci,채권
oligarhx,과두독재자
oligarki,과두정치
optimism,낙관주의
optimist,낙관자
organism,유기체
orografi,산악지
pacifism,평화주의
pacifist,평화주의자
palanken,가마
panteism,범신론
panteist,범신론자
pantomim,무언극
paradigm,어형변화표
parafraz,의역
paragraf,절
partitur,총보
patologi,병리학
pedagogi,교육학
perimetr,둘레
peristil,주랑
pesimism,비관주의
pesimist,비관주의자
pleonasm,중복법
poliglot,다국어 구사자
preterit,과거 시제
procedur,소송 절차
projekci,영사
proporci,비율
prospekt,설명서
protokol,의사록
prototip,원형
prozelit,개종자
psikolog,심리학자
referenc,참조
renesanc,르네상스
reputaci,평판
revelaci,계시
revolver,리볼버
rojalist,왕당원
sacerdot,사제
sakristi,성구실
sarkofag,석관
seminari,신학교
sensaci,센세이션
sfinkter,괄약근
silogism,삼단논법
solecism,어법 오류
stipendi,장학금
strategi,전략
subvenci,보조금
talisman,부적
tamburin,탬버린
tarantel,타란텔라 춤
tarantul,타란툴라
teleskop,망원경
teokrati,신정정치
tipograf,식자공
topograf,지지학자
toreador,투우사
transept,수랑
tuberkul,결절
amfiteatr,원형경기장
apopleksi,졸중
arbitraci,중재
arhxeolog,고고학자
arhxitekt,건축가
aritmetik,산수
arkeologi,고고학
arkipelag,군도
astrologi,점성술
astronomi,천문학
auxditori,강당
auxtograf,자필
auxtokrat,독재자
deklaraci,선언
demokrati,민주주의
dialektik,변증법
disciplin,규율
disenteri,적리
entomolog,곤충학자
etnografi,민족지학
filantrop,박애주의자
fiziologi,생리학
fizionomi,인상
fotografi,사진술
genealogi,족보학
gladiator,검투사
grafologi,필적학
harmonium,리드오르간
heksametr,육보격 시
heliotrop,헬리오트로프
hidrofobi,공수병
hieroglif,상형문자
higrometr,습도계
hipopotam,하마
homeopati,유사요법
ideografi,표의문자법
imperativ,명령법
imperfekt,미완료(시제)
impresari,흥행주
indikativ,직설법
infanteri,보병대
infinitiv,부정법
inkvizici,종교재판
intendant,집사
kabriolet,오픈카
kandelabr,촛대
karikatur,풍자화
kartograf,지도제작자
kastanjet,캐스터네츠
katalepsi,강직증
katastrof,재해
katehxist,전도사
kompromis,타협
konduktor,차장
konkurenc,경쟁
kontinent,대륙
kontrabas,콘트라베이스
konvolvul,메꽃
kosmogoni,우주진화론
kosmograf,우주학자
krizantem,국화
kronologi,연대학
kronometr,크로노미터
krucifiks,십자가상
kvadratur,구적법
litografi,석판인쇄
lokomobil,이동식 증기기관
melankoli,우울(증)
metafizik,형이상학
mikrometr,마이크로미터
mikroskop,현미경
mineralog,광물학
monoteism,일신론
neologism,신어
oligarhxi,과두정치
ornitolog,조류학자
ostracism,도편추방
paleograf,고문서학자
palisandr,자단나무
paroksism,발작 절정
pentametr,5보격시
plutokrat,재벌
politeism,다신교
providenc,섭리
pulcxinel,어릿광대
purgatori,연옥
recitativ,서창부
reformaci,종교개혁
rekrement,찌꺼기
repertuar,레퍼토리 목록
rezignaci,체념
sakrament,성례식
sekundant,결투 증인
skarlatin,성홍열
skolastik,스콜라 철학
somnambul,몽유병자
sortiment,견본 세트
spekulaci,투기
spiritism,심령술
spiritist,심령술사
stalagmit,석순
stalaktit,종유석
statistik,통계
sxovinism,국수주의
sxovinist,국수주의자
tipografi,활판인쇄
topografi,지형학
velociped,자전거
veterinar,수의사
vivisekci,생체해부
abiturient,졸업자
alternativ,대안
anakronism,시대착오
antropolog,인류학자
arhxeologi,고고학
arhxipelag,군도
aristokrat,귀족
arkitektur,건축술
auxtokrati,독재
beletristik,미문학 연구
bibliograf,서지학자
civilizaci,문명
dinamometr,동력계
ekskrement,배설물
entomologi,곤충학
euxkaristi,성찬식
filantropi,박애
hipertrofi,비대
ingredienc,성분
inkvizitor,종교재판관
kartografi,지도제작
koeficient,계수
kompliment,칭찬
kongregaci,교단
konsistori,추기경회의
kontraband,밀수입
kontribuci,전쟁배상금
kosmografi,우주지리학
kosmopolit,세계시민
krestomati,문선집
kvintesenc,제5원소
manufaktur,대규모공장
manuskript,원고
metamorfoz,변신
meteorolog,기상학자
mineralogi,광물학
naturalism,자연주의
numismatik,화폐학
ornitologi,조류학
paleografi,고문서학
perspektiv,전망
plutokrati,금권정치
pneuxmatik,타이어
prerogativ,특권
pseuxdonim,가명
stenografi,속기
subjunktiv,접속법
superlativ,최상급
tuberkuloz,결핵증
admiralitat,해군본부
antropologi,인류학
aristokrati,귀족정치
bibliografi,서지학
cirkumfleks,곡절 악센트
demonstraci,논증
departement,부서
enciklopedi,백과사전
hermafrodit,자웅동체
hidrostatik,유체정력학
hidroterapi,수치료법
imperialism,제국주의
inauxguraci,식
kalejdoskop,만화경
kondicional,조건법
konfederaci,연합국
konglomerat,역암
kontrapunkt,대위법
manifestaci,시위
metempsikoz,윤회
meteorologi,기상학
observatori,관측소
paleontolog,고생물학자
pleuxronekt,가자미류
protagonist,주인공
protektorat,보호령
pseuxd,가짜
racionalism,합리주의
racionalist,합리주의자
reuxmatism,류머티즘
temperament,기질
tragikomedi,희비극
administraci,행정부
demonstrativ,지시사
konservatori,음악학교
paleontologi,고생물학
paralelogram,평행사변형
spiritualism,유심론
spiritualist,유심론자
trigonometri,삼각법
auxtobiografi,자서전
t.e.,즉
k.t.p.,등등
kiom,몇 번째
kiom##,몇번째;얼마나
kiom##,몇번째;얼마나
dum,동안
dum##,동안
gxis,까지
gxis##,까지
anstataux,대신에
anstataux##,대신에
kiu##,누구;어느
kiu,"누구,어느"
tiu##,사람; 그
tiu,"그 사람,그것"
cxiu,각각의
cxiu##,각각
neniu,아무도
neniu##,아무도
ambaux,양쪽의
ambaux##,양쪽
tiu cxi##,이
tiu cxi##,이것
fiks,고정된
fiks##,고정하다
fals,거짓의
fals##,위조하다
cxu##,인지
cxu,입니까?
kial,왜
kial##,왜
kiel,"어떻게,~처럼"
kiel##,어떻게;처럼
tamen,그래도
tamen##,그래도
apenaux,하자마자
apenaux##,하자마자;거의
kvazaux,마치
kvazaux##,마치;듯이
cxirkaux,주위에
cxirkaux##,주위;약
precip##,주요한;특히
precip,주로
tut,전체의
tut##,전혀
rest##,남다
rest,나머지
cxiel,여러모로
cxiel##,하늘
interes,관심을 끌다
interes##,흥미
lig,묶다;연맹
lig##,묶다;연맹
rul,"굴리다,말다"
rul##,두루마리
arm##,무기;무장
arm,무기
fos,파다
fos##,구멍
plant,심다
plant##,식물
orient##,방위결정; 동쪽
orient,동쪽
fald,접다
fald##,접힘
kaj,그리고
kaj##,승강장
amas,"무리,집단"
amas##,집적; 대중
kopi,복사하다
kopi##,복사
fotograf,촬영하다
fotograf##,사진사
cxar,왜냐하면
cxar##,그래서;짐마차
fikci##,가공;허구
fikci,허구
nul,영(零)
nul##,영
klar##,클라라
klar,명확한
artikol,"관사,기사,조항"
artikol##,기사;관사
auxgust,8월
auxgust##,아우구스토
por,위해
por##,구멍
opozici,반대하다
opozici##,반대
fot,사진
vibr,진동하다
oscil,진동하다
fluktu,변동하다
indigo,"인디고,남색"
ad##,계속
ad,계속행위
ag,행동하다
al,~으로
am,사랑하다
an,구성원
ar,무리
as,현재형
at,수동현재
av,조부
bo,혼인관계
ci,너
da,의
de,"로부터,의"
di,신
Di##,신
do,그래서
du,둘(2)
ec,성질
eg,크고 강렬
ej,장소
ek,시작
el,~에서부터
em,경향
en,안에
er,입자
et,작은
fe,요정
fi##,쳇!
fi,비열한
ge,남녀
ha,놀람
he,이봐!
ho,오!
ia,어떤
id,후손
ie,어딘가에
ig,하게 하다
il,도구
in,녀성
io,무언가
ir,가다
is,과거형
it,수동 과거
iu##,어떤
iu,누군가
ja,정말로
je,(~)에
ju,더욱
ke,~라는 것
l',정관사
la,정관사
li,그
lu,임차하다
mi,나
ne,아니
ni,우리
nj,여자애칭
nu,자;
od,송시
ok,여덟(8)
ol,보다
on,분수
op,집합수
or,금
os,미래형
ot,수동미래
ov,알
pi,경건한
po,씩
re,다시
se,만약
si,자기
te,차
uj,그릇
ul,인
um,불특정
ur,유럽들소
us,가정법
uz,쓰다
ve,아아!
vi,당신
homeopat,유사요법사
zoolog,동물학