###❝エスペラント語根❞, ❝(全く同じ)エスペラント語根❞   となっている行は、対応する置換後の文字列が存在する場合と同等の優先順位を持つものの、実際には文字列(漢字)置換を行わないことを意味している。　
エスペラント語根##,日本語訳ルビ##
adiaŭ,さようなら
bis,アンコール!
hura,万歳!(歓呼)
ŭa,ワァ!
kia,どのような
tia,そんな
ĉia,すべての
kies,だれの(所有)
nenia,どんな~も~ない
ali,他の
alt,高い
bel,美しい
bon,良い
jun,若い
nov,新しい
sam,同一の
fort,強い
grav,重要な
kelk,幾つかの
last,最後の
long,長い
mult,多くの
plen,いっぱいの
riĉ,金持ちの
ruĝ,赤い
facil,容易な
grand,大きい
liber,自由な
rapid,速い
feliĉ,幸福な
proksim,近い
fru,早い
pur,純粋な
sol,唯一の
ver,本当の
cert,確かな
nigr,黒い
varm,暑い
afabl,愛想のよい
blank,白い
dolĉ,甘い
neces,必要な
propr,固有の
simpl,簡単な
dekstr,右の
kuraĝ,勇気ある
trankvil,平静な
blu,青い
dik,太い
gaj,陽気な
hel,明るい
kar,親愛な
lac,疲れた
san,健康な
sat,満腹した
just,正義の
prav,正当な
pret,用意の整った
util,有用な
verd,緑の
apart,別々の
atent,注意深い
fremd,他国の
ĝust,正しい
komun,共通の
larĝ,幅の広い
agrabl,快い
divers,様々な
intern,内部の
sufiĉ,十分な
kontent,満足な
profund,深い
mol,柔らかい
pez,重い
sek,乾いた
brun,褐色の
egal,等しい
flav,黄色の
griz,灰色の
kulp,罪のある
lert,器用な
rekt,まっすぐな
saĝ,賢明な
vast,広い
ceter,残りの
freŝ,新鮮な
simil,よく似た
kapabl,有能な
serioz,まじめな
efektiv,現実の
ordinar,普通の
akr,鋭い
fam,名高い
ies,だれかの
avar,欲の深い
dens,濃い
eben,平らな
fier,誇りたかい
firm,堅固な
nepr,必然の
plat,平たい
plur,複数の
surd,耳が聞こえない
vigl,活発な
fidel,忠実な
kviet,静かな
matur,成熟した
sankt,[宗]神聖な
spert,経験を積んだ
subit,不意の
taŭg,役立つ
honest,正直な
konven,ふさわしい
plur,複数の
preciz,正確な
strang,奇妙な
delikat,繊細な
ĝentil,礼儀正しい
komfort,安楽な
pacienc,我慢強い
special,特別の
ĝeneral,全般の
konstant,不変の
lam,びっこの
mut,唖の
nud,裸の
pal,青ざめた
ruz,ずるい
van,むなしい
acid,酸っぱい
glat,なめらかな
kler,教養ある
krud,生の
mild,温和な
abund,有り余るほどの
blind,盲目の
blond,金髪の
ĉarm,魅力的な
etern,永遠の
favor,好意的な
graci,優美な
humil,謙虚な
laŭt,大声の
sever,厳しい
stult,愚鈍な
fortik,頑丈な
frenez,気の狂った
kurioz,珍奇な
privat,私的な
sincer,誠実な
evident,明白な
oportun,便利な
prudent,思慮深い
sci/vol##,好奇心のある
diligent,勤勉な
proksim/um##,およその
ard,白熱の
avid,渇望している
brav,勇敢な
ebri,酔った
krut,切り立った
naiv,無邪気な
nobl,高潔な
sobr,節制の
humid,湿気のある
ident,同一の
komik,こっけいな
kripl,不具の
kruel,残酷な
moder,適度の
sagac,明敏な
seren,おだやかな
sprit,機知に富んだ
akurat,時間厳守の
fervor,熱心な
inklin,傾向のある
ĵaluz,嫉妬深い
kapric,気まぐれの
modern,現代の
modest,控え目な
nenies,誰の~でもない
normal,正常な
sovaĝ,野生の
ekstrem,ぎりぎりの
elegant,上品な
eminent,優れた
komplet,完全な
oficial,公式の
perfekt,完全な
probabl,ありそうな
reciprok,相互の
indiferent,無関心な
inteligent,聡明な
amar,苦い
imun,[医]免疫の
real,現実の
ties,それ;あれの
unik,特異な
vant,虚栄の
virg,純潔な
aktiv,活動的な
civil,市民の
ĉies,各人の;皆の
elast,弾力のある
human,人間的な
intim,親密な
kaduk,老朽の
koket,なまめかしい
lojal,忠義な
malic,悪意の
mir/ind##,不思議な
raŭk,しわがれ声の
rigid,硬直した
sekur,安全な
solen,荘厳な
tener,優しい
valid,[法]有効な
abrupt,突然の
absurd,非常識な
aktual,現存の
arbitr,任意の
aŭdac,ずぶとい
ekzakt,精密な
furioz,怒り狂った
graved,妊娠した
klasik,古典の
majest,尊厳な
nervoz,[病]神経質な
oblikv,斜めの
obstin,頑固な
plen/aĝ##,成年の
social,社会的な
subtil,微細な
tragik,悲惨な
absolut,絶対の
kontant,[商]現金の
popular,人気のある
relativ,相対的な
sin/don##,献身的な
solidar,連帯の
vegetar,菜食の
familiar,心安い
grandioz,雄大な
kolektiv,集合的な
sin/gard##,用心のための
kompetent,適任の
universal,普遍的な
kvit,[商]借のない
miop,[医]近視の
punc,ひなげし色の
ranc,酸敗した
ĉast,貞節な
ekstr,特別の
masiv,どっしり重い
antikv,古代の
arogant,横柄な
konform,適合した
trivial,野卑な
elokvent,雄弁な
kriminal,[法]刑事上の
predikat,[文]述部
akut,鋭角の
dual,二重の
hirt,逆立った
kalv,(頭の)はげた
banal,ありふれた
cinik,冷笑的な
gotik,ゴシック式の
inert,惰性的な
obtuz,鈍い
okult,神秘術の
pasiv,受身の
rigor,厳格な
stoik,ストア学派の
analog,類似の
anonim,匿名の
arkaik,古風な
diafan,半透明の
efemer,はかない
erotik,性愛の
fiktiv,fikcia
formal,外形的な
frivol,軽はずみな
intens,強烈な
invers,逆の
konciz,簡潔な
konkav,[理]凹の
mistik,神秘主義的な
neŭtr,中性の
vulgar,通俗の
akcesor,副の
apokrif,偽作の
arĥaik,古風な
burlesk,道化た
decimal,[数]十進法の
diskret,口の固い
fanatik,狂信的な
grotesk,グロテスクな
konkret,具体的な
kontinu,連続的な
liberal,[政]自由主義の
monoton,単調な
negativ,消極的の
nominal,名目上の
pozitiv,積極的な
radikal,[政]急進的な
skeptik,懐疑的な
solvent,[商]支払能力のある
abstrakt,抽象的な
aŭtonom,自治の
eventual,起こり得る
inkluziv,含んだ
neŭtral,中立の
objektiv,客観的な
ortodoks,正統の
primitiv,原始的な
provizor,臨時の
racional,[数]有理の
romantik,ロマンチックな
sinoptik,一覧用の
spontane,自発的な
aŭtentik,真正の
definitiv,最終決定の
ekskluziv,排他的な
korelativ,相関的な
respektiv,それぞれの
subjektiv,主観的な
transitiv,[文]他動の
spekulativ,[哲]思弁的な
impertinent,厚かましい
konservativ,[政]保守派の
sentimental,感傷的な
dek,十
mil,千
sep,七
ses,六
tri,三
unu,一
cent,百
kvar,四
kvin,五
naŭ,九
aŭ,または
nek,~もまた~ない
sed,しかし
kvankam,(~だ)けれども
plus,[数]プラス
minus,マイナス
ĉe,ところで
kun,(~と)共に
per,よって
pri,ついて
pro,ために
sen,(~)なしで
sub,(~の)下に
sur,(~の)上に
tra,通って
apud,(の)そばに
krom,(の)ほかに
laŭ,沿って
post,(~の)後で
inter,(の)間に
super,(~の)上方に
trans,(~の)向こうに
antaŭ,(~の)前に
ekster,(の)外で
preter,(~の)そばを通って
kontraŭ,(に)向かって
malgraŭ,(~)にもかかわらず
ĝi,それ
ili,それら
kio,何
oni,人々
ŝi,彼女
tio,それ;あれ
ĉio,すべて
nenio,何も~ない
tio ĉi##,これ(もの;こと：一括)
dis,分散
mal,正反対
ĉef,主
eks,前
mis,誤り
pra,原始
dev,must
dir,(を)言う
don,与える
est,(~)である
far,(を)する
fin,終える
hav,持っている
kon,知っている
leg,(を)読む
lev,上げる
met,(を)置く
mov,動かす
pet,(を)頼む
pov,できる
rid,笑う
sci,知っている
sid,座っている
ten,支え持つ
ven,(に)来る
vid,見る;会う
viv,生きている
vol,意志がある
ĝoj,喜ぶ
help,手助けする
kred,(を)信じる
lern,(を)学習する
loĝ,(に)住む
mort,死ぬ
okaz,起こる
port,(を)持ち運ぶ
pren,(を)手に取る
sekv,(に)付き従う
send,(を)送る
star,立っている
dezir,(を)望む
labor,働く
milit,戦争する
montr,(を)示す
parol,話しをする
ricev,(を)受取る
skrib,(を)書く
ŝajn,(~と)見える
vetur,(乗り物で)行く
demand,(を)質問する
komenc,(を)始める
kompren,(を)理解する
respond,(を)答える
bat,(を)打つ
fal,落ちる
kri,(を)叫ぶ
kur,走る
las,手放す
lum,光っている
mir,不思議に思う
pag,支払う
pas,通過する
reg,統治する
son,音がする
tim,恐れる
tir,(を)引く
aŭd,(を)聞く
brul,燃える
dank,(に)感謝する
dorm,眠っている
ferm,(を)閉める
flug,飛ぶ
halt,止まる
ĵet,投げる
kant,(を)歌う
kost,(に)価する
mank,欠けている
nask,(を)生む
okup,占めている
pens,思う
perd,(を)失う
prem,(を)押える
prov,(を)試す
sent,(を)感じる
turn,(を)回す
aĉet,(を)買う
atend,(を)待つ
bezon,(を)必要とする
kresk,(に)成長する
manĝ,(を)食べる
memor,(を)覚えている
serĉ,(を)捜す
trink,(を)飲む
konsil,(を)助言する
permes,(を)許可する
postul,(を)要求する
rakont,(を)物語る
rigard,(を)見る
rimark,(に)気づく
ŝanĝ,(を)変える
vojaĝ,旅行する
konstru,(を)建造する
prezent,(を)差し出す
renkont,(に)出会う
bru,騒音を出す
dub,(を)疑う
lav,(を)洗う
lud,(を)遊ぶ
pen,努力する
vek,目覚めさせる
vok,(を)呼ぶ
aper,現れる
bril,輝く
erar,(を)誤る
fest,(を)祝う
frap,(を)たたく
gajn,(を)かち取る
kapt,(を)捕える
kaŝ,(を)隠す
kovr,(を)おおう
kuir,(を)料理する
kuŝ,横たわっている
paŝ,歩く
plor,泣く
romp,(を)破壊する
salt,跳躍する
serv,仕える
tuŝ,触れる
vend,(を)売る
zorg,世話をする
batal,戦う
elekt,(を)選ぶ
esper,(を)希望する
koler,怒っている
mezur,(を)計る
opini,意見である
ordon,(を)命令する
plend,不満を訴える
ripoz,休息する
salut,(に)挨拶する
sufer,苦しむ
akcept,(を)受入れる
forges,(を)忘れる
kalkul,(を)計算する
komerc,(を)商売する
konduk,(を)導く
pardon,(を)ゆるす
silent,黙っている
tranĉ,(を)切る
konsent,同意する
aŭskult,(を)聴く
ban,水浴させる
flu,流れる
kre,創造する
mok,あざける
amuz,楽しませる
ĉes,止む
efik,効果をあげる
gard,(を)見張る
juĝ,裁判する
klin,(を)傾ける
pend,掛っている
puŝ,(を)押す
spir,呼吸する
stud,(を)研究する
ŝat,価値を認める
tond,刈る
traf,(に)命中する
ating,(に)着く
decid,(を)決定する
estim,(を)尊敬する
invit,(を)招待する
kurac,(を)治療する
marŝ,行進する
plaĉ,気に入る
ripet,(を)繰り返す
ŝlos,鍵をかける
ŝtel,(を)盗む
vizit,(を)訪問する
aranĝ,(を)整える
ekzist,存在する
instru,(を)教える
intenc,(を)意図する
kompat,(を)あわれむ
prefer,(を)より好む
prepar,(を)用意する
promen,散歩する
promes,(を)約束する
sukces,成功する
konserv,(を)保存する
bol,沸騰する
kis,キスする
obe,服従する
paf,(を)撃つ
pel,追いたてる
pik,(を)刺す
pun,罰する
sav,救助する
tus,せきをする
akir,(を)獲得する
apog,(を)支える
atak,(を)攻撃する
bala,(を)掃く
blov,吹く
ĉas,(を)狩る
danc,踊る
eduk,(を)教育する
evit,(を)避ける
fleg,(を)看護する
glit,すべる
gvid,(を)案内する
ĝen,邪魔する
hejt,(を)暖房する
hont,(を)恥じる
imag,(を)想像する
imit,(を)模倣する
komb,(を櫛で)すく
mend,(を)注文する
miks,(を)混ぜる
naĝ,泳ぐ
plug,(を)耕す
pres,(を)印刷する
soif,喉が乾く
spez,(を)出納する
ŝir,ちぎる
trem,震える
trov,(を)見つける
venk,(に)勝つ
viŝ,(を)拭く
volv,(を)巻く
anonc,(を)公表する
aprob,(に)賛成する
avert,(に)警告する
merit,(に)価する
minac,(を)脅す
pentr,(色彩画を)描く
posed,(を)所有する
preĝ,[宗]祈る
rifuz,(を)拒絶する
rilat,関係する
ripar,(を)修理する
skrap,(を)削る
ŝerc,冗談を言う
tromp,(を)だます
defend,(を)守る
desegn,(を)描く
esting,(を)消す
inform,(を)通報する
kompar,比較する
kondut,ふるまう
konfes,(を)告白する
konsci,(を)意識する
kultur,(を)栽培する
mensog,嘘をつく
rezult,起きる
rikolt,(を)収穫する
streĉ,(を)緊張させる
ŝovel,シャベルですくう
akompan,(と)同行する
aparten,(に)所属する
bedaŭr,(を)残念に思う
konsist,(~から)成り立つ
organiz,(を)組織する
progres,進歩する
respekt,(を)尊敬する
riproĉ,(を)とがめる
diferenc,異なる
rekomend,(を)推薦する
korespond,文通する
enu,退屈する
fid,信頼する
ĝu,楽しむ
hak,たたき切る
log,気を引く
pek,罪を犯す
pes,重さを計る
raz,そる
dron,溺れる
fajf,口笛を吹く
fand,溶かす
farm,(を)小作する
fart,暮らす
frot,(を)摩擦する
ĝem,うめく
krev,裂ける
kudr,縫う
mord,(を)かむ
muel,(を粉に)挽く
nutr,(を)養う
odor,臭う
rajd,乗って行く
solv,(を)解決する
taks,(を)評価する
teks,(を)織る
tent,(を)誘惑する
urĝ,さし迫る
babil,雑談する
detru,(を)破壊する
difin,(を)定義する
distr,(の)気を散らす
diven,(を)見抜く
divid,(を)分割する
etend,(を)伸ばす
evolu,進化する
forĝ,(を)鍛える
frand,(を)美食する
grimp,(に)よじ登る
hezit,ためらう
kroĉ,ひっ掛ける
laŭd,(を)ほめる
mason,築く
ofert,[商]提供する
ornam,(を)装飾する
petol,いたずらをする
sonĝ,夢を見る
stern,(を)敷き広げる
supoz,(を)想定する
ŝirm,(を)かばう
ŝpar,(を)節約する
ŝtop,詰めふさぐ
ŝuld,債務を負う
ŝvel,膨れる
toler,(を)我慢する
verŝ,(を)注ぐ
aspekt,(に)見える
daŭr/ig##,(を)続ける
difekt,(を)損傷する
diskut,(を)討議する
domaĝ,惜しむ
ekscit,(を)興奮させる
ekzerc,(を)訓練する
esplor,(を)探求する
esprim,(を)表現する
konsol,(を)慰める
murmur,つぶやく
prezid,(の)議長を勤める
signif,(を)意味する
skulpt,(を)彫刻する
traduk,(を)翻訳する
ekskurs,遠足する
ekzamen,(を)調べる
komunik,(を)伝える
koncern,(に)関係がある
konstat,(を)確認する
protekt,(を)保護する
protest,抗議する
renvers,(を)転覆させる
surpriz,(を不意に)驚かす
konsider,(を)考慮する
persekut,(を)迫害する
reprezent,(を)代表する
bak,(を)焼く
ben,祝福する
boj,ほえる
bor,穴をあける
ced,譲歩する
cit,引用する
lek,なめる
rab,強奪する
rav,魅了する
rem,漕ぐ
rev,空想する
seg,鋸で引く
sku,揺すぶる
ted,うんざりさせる
teg,上張りする
abon,(を)予約する
dung,(を)雇う
envi,(を)うらやむ
flar,(を)嗅ぐ
fond,(を)創立する
frit,フライにする
friz,カールする
gest,身振りをする
glad,アイロンをかける
glut,(を)飲み込む
ĵur,(を)誓う
kned,(を)こねる
maĉ,かみ砕く
melk,乳を搾る
migr,移動する
munt,組み立てる
ofer,捧げる
pent,(を)後悔する
pruv,(を)証明する
pump,吸い上げる
putr,腐敗する
ramp,這って進む
risk,危険にさらす
ronk,いびきをかく
rost,[料](を)焼く
sven,失神する
ŝov,押しやる
ŝut,まく
tajl,[服]裁断する
tord,(を)よじる
tren,引きずって行く
vari,変動する
velk,枯れる
adici,(を)足し算する
admir,(に)感嘆する
admon,言い聞かせる
adopt,(を)養子にする
akcel,(を)加速する
atest,(を)証明する
ĉerp,(を)汲む
degel,融ける
deleg,(を)派遣する
fleks,(を)曲げる
flirt,(旗などが)翻る
hered,(を)相続する
influ,影響を与える
kares,(を)愛撫する
medit,(を)黙考する
naŭz,吐き気を催させる
osced,あくびをする
paŝt,(を)放牧する
paŭz,休止する
pinĉ,(を)つまむ
plekt,(を)編む
regal,ごちそうする
ribel,反乱する
sopir,(を)恋しがる
sorĉ,魔法にかける
strik,ストライキをする
sufok,(を)窒息させる
sving,(を)振る
ŝarg,(に)装填する
ŝmir,塗る
trakt,(を)取り扱う
tremp,(に)ひたす
afrank,(に)切手を貼る
asekur,(に)保険をかける
balanc,(を)上下に揺る
barakt,もがく
dediĉ,(を)捧げる
deklar,(を)宣言する
destin,(の用途を)予定する
disput,口論する
escept,(を)除外する
festen,宴会をする
frakas,(を)打ち砕く
gratul,お祝いを言う
ilustr,挿絵を入れる
import,(を)輸入する
insist,固執する
instal,(を)据え付ける
instig,(を)励ます
insult,(を)罵る
komand,[軍](を)指揮する
komisi,(を)委託する
konfid,(を)信頼する
konfit,砂糖漬けにする
konfuz,(を)混乱させる
konkur,競争する
kritik,(を)批判する
observ,(を)観察する
penetr,浸透する
perfid,(を)裏切る
proced,手順を運ぶ
raport,(を)報告する
reklam,(の)広告をする
rezign,放棄する
rezist,抵抗する
rifuĝ,避難する
brak/um##,(を)抱きしめる
civiliz,(を)教化する
ĉagren,いらだたせる
de/pend##,(に)依存する
disting,(を)判別する
eksplod,爆発する
garanti,(を)保証する
komplez,親切にする
kondamn,罪
konfirm,(を)確認する
konjekt,(を)推測する
konklud,(を)結論する
kontrol,(を)検査する
konvink,(を)説得する
operaci,[医]手術する
plen/um##,(を)果たす
pretend,(の)権利を要求する
suspekt,(を)怪しむ
turment,(を)いじめる
distribu,(を)分配する
fanfaron,大言壮語する
kontrakt,(を)契約する
mastr/um##,(の)家政をとる
prokrast,(を)延期する
administr,(を)管理する
el/turn/iĝ##,身をかわす
entrepren,(を)企てる
dec,かなう
juk,かゆい
lul,寝かしつける
vad,歩く
vag,さまよう
vet,賭ける
vom,(を)吐く
zum,ブンブン言う
ador,(を)崇拝する
agit,(を)扇動する
akuz,(を)告発する
alud,ほのめかす
bapt,洗礼を施す
bind,(を)製本する
blek,いななく
bred,(を)飼育する
buĉ,屠殺する
ĉif,しわくちゃにする
dikt,口述筆記させる
dres,(を)調教する
ekip,(を)装備する
est/ig##,(を)引き起こす
fast,(を)断食する
flat,(を)おだてる
flik,継ぎを当てる
fuĝ,逃げる
fuŝ,仕損じる
garn,(を)補強する
grat,(を)掻く
hav/ig##,(を)持たせる
izol,孤立させる
jung,つなぐ
lukt,格闘する
muĝ,うなる
opon,(に)反対する
palp,手探りする
pekl,塩づけにする
pere,破滅する
pli/ig##,(を)ふやす
sark,(を)除草する
sekc,[医]切断する
sorb,(を)吸収する
spit,ものともしない
suĉ,(を)吸う
svat,(の)仲人する
tajp,タイプする
tern,くしゃみをする
tikl,(を)くすぐる
tint,チンチンと鳴る
trik,編み物をする
trud,押し付ける
vart,(を)保育する
adapt,(を)適合させる
aplik,(を)応用する
asert,(と)断言する
asist,(を)補佐する
balot,(に)投票する
ĉe/est##,(に)出席する
delir,錯乱する
depon,(を)預ける
deput,出す
enket,(を)調査する
eskap,逃れる
falĉ,かまで刈る
flagr,揺らめく
for/est##,不在だ
grinc,きしる
ignor,(を)無視する
impet,突進する
incit,(を)怒らせる
indik,(を)指し示す
insid,落とし入れる
inund,氾濫する
kraĉ,たんを吐く
liver,(を)供給する
menci,(を)言及する
modif,(を)修正する
ofend,(を)侮辱する
rezon,(を)推論する
rivel,(を)あかす
start,スタートする
susur,さらさら鳴る
ŝpin,(を)紡ぐ
trejn,(を)訓練する
venĝ,復讐をする
abstin,節制する
aflikt,(を)悩ませる
altern,交互に起こる
balbut,どもる
cirkul,循環する
deĵor,当直する
denunc,(を)告発する
de/ten##,(を)引きとめる
dev/ont/ig##,(履行を)約束させる
digest,(を)消化する
dispon,(を)自由に使う
dorlot,(を)甘やかす
eksped,(を)発送する
el/don##,(を)出版する
establ,(を)創立する
flustr,ささやく
grimac,顔をしかめる
grumbl,ぶつぶつ言う
implik,(を)もつれさす
indign,激怒する
indulg,(を)容赦する
infekt,(を)感染させる
injekt,[医](を)注射する
inspir,(を)心に吹き込む
invent,(を)発明する
klopod,奔走する
kolizi,衝突する
kombin,(を)組合わせる
kompon,(を)構成する
konsum,(を)消費する
korekt,(を)訂正する
lubrik,(機械に)油を注す
manovr,[軍]機動演習する
plonĝ,(に)飛び込む
preleg,(を)講演する
propon,(を)提案する
provok,(を)挑発する
recenz,(を)批評する
redakt,(を)編集する
redukt,(を)縮小する
revizi,(を)校閲する
ŝpruc,噴出する
aplaŭd,(に)拍手する
blasfem,[宗]冒涜する
bon/vol##,どうぞ~する
brokant,古物売買する
eksport,(を)輸出する
ekzekut,(に)死刑を執行する
gust/um##,(を)味わう
iniciat,(を)発起する
kalumni,(を)中傷する
kompens,(を)補償する
komplik,(を)複雑にする
kontest,異議を唱える
manipul,(を)操作する
neglekt,(を)なおざりにする
persist,頑張る
prononc,(を)発音する
prosper,繁栄する
reflekt,[理](を)反射する
re/form##,(を)改造する
subtrah,[数]引き算する
ŝancel,(を)ぐらつかせる
televid,テレビを見る
determin,(を)確定する
ekspluat,開発する
koncentr,(を)集中する
mistifik,(を)煙にまく
preskrib,[医](を)処方する
revoluci,[政]革命を起こす
riverenc,お辞儀する
interpret,(を)通訳する
kompromit,(を)危険にさらす
multiplik,[数](を)掛ける
propagand,(を)宣伝する
konversaci,会話する
interpelaci,[政](を議会で大臣に)質問する
erp,鍬で均す
kov,抱いている
lut,半田づけする
pep,さえずる
tan,なめす
agac,苛立たせる
brod,刺繍する
brog,熱湯をかける
ĉiz,彫刻する
edif,[宗]教化する
fajl,やすりをかける
krak,音をたてる
kroz,[海]巡航する
pist,(を粉に)つく
rasp,すりおろす
rast,かく
rigl,かんぬきをかける
rukt,げっぷ
sibl,シューと音鳴る
skiz,スケッチする
sput,吐く
steb,合わせ縫いする
stuk,漆喰を塗る
ŝim,かびる
torn,(を)旋削する
trot,速歩する
urin,排尿する
varb,募集する
adult,密通する
afekt,(と)見せかける
akuŝ,(を)出産する
arest,(を)逮捕する
asign,(を)割当てる
atenc,危害を加える
draŝ,(を)打穀する
drink,(を)飲む
ekzil,国外追放する
filtr,(を)ろ過する
infuz,(を)振り出す
kribr,ふるいにかける
parad,分裂行進する
rabot,かんなをかける
rafin,(を)精製する
satur,[化]飽和させる
sieĝ,[軍]包囲する
skerm,フェンシングをする
strab,やぶにらみする
ŝmac,チュッと音たてる
uzurp,(を)横領する
veget,植生する
border,(を)縁取る
ĉikan,難癖を付ける
degrad,(を)降格する
diboĉ,酒色にふける
distil,[化]蒸留する
drapir,(を)掛け布でおおう
gargar,うがいする
gravur,(を)彫り込む
guvern,(を)養育する
ilumin,(を)照明する
inokul,[医](を)接種する
intrig,陰謀を企てる
ĵongl,手品を使う
kartav,ｒ音をのどで発音する
kontuz,(に)打撲傷を与える
likvid,[商](を)清算する
makler,[商]仲買をする
plaŭd,ばしゃりと音を立てる
predik,(を)説教する
rembur,(に)詰め物をする
ventol,(を)換気する
deĉifr,(を)解読する
degener,[生]退化する
diskont,[商]手形割引する
ferment,発酵する
kalfatr,[機]コーキンする
kolport,行商する
kompost,[印](を)植字する
konspir,(政治的)陰謀を企む
konvert,[宗](を)改宗させる
paraliz,[医](を)麻痺させる
proklam,(を)布告する
singult,しゃっくりする
ĉarpent,大工仕事をする
hipokrit,偽善をする
intermit,断続する
konstern,(を)仰天させる
marĉand,(を)値切る
kapitulac,[軍]降伏する
kaŭteriz,[化]腐食させる
komentari,koment
koment,(を)注釈する
poz,ポーズをとる
vak,あいている
boks,拳闘する
ĝir,振替える
kirl,かきまわす
klak,かちかち音たてる
kluk,クックッと鳴く
knar,きしる
murd,(を)殺害する
pled,[法]弁護する
sond,探る
tatu,入れ墨する
abdik,(を)退く
abort,流産する
agoni,死の苦しみを味わう
aklam,(に)歓呼する
amput,切断する
aneks,(を)併合する
aspir,(を)熱望する
deriv,(を)派生させる
feder,(を)連合させる
impon,(を)威圧する
invad,侵入する
kaŭr,うずくまっている
klaĉ,悪口をいう
kliŝ,ステロ版にとる
kotiz,払う
marin,#ERROR!
miaŭ,ニャアと鳴く
modul,[楽]転調する
refut,(を)論破する
rikan,(を)冷笑する
streb,[に)全力をつくす
svarm,群がっている
ŝveb,浮かぶ
absorb,(を)夢中にさせる
akapar,(を)買占める
analiz,(を)分析する
asimil,(を)同化する
asperg,(に)水をやる
atribu,(を)割り当てる
aŭgur,(を)占う
bojkot,(を)ボイコットする
cenzur,(を)検閲する
dedukt,演繹する
deklam,(を)朗読する
dekolt,[服]くる
indukt,(を)帰納する
kompil,(を)編さんする
konced,容認する
konker,(を)征服する
korupt,(を)買収する
kverel,口論する
lament,悲嘆にくれる
narkot,[医](を)麻酔する
stimul,(を)激励する
strigl,(馬に)櫛をかける
ŝrump,しなびる
amortiz,(を)原価消却する
anticip,(を)前もってする
apelaci,訴える
bankrot,破産する
bombard,(を)砲撃する
emancip,解放する
inspekt,(を)査察する
katekiz,問答で教理を教える
koincid,符合する
konfisk,(を)没収する
konsekr,[宗](を)清める
konsult,相談する
legitim,(~の身元を)証明する
mobiliz,[軍](を)動員する
pilgrim,[宗]巡礼する
improviz,(を)即興的に作る
inaŭgur,(の開始)式を行う
karambol,(玉突きで)キャノンする
kateĥiz,問答で教理を教える
klasifik,(を)分類する
kontribu,(を)寄与する
litograf,[印]石版印刷する
prostitu,売春させる
centraliz,集中する
stenograf,(を)速記する
ekskomunik,[宗](を)破門する
karakteriz,(を)特色づける
aĵ,事物
ant,能動;継続
ebl,可能
iĝ,なる
ind,価値
int,能動;完了
ism,主義
ist,従事者
obl,倍数
ont,能動;将然
estr,[接尾辞]長
aĉ,粗悪
ĉj##,男子愛称
end,必要
ing,さや
ajn,であろうと
ĉi##,近接
eĉ##,さえ
for,離れて
iam,ある時
iom,多少
jam,既に
jen,そらここに
jes,はい
kie,どこで
mem,自身
nun,今
nur,ただ~だけ
pli,より
plu,さらに
tie,そこで
tre,たいへん
tro,見える
tuj,すぐに
ĉie,いたる所で
ĵus,たった今
kiam,いつ(時)
plej,最も
tial,それゆえ
tiam,その時;あの時
tiel,その;あの様に
tiom,そんな;あんなに
ĉiam,いつも
nenie,どこにも~ない
ankaŭ,(~も)また
neniam,決して~ない/td>
baldaŭ,まもなく
hieraŭ,昨日
hodiaŭ,今日
morgaŭ,明日
tie ĉi##,ここで(場所)
almenaŭ,少なくとも
ankoraŭ,まだ
preskaŭ,ほとんど
tiel ĉi##,この様に(方法;状態)
oft,たびたび
ial,ある理由で
iel,どうにかして
volont,自ら進んで
des,ますます
neniom,少しも~ない(数量)
ĉial,あらゆる理由で
ĉiom,全部(数量)
ia/foj##,ある時
nenial,どんなわけでも~ない
neniel,どうしても~ない
parker,暗記して
foj,回
hom,人
jar,年
kap,頭
kor,心
lok,場所
man,手
nom,名前
tag,日
ter,土地
vir,男
voj,道
afer,物事
amik,友達
form,形
kamp,野原
land,国
mond,世界
naci,国民
patr,父
temp,時間
vort,[文]語
flank,側
infan,子供
patr/in##,母
ĉambr,部屋
sinjor,紳士
akv,水
arb,木
art,技術
dom,家
edz,夫
fil,息子
har,毛
hor,時間
lit,ベッド
mar,海
mon,金銭
mur,壁
pac,平和
pec,一片
sun,太陽
urb,市
bild,絵
bird,鳥
buŝ,口
frat,兄弟
hejm,家庭
knab,少年
kort,中庭
libr,本
mont,山
okul,[解]目
part,部分
pied,[解]足
pord,戸口
rajt,権利
tabl,テーブル
vent,[気]風
vest,服
fingr,指
frukt,果実
kolor,色
leter,手紙
lingv,言語
maten,朝
popol,人民
punkt,点
rimed,手段
valor,価値
ĉeval,[動]馬
famili,家族
fraŭl,未婚男子
person,人
semajn,一週間
vesper,夕方
vizaĝ,顔
fenestr,窓
aer,空気
aĝ,年齢
cel,目的
fer,鉄
ide,観念
kat,[動]猫
kol,[解]首
mez,まん中
naz,[解]鼻
nub,[気]雲
ord,順序
pan,[料]パン
roz,[植]バラ
best,動物
bord,岸
brak,腕
dent,歯
fajr,火
fiŝ,魚
flor,花
glas,コップ
hund,犬
korp,体
lakt,乳
lign,木材
lini,線
mark,しるし
neĝ,[気]雪
nokt,夜
onkl,おじ
orel,[解]耳
plum,ペン
pluv,雨
rond,円形
sang,血
seĝ,いす
spec,種類
stat,状態
supr,頂上
ŝip,船
vitr,ガラス
angul,角
daŭr,継続
dolor,痛み
gazet,雑誌
kaŭz,原因
kutim,習慣
minut,(時間の)分
monat,(暦の)月
natur,自然
nombr,数
paper,紙
plank,床
river,川
somer,夏
staci,駅
strat,街路
suker,砂糖
ŝton,石
vagon,[鉄]車両
veter,[気]天候
vintr,冬
aŭtun,秋
ĉapel,帽子
direkt,方向
kolekt,収集品
moment,瞬間
plezur,喜び
vilaĝ,村
ekzempl,例
ĝarden,庭
histori,歴史
printemp,春
bov,牛
ink,インク
kaf,コーヒー
kok,ニワトリ
kuk,ケーキ
kuz,いとこ
lag,湖
lim,境界
lun,[天]月
maj,５月
pak,包み
sak,袋
sum,合計
tru,穴
vin,ぶどう酒
anim,魂
azen,[動]ロバ
benk,ベンチ
dors,背
foli,葉
font,源泉
fund,底
genu,[解]ひざ
gren,穀物
grup,グループ
herb,草
juli,７月
juni,６月
kart,カード
klas,クラス
korb,かご
kruc,[宗]十字架
krur,[解]すね
lang,[解]舌
leĝ,[法]法律
lund,月曜日
mard,火曜日
mart,３月
ofic,職務
ombr,かげ
paĝ,ページ
pork,[動]豚
poŝ,ポケット
radi,[理]線
reĝ,王
senc,意味
stel,星
ŝaf,ヒツジ
verk,著作
voĉ,声
adres,住所
april,４月
brust,胸
buter,バター
donac,贈り物
glaci,氷
kuler,[料]さじ
mastr,主人
muzik,音楽
numer,番号
poŝt,郵便
prunt,貸し借り
sabat,土曜日
ŝtat,国家
ŝtup,(階段の)段
teler,皿
terur,恐怖
vapor,蒸気
insekt,[虫]昆虫
januar,１月
ĵaŭd,木曜日
kovert,封筒
krajon,鉛筆
manier,やり方
objekt,物体
oktobr,１０月
plafon,天井
region,[地]地方
religi,宗教
spirit,精神
arĝent,銀
danĝer,危険
decembr,１２月
dimanĉ,日曜日
februar,２月
horloĝ,時計
merkred,水曜日
novembr,１１月
produkt,生産(物)
vendred,金曜日
septembr,９月
bar,障害
bek,くちばし
fak,専門
fum,煙
gas,ガス
gut,しずく
jak,[服]背広
kel,地下室
kuv,大桶
lip,唇
nep,孫
nev,おい
not,覚え書
ole,油
ond,波
ost,[解]骨
par,一対
pom,リンゴ
pot,つぼ
rad,[機]車輪
ret,網
sal,塩
sap,石鹸
sem,[植]種子
sud,南
sup,スープ
ŝu,短靴
tas,茶碗
tol,リンネル
tuk,布
ung,[解]つめ
val,[地]谷
vic,列
barb,あごひげ
bros,ブラシ
fakt,事実
flag,旗
fork,[料]フォーク
forn,炉
gast,客
gras,[化]脂肪
kapr,[動]山羊
karb,炭
kest,箱
korn,[動]角
krim,犯罪
lamp,ランプ
mebl,家具
mien,顔つき
muŝ,[虫]ハエ
nord,北
past,[料]ペースト
pilk,[遊]ボール
pint,先端
polv,ほこり
pont,橋
prez,価格
rand,縁(ふち)
regn,[法]国家
seri,連続
sign,符号
sort,運命
spic,[料]香辛料
vang,[解]ほお
vost,尾
vund,傷
botel,びん
buton,ボタン
cifer,数字
faden,糸
frunt,額
haŭt,皮膚
honor,名誉
insul,島
kajer,ノート
kamen,暖炉
legom,野菜
liter,文字
metal,金属
pingl,ピン
polic,警察
polur,光沢
premi,賞品
regul,規則
sezon,季節
ŝanc,機会
ŝnur,綱
tabul,板
viand,[料]肉
baston,棒
branĉ,枝
ĉemiz,シャツ
doktor,博士
kravat,[服]ネクタイ
lecion,授業
maŝin,機械
milion,百万
najbar,隣人
parenc,親族
publik,公衆
scienc,科学
sekret,秘密
skatol,手箱
soldat,兵士
spegul,鏡
ŝarĝ,積荷
ŝrank,戸棚
tualet,衣装
ĉapitr,章
fromaĝ,[料]チーズ
kondiĉ,条件
praktik,実践
serpent,[動]ヘビ
ŝtrump,[服]長靴下
tegment,屋根
telefon,電話
industri,産業
kilogram,[単]キログラム
okcident,西
pantalon,[服]ズボン
abi,[植]モミ
agl,[鳥]ワシ
ber,[植]液果
bot,長靴
bul,玉
dat,日付
glu,糊
jup,スカート
kav,穴
lan,羊毛
led,なめし皮
mod,流行
mor,風俗
pin,[植]マツ
pip,パイプ
piz,エンドウ
put,井戸
rel,レール
riz,[料]米
rok,岩
suk,汁
tem,テーマ
tub,管
tur,塔
vat,綿
vaz,うつわ
zon,帯
arme,軍隊
bank,銀行
bien,地所
bier,ビール
bret,棚
brik,れんが
cikl,周期
ĉap,帽子
drat,針金
epok,時代
fask,束
feri,休日
film,フィルム
flam,炎
flos,いかだ
fojn,干し草
fulm,稲妻
glob,球体
grad,程度
gust,味
kadr,枠
krem,クリーム
kurb,曲線
kurs,講座
larm,涙
leon,[動]ライオン
litr,[単]リットル
luks,ぜいたく
meti,手仕事
metr,[単]メートル
najl,釘
nest,巣
pajl,わら
plac,広場
plad,大さら
plan,計画
poet,詩人
pugn,こぶし
ring,輪
sabl,砂
scen,[劇]場
skal,尺度
soci,社会
spac,空間
stal,馬小屋
task,任務
tomb,墓
verm,虫
vers,[詩]詩句
viol,[植]スミレ
agord,調和
balon,気球
bilet,切符
burĝ,ブルジョワ
centr,中心
etaĝ,階
farun,[料]穀粉
figur,姿
frost,厳寒
gorĝ,[解]のど
grund,地盤
haven,港
hotel,ホテル
humor,気分
karot,[植]ニンジン
katar,[病]カタル
kling,刃身
koton,綿
kvant,量
lepor,[動]野ウサギ
makul,汚れ
manik,[服]そで
membr,会員
mizer,悲惨
nebul,[気]霧
organ,[解]器官
parti,[政]党派
pastr,[宗]聖職者
radik,根
serur,錠
solid,[理]固体
sonor,音響
strek,線
ŝvit,汗
tabak,タバコ
tabel,一覧表
titol,題名
tondr,雷
valiz,旅行かばん
ventr,[解]腹
alumet,マッチ
aparat,装置
brasik,[植]キャベツ
citron,[果]シトロン
ĉifon,ぼろぎれ
dekliv,坂
dezert,砂漠
elektr,電気
energi,エネルギー
fianĉ,婚約者
hirund,[鳥]ツバメ
kelner,給仕
kvalit,品質
majstr,巨匠
mantel,[服]マント
martel,金槌
matrac,マットレス
menton,[解]下あご
oranĝ,[果]オレンジ
origin,起源
potenc,勢力
salajr,給料
sekund,秒
societ,会
stomak,[解]胃
ŝultr,[解]肩
tapiŝ,絨毯
tritik,[植]小麦
aventur,冒険
cigared,巻きタバコ
distanc,距離
embaras,当惑
kamarad,仲間
kaserol,[料]シチュー鍋
komitat,(実行)委員会
kongres,大会
kvadrat,[数]正方形
magazen,倉庫
pasport,旅券
politik,政治
registr,登録簿
ter/pom##,[植]ジャガイモ
akcident,事故
aŭtobus,バス
aŭtomat,自動装置
ĉokolad,チョコレート
direktor,管理者
instinkt,本能
karakter,性格
kaŭĉuk,[化]弾性ゴム
material,材料
standard,その・あの~(個別)
telegraf,電信機
restoraci,レストラン
ark,弓形
baz,基礎
beb,赤ん坊
bub,いたずらっ子
bud,仮小屋
fel,毛皮
hok,鉤
huf,ひづめ
jur,[法]法
kas,金庫
kin,映画
kom,コンマ
kot,泥
lup,[動]狼
mam,[解]乳房
map,地図
min,鉱山
mus,ハツカネズミ
net,清書
nod,結び目
orf,孤児
ort,[数]直角
pat,フライパン
pil,[理]電池
pir,[果]ナシ
pup,人形
rat,ネズミ
rip,ろっ骨
rob,ローブ
tip,典型
ton,[楽]楽音
urs,[動]クマ
var,[商]商品
vel,[海]帆
vit,ブドウの木
abel,[虫]ミツバチ
aŭt,自動車
bluz,[服]ブラウス
boat,ボート
brov,眉
cerb,頭脳
ĉek,小切手
ĉen,鎖
disk,円盤
dram,戯曲
drap,[織]ラシャ
duŝ,シャワー
ezok,カワカマス
farb,絵具
febr,[病]高熱
fend,割れ目
foir,定期市
fost,[建]柱
frag,オランダイチゴ
fulg,煤
funt,[単]ポンド
gant,手袋
geni,天才
glor,栄光
golf,湾
hajl,雹
hero,英雄
kemi,化学
kord,[楽]弦
kork,コルク
krad,[建]格子
kran,[機]コック
kret,白墨
kriz,危機
kron,冠
kugl,弾丸
kupr,[化]銅
lift,エレベータ
list,一覧表
mast,[海]マスト
nadl,[機]針
nerv,[解]神経
oliv,[果]オリーブ
park,公園
pasi,情熱
pask,[宗]復活祭
pelt,[服]毛皮
plet,盆
poem,詩
proz,散文
pulm,[解]肺
pulv,火薬
rang,地位
revu,専門雑誌
ritm,[楽]リズム
seks,性
sens,[生]感覚
silk,絹
simi,[動]サル
sojl,[建]敷居
stil,文体
stri,筋
ŝel,殻
tend,テント
verb,[文]動詞
verg,細枝
vert,[解]頭頂
vidv,男やもめ
virt,徳
vual,[服]ベール
vulp,[動]キツネ
afiŝ,ポスター
album,アルバム
almoz,施し物
arane,[動]クモ
asoci,協会
avenu,並木道
aviad/il##,航空機
barel,たる
bazar,市場
betul,[植]白樺
brems,ブレーキ
butik,店
detal,詳細
diabl,悪魔
emoci,感動
enigm,謎
esenc,本質
faŭk,口
fizik,物理学
framb,[果]エゾイチゴ
grajn,穀粒
ĥemi,化学
ideal,理想
juvel,装身具
katen,(手;足)かせ
kitel,[服]スモック
kruĉ,水差し
krust,(パン菓子の)皮
kubut,[解]ひじ
kukol,[鳥]カッコウ
kverk,[植]カシ
lamen,薄片
marĉ,沼
metod,方法
model,模型
motor,モーター
nivel,水準
palac,宮殿
panj,ママ
penik,絵筆
pioĉ,つるはし
plumb,[鉱]鉛
poezi,詩歌
salon,サロン
saŭc,[料]ソース
sitel,バケツ
sklav,奴隷
sport,スポーツ
stamp,スタンプ
stang,棒
stump,切株
ŝtal,鋼鉄
ŝtof,反物
teatr,劇場
teori,理論
teren,地所
trajn,列車
trajt,目鼻立ち
trunk,[植]幹
venen,毒
veŝt,[服]チョッキ
abomen,嫌悪
anĝel,天使
animal,動物
apetit,食欲
apotek,薬局
benzin,ガソリン
bicikl,自転車
bombon,キャンデー
cement,セメント
ĉeriz,[果]サクランボ
desert,[料]デザート
fabrik,工場
financ,財政
funebr,喪
funkci,機能
garaĝ,ガレージ
imperi,帝国
impost,税
impres,印象
kalkan,[解]踵
kalson,[服]パンツ
kamion,トラック
kandel,ろうそく
kanzon,[楽]カンツォーネ
kastel,城
klient,顧客
kol/um##,[服]カラー
kurten,カーテン
mandat,[商]為替
mister,神秘
moskit,[虫]蚊
muskol,[解]筋肉
ombrel,傘
paĉj,パパ
parfum,芳香
patron,後援者
petrol,石油
posten,部署
pozici,位置
proces,[法]訴訟
profit,利益
proviz,貯蔵
pulvor,粉末
recept,作り方
rekord,[遊]記録
rezerv,保留
signal,信号
sistem,体系
surfac,表面
ŝofor,運転手
tajlor,[服]仕立屋
trezor,財宝
trikot,[織]トリコット
vakcin,[薬]ワクチン
advokat,弁護士
alkohol,アルコール
ampleks,大きさ
broŝur,仮綴本
bulvard,大通り
deficit,[商]赤字
ekonomi,経済
elefant,[動]象
ĵurnal,新聞
kabinet,[政]内閣
kapital,[商]資本
koncert,[楽]コンサート
krepusk,(朝;夕の)薄明り
kvartal,市区
miliard,十億
pejzaĝ,風景
problem,問題
profesi,職業
simpati,共感
student,学生
ŝraŭb,[機]ねじ
tempest,暴風雨
traktor,トラクター
tri/angul##,[数]三角形
trotuar,歩道
adjektiv,[文]形容詞
dekoraci,装飾
ekvilibr,平衡
esperant,エスペラント
hospital,病院
intelekt,知性
kalendar,カレンダー
kilometr,[単]キロメートル
komision,(調査)委員会
meĥanik,力学
milimetr,[単]ミリメートル
original,原作
pretekst,口実
struktur,構造
telegram,電報
tribunal,[法]裁判所
bibliotek,図書館
fundament,基礎
inĝenier,技師
konferenc,会議
konscienc,良心
literatur,文学
meĥanism,メカニズム
rekompenc,報酬
respublik,[政]共和国
sekretari,書記
apartament,アパートメント
aŭtomobil,自動車
aŭtoritat,権威
instrument,器具
medikament,医薬
temperatur,温度
cirkonstanc,周囲の事情
eksperiment,実験
mal/varm/um##,[病]風邪
ajl,ニンニク
akn,吹出物
aks,軸
akt,[劇]幕
ale,並木道
alg,[植]藻類
apr,イノシシ
azi,アジア
bal,舞踏会
bet,ビート
buk,バックル
cep,玉ネギ
cir,靴墨
dot,持参金
eĥ,反響
fab,ソラマメ
fac,[理]面
fag,[植]ブナ
fig,イチジク
gal,[生]胆汁
gru,[鳥]ツル
gum,ゴム
hal,ホール
jug,くびき
kal,[病]たこ
kaz,[文]格
kub,立方体
lad,ブリキ板
lak,ラッカー
lap,ゴボウ
lin,[植]亜麻
lot,くじ
luk,[建]天窓
mas,かたまり
mat,マット
nuk,うなじ
pap,[宗]法王
pav,[鳥]孔雀
pig,カササギ
pus,[病]膿
ran,カエル
ren,[解]腎臓
rib,スグリ
rim,[詩]韻
rol,[劇]役割
ros,露
sag,矢
sin,懐
ski,スキー
sof,ソファー
tig,[植]茎
tuf,束
tun,[単]トン
vip,鞭
akci,[商]株式
atom,原子
aven,カラスムギ
bant,飾り結び
bark,小舟
bask,すそ
bend,ひも
blok,塊
bors,株式取引所
bovl,[料]ボウル
brid,馬ろく
brut,家畜
bukl,巻き毛
bulb,[植]玉ねぎ
bulk,ロールパン
cerv,[動]鹿
cign,[鳥]白鳥
ĉel,細胞
dand,伊達男
diet,[医]規定食
dorn,トゲ
etap,行程
etat,明細書
feĉ,澱(おり)
felt,[織]フェルト
frak,[服]燕尾服
fraz,文
fung,[植]キノコ
garb,束
gent,民族
glav,刀
gobi,[魚]カマツカ
gram,[単]グラム
greg,家畜の群れ
grip,インフルエンザ
grot,洞穴
gudr,[化]タール
ĝib,こぶ
heĝ,生け垣
himn,[宗]賛美歌
ĥor,合唱
kaĉ,[料]かゆ
kaĝ,鳥かご
kaka,ココア
kakt,[植]サボテン
karn,肉体
karp,[魚]鯉
kejl,木釘
kern,核
klub,クラブ
korv,[鳥]カラス
kosm,[天]宇宙
kult,[宗]礼拝
laĉ,ひも
lard,[料]ラード
larv,[虫]幼虫
lice,リセー
likv,[理]液体
lili,[植]ユリ
maiz,トウモロコシ
malv,ゼニアオイ
mens,精神
menu,メニュー
miel,蜂蜜
musk,[植]コケ
muze,博物館
nuks,[果]クルミ
oper,[劇]オペラ
oval,[数]卵形線
palm,[植]ヤシ
palt,[服]オーバー
pane,停止
perl,真珠
pian,[楽]ピアノ
pice,[植]トウヒ
pipr,[料]こしょう
plag,天罰
prun,[果]スモモ
pudr,白粉
punt,[織]レース
raci,理性
rent,賃貸料
ruin,廃墟
rust,さび
situ,(地理的)位置
sled,そり
sorg,[植]モロコシ
spik,[植]穂
spur,足跡
stan,[化]スズ
sulk,[農]うね
takt,[楽]拍子
tali,胴
tigr,[動]トラ
tort,[料]タルト
tram,市街電車
trup,一座
vaks,ワックス
vejn,[解]静脈
vesp,スズメバチ
vind,おむつ
zink,[化]亜鉛
afrik,[地名]アフリカ
agent,代理人
akord,一致
akrid,[虫]イナゴ
aktor,俳優
alarm,警報
ampol,[薬]アンプル
angil,[魚]ウナギ
anser,[鳥]ガチョウ
artik,[解]関節
bacil,[医]バチルス
bambu,[植]竹
banan,バナナ
brand,ブランデー
bronz,[化]青銅
buked,花束
cigar,葉巻
cikad,[虫]セミ
cinam,[料]肉桂
cindr,灰
cirkl,[数]円
civit,自治都市
ĉerk,棺
debet,[商]負債
diant,カーネーション
dogan,関税
efekt,感銘
ekran,スクリーン
emajl,エナメル
event,事件
fabel,童話
fasad,[建]ファサード
fason,[服]仕立て
fluid,流体
fotel,肘掛け椅子
front,正面
funel,じょうご
ĝerm,[生]胚
hepat,[解]肝臓
horde,[植]オオムギ
infer,[宗]地獄
ironi,皮肉
kaban,小屋
kahel,タイル
kajut,船室
kamel,[動]ラクダ
kanal,運河
kankr,[動]ザリガニ
karaf,[料]水差し
kokos,[果]やしの実
krani,頭蓋
krest,[動]とさか
kukum,[植]キュウリ
kupon,クーポン券
kusen,クッション
latun,[化]真ちゅう
laŭb,園亭
lekci,講義
lesiv,灰汁(あく)
limak,[動]ナメクジ
logik,論理
lotus,[植]ハス
melon,[果]メロン
moral,道徳
muzel,(動物の)鼻づら
nilon,[化]ナイロン
ocean,[地]大洋
palat,[解]口蓋
palis,杭
papag,[鳥]オウム
paser,[鳥]スズメ
pensi,年金
peron,階段
pilot,パイロット
pland,足の裏
plast,プラスチック
porci,分け前
princ,王子
pupil,[解]ひとみ
rabat,[商]割引
rafan,[植]大根
raŭp,[虫]幼虫
resum,要約
rimen,皮ひも
roman,長編小説
salat,[料]サラダ
salik,[植]ヤナギ
satir,諷刺(詩;文)
sciur,[動]リス
sekal,[植]ライ麦
sekci,部
senat,[政]参議院
split,薄片
spong,海綿
stadi,段階
statu,立像
sterk,[農]肥料
strig,[鳥]フクロウ
strut,[鳥]ダチョウ
ŝink,[料]ハム
ŝtip,木片
tapet,壁紙
tarif,関税表
tegol,屋根がわら
tekst,本文
teras,[建]テラス
tomat,[植]トマト
tuber,こぶ
tunel,トンネル
velur,[織]ビロード
veruk,いぼ
vezik,[解]嚢胞
volum,(書籍などの)巻
adverb,[文]副詞
akcent,[文]アクセント
alaŭd,[鳥]ヒバリ
amator,アマチュア
amerik,[地名]アメリカ
arteri,[解]動脈
asfalt,アスファルト
aŭtor,作者
barbir,理容師
buĝet,予算
bulten,会報
cikatr,傷跡
cikoni,[鳥]コウノトリ
cirkel,コンパス
daktil,[果]なつめやし
dialog,対話
ego/ist##,エゴイスト
eklezi,[宗]教会
emerit,定年退職者
eŭrop,ヨーロッパ
fajenc,陶土
fazeol,[植]インゲンマメ
fontan,噴水
formik,[虫]蟻
formul,書式
fripon,ペテン師
furaĝ,まぐさ
galoŝ,オーバーシューズ
gvardi,[軍]親衛隊
ĝemel,双子
hangar,[空]格納庫
haring,[魚]ニシン
hazard,偶然
hektar,[単]ヘクタール
herold,[軍]伝令使
higien,衛生
impuls,衝撃
insign,記章
intest,[解]腸
jubile,記念祭
karton,厚紙
kasked,(ひさしつき)帽子
kavern,ほら穴
kirurg,外科医
klimat,気候
klinik,[医]臨床
kolegi,[学]カレッジ
kolomb,[鳥]ハト
kolumn,[印](縦の)欄
komedi,喜劇
konsul,領事
konval,[植]スズラン
kornik,[鳥]コガラス
kostum,服装
kredit,[商]信用
kukurb,[植]カボチャ
kunikl,[動]イエウサギ
kurent,[理]電流
lacert,[動]トカゲ
licenc,[商]認可
maleol,[解]くるぶし
materi,物質
mirtel,[果]ミルツ
monstr,怪物
oficir,[軍]士官
orator,弁士
papili,[虫]チョウ
pendol,振子
period,[理]周期
persik,[果]モモ
pionir,開拓者
planed,[天]惑星
platan,[植]プラタナス
plural,[文]複数
profet,[宗]預言者
prolet,プロレタリア
pronom,[文]代名詞
reakci,反動
reĝim,[政]政体
rivolu,[機]回転
ruband,リボン
skorpi,[動]サソリ
spinac,[植]ホウレンソウ
stamen,[植]おしべ
statur,身長
surtut,外套
ŝakal,[動]ジャッカル
ŝaŭm,泡
teknik,技術
testud,[動]カメ
torent,急流
trafik,交通
tumult,騒動
turism,観光
turist,観光客
vertic,[数]頂点
viktim,[宗]いけにえ
violon,[楽]バイオリン
vulkan,[地]火山
vultur,[鳥]ハゲタカ
abrikot,[果]アンズ
akademi,学士院
alfabet,[文]アルファベット
alumini,[化]アルミニウム
ambasad,大使館
anekdot,逸話
apertur,開口部
apostol,使徒
asemble,総会
bagatel,つまらない事
bakteri,[生]バクテリア
bandaĝ,包帯
bifstek,ビフテキ
budĝet,buĝeto
burĝon,芽
central,中央施設
cirkvit,[電]回路
ĉar/um##,手押車
dimensi,[数]次元
ekvator,赤道
element,要素
epidemi,[病]流行性伝染病
fantazi,幻想
fenomen,現象
gelaten,[化]ゼラチン
general,[軍]将軍
girland,花輪
harmoni,調和
instanc,[法]審級
invalid,廃疾者
kaldron,大釜
kaŝtan,[果]クリ
katalog,カタログ
kirurgi,[医]外科学
kolonel,[軍]陸軍大佐
komisar,[政]委員
kompani,会社
koncept,概念
konkord,和合
konkurs,競技
koridor,廊下
kristal,[鉱]水晶
lantern,ランタン
latitud,[地]緯度
medicin,医学
mineral,鉱物
minimum,最小
ministr,大臣
obstakl,障害物
orkestr,[楽]オーケストラ
pacifik,[地名]太平洋
palpebr,まぶた
pantofl,スリッパ
paradiz,[宗]天国
paralel,[数]平行線
plastik,造形術
portret,肖像画
princip,原則
program,プログラム
projekt,企画
proverb,諺
provinc,州
rendevu,会合の約束
sin/ten##,態度
situaci,事態
stadion,スタジアム
subjekt,主題
teĥnik,技術
tendenc,傾向
tinktur,染料
tradici,伝統
tragedi,悲劇
traktat,[政]条約
trumpet,[楽]トランペット
uniform,制服
vegetal,植物
viadukt,陸橋
volumen,[数]体積
zoologi,動物学
atlantik,[地名]大西洋
avantaĝ,有利な立場
bracelet,腕輪
cirkuler,回覧状
dokument,文書
federaci,連合
generaci,世代
geografi,地理学
gramatik,文法
ĝendarm,[軍]憲兵
horizont,水平線
individu,個人
kandidat,候補者
karnaval,カーニバル
kategori,カテゴリー
komun/um##,自治体
krokodil,[動](アフリカ産の)ワニ
longitud,[地]経度
maksimum,最大
marmelad,[料]ママレード
monument,記念碑
paraŝut,[空]パラシュート
pasaĝer,乗客
pland/um##,靴底
porcelan,磁器
procent,パーセント
profesor,教授(人)
radiator,[機]ラジエータ
regiment,[軍]連隊
rekt/angul##,[数]直角→長方形ミスでは?
sandviĉ,[料]サンドイッチ
sindikat,労働組合
singular,[文]単数
specimen,見本
spektakl,見せ物
substanc,[理]物質
teritori,[政]領土
vertikal,[数]鉛直
ambasador,大使
aŭstrali,[地名]オーストラリア
centimetr,[単]センチメートル
ekspozici,展覧会
inspektor,査察官
kalkan/um##,(靴の)かかと
konfidenc,打ち明け話
lokomotiv,[鉄]機関車
matematik,数学
metalurgi,冶金学
ministeri,(政府の)省
najtingal,[鳥]ナイチンゲール
ortografi,[文]正書法
parlament,国会
proletari,prolet
propozici,[文]文
psikologi,心理学
suplement,補足
termometr,温度計
elektronik,電子工学
helikopter,[空]ヘリコプター
horizontal,水平
komplement,[文]補語
konsekvenc,帰結
konstituci,[法]憲法
laboratori,研究室
leŭtenant,[軍]中尉
mediterane,[地名]地中海
substantiv,[文]名詞
universitat,大学
s-ro##,~さん
s-ino##,~さん
sinjor/in##,淑女
alk,オオシカ
aln,ハンノキ
ann,アンナ
bed,苗床
boa,[動]ボア
buf,ヒキガエル
cim,なんきん虫
col,インチ
dam,貴婦人
dig,堤防
duk,公爵
fav,[病]黄癬
fok,アザラシ
fut,フィート
gad,[魚]タラ
gam,[楽]音階
gri,挽割り麦
guf,ワシミミズク
huz,チョウザメ
kan,[植]アシ
ken,樹脂材
ker,ハート
kil,[海]竜骨
kuf,[服]頭巾
kul,[虫]蚊
kup,吸い玉
laf,[地]溶岩
lir,[楽]リラ
lod,半オンス
lol,ドクムギ
mac,種無しパン
mel,アナグマ
mes,[宗]ミサ
mev,カモメ
muf,[服]マフ
muk,[生]粘液
mul,[動]ラバ
nap,カブラ
peg,キツツキ
pol,ポーランド人
pul,[動]ノミ
rap,カブラ
rif,[海]岩礁
rod,停泊地
rot,[軍]中隊
rub,瓦礫
rum,ラム酒
rus,ロシア人
seb,獣脂
sel,鞍
tez,命題
tul,チュール
ulm,[植]ニレ
uln,[解]尺骨
unc,オンス
urn,壷
vil,絨毛
abat,修道院長
acer,[植]カエデ
akar,[虫]ダニ
alte,タチアオイ
alun,ミョウバン
amel,デンプン糊
anas,[鳥]アヒル
angl,イギリス人
aniz,[果]アニス
ankr,錨
arĉ,[楽]弓
arde,[鳥]アオサギ
aren,闘技場
atut,切り札
avel,[果]ハシバミ
aviz,通知
azot,[化]窒素
bast,[植]じん皮
bert,ベルタ
blat,ゴキブリ
bram,[魚]ブリーム
bran,[農]ふすま
burd,マルハナバチ
cedr,[植]西洋スギ
citr,[楽]チター
ĉam,カモシカ
ĉan,撃鉄
dogm,[宗]教条
drak,竜
drog,生薬
ebon,黒たん(材)
eter,[化]エーテル
fabl,寓話
falk,[鳥]ハヤブサ
fibr,繊維
flan,[菓]フラン
flok,片
flut,[楽]フルート
fraj,[生]卵塊
ftiz,[病]肺結核
gajl,[植]五倍子
gips,石膏
glan,[植]ドングリ
glim,[鉱]雲母
graf,伯爵
gril,[虫]コオロギ
gros,グースベリー
gurd,手回しオルガン
ibis,[鳥]トキ
idol,[宗]偶像
kalk,[化]石灰
kand,氷砂糖
kard,ヒレアザミ
karo,ダイヤ
kask,ヘルメット
kaze,[化]凝乳
kegl,九柱戯の柱
klap,[機]弁
klav,キー
kluz,水門
kojn,くさび
koks,[解]腰
konk,[動]貝殻
kren,セイヨウワサビ
krep,[織]クレープ
krop,[鳥]そ嚢
krup,[病]クループ
lake,従僕
laks,[病]下痢
legi,[史]軍団
lent,レンズマメ
lepr,[病]癩病
lian,[植]つる植物
lien,[解]脾臓
link,オオヤマネコ
liut,[楽]リュート
lojt,カワメンタイ
lorn,望遠鏡
lumb,[解]腰
lutr,[動]カワウソ
magi,魔術
mana,[宗]マナ
mari,マリア
mask,仮面
maŝ,編目
meĉ,灯心
mejl,[単]マイル
ment,[植]ハッカ
merl,クロウタドリ
mesi,[宗]メシア
mili,[植]キビ
mirh,[植]ミルラ
mirt,[植]ミルタ
misi,使命
mops,[動]チン
most,ブドウ液
niĉ,壁がん
omar,ウミザリガニ
opal,[鉱]オパール
ostr,[貝]カキ
paru,シジュウガラ
peĉ,ピッチ
pelv,たらい
perk,[魚]ペルカ
pest,[病]ペスト
petr,ペテロ
pini,マツカサマツ
pips,[鳥]舌病
plik,[病]糾髪病
plot,[魚]ウグイ
popl,ハコヤナギ
pram,渡し船
sakr,[解]仙骨
salm,[魚]サケ
sepi,[動]イカ
sofi,ソフィア
sorp,ナナカマド
spat,[鉱]デイ石
spin,[解]脊柱
stab,[軍]幕僚
step,[地]ステップ
stip,[植]ハネガヤ
stof,[単]シュトフ
stup,麻くず
ŝak,チェス
ŝal,ショール
ŝam,セーム皮
taft,[織]タフタ
talp,[動]モグラ
tetr,クロライチョウ
tibi,[解]頚骨
tili,ボダイジュ
tine,[虫]衣魚
torf,[鉱]泥炭
trab,[建]はり
tref,クラブ
tril,[楽]トリル
trip,はらわた
trog,飼い葉桶
tron,玉座
truf,フランス松露
trul,(左官用)こて
trut,[魚]マス
turd,[鳥]ツグミ
turk,トルコ人
turt,[鳥]キジバト
uter,[解]子宮
ŭat,ワット
vafl,[料]ワッフル
vals,[楽]ワルツ
vekt,天秤棒
zebr,[動]シマウマ
altar,祭壇
ambos,鉄床
anton,アントン
ardez,[鉱]粘板岩
argil,粘土
aspid,エジプトコブラ
balen,クジラ
barĉ,[料]ボルシチ
boben,コイル
brank,鰓
bubal,[動]水牛
bufed,ビュッフェ
cejan,ヤグルマギク
dativ,[文]与格
datur,チョウセンアサガオ
demon,悪霊
denar,デナリウス銀貨
deviz,座右の銘
domen,ドミノ
embri,胎児
emili,エミリア
ermen,[動]エゾイタチ
ermit,隠者
facet,切子面
fazan,[鳥]キジ
femur,[解]大腿
filik,[植]シダ
flegm,冷静
fokus,[理]焦点
franc,フランス人
frank,[貨]フラン
fring,[鳥]アトリ
galon,[服]モール
gazel,[動]ガゼル
genot,[動]ジェネット
georg,ゲオルグ
gitar,[楽]ギター
gland,[解]腺
groŝ,グロシェン
hebre,ヘブライ人
heder,[植]キヅタ
herez,[宗]異端
herni,[病]ヘルニア
hirud,[動]ヒル
hosti,聖餐式のパン
husar,[軍]軽騎兵
ĥaos,混沌
idili,[詩]牧歌
johan,[男子名]ヨハン
jozef,[男子名]ヨセフ
kalik,[宗]聖杯
kambi,[商]為替手形
kamer,カメラ
kanab,[植]麻
kanap,長椅子
kapel,[宗]チャペル
kapon,去勢オンドリ
kapor,フウチョウボク
kapot,頭巾付き外套
karas,[魚]フナ
karob,[果]イナゴマメ
katun,[織]綿布
kerub,[宗]ケルビム
kiras,[軍]装甲
klaft,[単]尋(ひろ)
kloŝ,鐘形ガラス器
koaks,コークス
koleg,同僚
kolon,[建]円柱
komiz,店員
komod,たんす
konus,[数]円錐
kopek,[貨]コペイカ
koran,[宗]コーラン
kramp,かすがい
kring,[料]クリンゲル
krisp,[服]ひだ飾り
krist,[宗]キリスト
kupol,[建]円天井
kvarc,[鉱]石英
kvart,[楽]四度音程
lanug,うぶ毛
laŭr,[植]月桂樹
libel,[虫]トンボ
liken,[植]地衣
livre,制服
loĝi,[劇]桟敷
lupol,[植]ホップ
lustr,シャンデリア
luter,[人名]ルーテル
medal,メダル
meriz,野生のサクランボ
moned,コクマルガラス
morus,[果]桑の実
moŝt,(尊称)閣下
negoc,[商]取引
nobel,貴族
novic,[宗]修練士
nuanc,ニュアンス
oblat,[薬]オブラート
okzal,[植]スイバ
orden,勲章
orgen,パイプオルガン
paĝi,[史]小姓
papav,[植]ケシ
pariz,[地名]パリ
paŭl,パウロ
pavim,[建]舗装材
pedik,[虫]シラミ
perĉ,[魚]アセリナ
piked,[軍]小哨
pilol,[薬]錠剤
pirit,[鉱]黄鉄鉱
pirol,[鳥]ウソ
piroz,[病]胸やけ
piŝt,[機]ピストン
pluŝ,[織]フラシ天
poent,得点
pokal,さかずき
polus,[理]極
potas,[化]灰汁(あく)
prujn,霜
pudel,[動]ムクイヌ
pumik,軽石
punĉ,[料]ポンス
putor,[動]ニオイネコ
raben,[宗]ラビ
rapir,[史]長剣
regol,キクイタダキ
rezin,[化]樹脂
rostr,(象の)鼻
ruben,[鉱]ルビー
safir,[鉱]サファイア
salvi,[植]サルビア
sigel,封印
silab,[文]音節
silik,[鉱]ケイ石
silur,[魚]ナマズ
silvi,[鳥]シルビア
sirop,シロップ
skabi,[病]かいせん
skadr,[軍]騎兵中隊
skarp,[服]スカーフ
skvam,[動]うろこ
sorik,トガリネズミ
spion,スパイ
spron,拍車
stabl,[機]仕事台
sturg,[魚]チョウザメ
sturn,[鳥]ムクドリ
ŝalm,[楽]あし笛
ŝark,[魚]サメ
ŝelk,ズボンつり
ŝild,[軍]盾(たて)
ŝind,[建]こけら板
ŝlim,泥
taban,[虫]アブ
tavol,層
tempi,こめかみ
tetan,[病]破傷風
tetra,エゾライチョウ
timon,かじ棒
topaz,[鉱]トパーズ
torĉ,たいまつ
tromb,[気]たつまき
tulip,チューリップ
ulcer,[病]潰瘍
urtik,[植]イラクサ
vanil,[植]バニラ
vasal,[史]家臣
velen,子牛皮紙
verst,[単]ベルスタ
vezir,[史]大臣
vipur,[動]マムシ
vokal,[文]母音
zenit,[天]天頂
zibel,[動]黒テン
zizel,[動]ジゼル
absces,[病]膿瘍
absint,[植]ニガヨモギ
alcion,[鳥]カワセミ
amfibi,両生動物
ananas,[果]パイナップル
artrit,[病]関節炎
atripl,[植]ハマアカザ
berlin,[地名]ベルリン
bismut,[化]ビスマス
boraks,[化]ほう砂
buljon,[料]ブイヨン
bulonj,[地名]ブーロニュ
buŝel,[単]ブッシェル
centim,[貨]サンチーム
cikori,[植]キクヂシャ
cimbal,[楽]シンバル
cinabr,[鉱]シン砂
cipres,[植]イトスギ
ĉarpi,[医]リント布
damask,[織]ダマスク
delfen,[動]イルカ
didelf,[動]フクロネズミ
embusk,[軍]待ち伏せ
epolet,[軍]肩章
erinac,[動]ハリネズミ
ernest,[男子名]エルネスト
eskadr,[軍]艦隊
faktur,仕切書
falbal,[服]ひだ飾り
fantom,幽霊
faring,[解]咽頭
fenkol,[植]ウイキョウ
ferdek,[海]甲板
fistul,[病]瘻孔
flanel,[織]フランネル
fosfor,[化]リン
franĝ,[服]房飾り
furunk,[病]ねぶと
fusten,[織]ファスチアン
galeri,回廊
gamaŝ,[服]ゲートル
german,ドイツ人
granat,[果]ザクロ
granit,[鉱]花コウ岩
grenad,[軍]リュウ弾
grifel,石筆
ĝiraf,[動]キリン
haladz,悪気
hamstr,[動]ハムスター
hispan,スペイン人
ĥimer,[神]キメラ
ĥoler,[病]コレラ
ingven,[解]鼠径
izrael,[男子名]イスラエル
jasmen,[植]ジャスミン
kaleŝ,四輪馬車
kalvin,[人名]カルビン
kamfor,[化]ショウノウ
kamlot,[織]呉絽(ごろ)
kanajl,ごろつき
kanari,[鳥]カナリヤ
kantor,[宗]聖歌隊員
kanvas,キャンバス
kapsul,カプセル
kapuĉ,[服]ずきん
kardel,[鳥]ゴシキヒワ
karmin,[化]カルミン
karpen,[植]イヌシデ
kastor,[動]ビーバー
kaviar,[料]キャビア
kobalt,[化]コバルト
kobold,(いたずらな)妖精
kolbas,[料]ソーセージ
kolibr,[鳥]ハチスズメ
kolimb,[鳥]アビ
kolubr,[動]コルブラ
komuni,聖餐式
kontor,事務室
kontur,輪郭
kornic,[建]軒蛇腹
korpus,[軍]軍団
koturn,[鳥]ウズラ
kraken,[料]クラッカー
kratag,[植]サンザシ
krater,[地]噴火口
kronik,年代記
kurier,急使
lampir,[虫]ホタル
laring,[解]喉頭
lavang,なだれ
legend,伝説
lekant,[植]マーガレット
lentug,(皮膚の)そばかす
levkoj,[植]アラセイトウ
likvor,リキュール(酒)
litani,[宗]連祷(れんとう)
london,[地名]ロンドン
magnet,[理]磁石
makzel,[解]顎(あご)
mangan,[化]マンガン
markot,[園]取木
marmor,[鉱]大理石
marmot,[動]マーモット
mastik,[建]パテ
migdal,[果]アーモンド
miogal,[動]ジャコウネズミ
miozot,[植]ワスレナグサ
monaĥ,[宗]修道士
morbil,[病]はしか
morter,[建]モルタル
muskat,[植]ニクズク(実)
muslin,[織]モスリン
mustel,[動]イタチ
nanken,[織]ナンキンもめん
narcis,[植]スイセン
nikola,[男子名]ニコラウス
notari,[法]公証人
orakol,[宗]神託
paletr,[美]パレット
panter,[動]ヒョウ
parget,[建]寄木張り
paroĥ,[宗]教区
parter,[劇]平土間
pastel,[菓]ドロップ
patent,特許
patrol,[軍]巡察隊
pfenig,[貨]ペニヒ
pistak,[果]ピスタチオ
pistol,ピストル
plastr,[薬]膏薬
platen,[化]白金
ponard,(両刃の)短剣
porfir,[鉱]斑岩
porter,[料]ポーター
primol,[植]サクラソウ
prunel,[果]リンボクの実
purpur,紫色
rekrut,[軍]新兵
rempar,[軍]城壁
risort,ばね
rosmar,[動]セイウチ
rozari,[宗]数珠
rubrik,[印]見出し
safran,[植]サフラン
sambuk,[植]ニワトコ
sankci,[政]裁可
sardel,[料]塩アンチョービ
sceptr,王杖
selakt,[化]乳精
servic,[料]食器セット
servut,[史]夫役
siring,[植]ライラック
skapol,[解]肩甲骨
skarab,[虫]カブト虫
skolop,[鳥]シギ
skurĝ,むち
sofism,詭弁
sopran,[楽]ソプラノ
spalir,[農]果樹垣根
stefan,[男子名]ステファン
sufiks,[文]接尾辞
sukcen,[鉱]コハク
sulfur,[鉱]硫黄
talent,才能
tambur,[楽]ドラム
tenden,[解]腱(けん)
teodor,[男子名]テオドル
termin,専門用語
testik,[解]睾丸
timian,イブキジャコウソウ
tombak,[化]人造金
traĥe,[解]気管
tremol,[植]ハコヤナギ
tribun,演壇
tropik,[地]回帰線
turban,[服]ターバン
turkis,[鉱]トルコ玉
turnir,[遊]トーナメント
urogal,[鳥]オオライチョウ
variol,[病]天然痘
viburn,[植]ガマズミ
vikari,[宗]助任司祭
vinagr,[料]酢
vizier,(帽子の)ひさし
volupt,官能
ablativ,[文]奪格
antimon,[化]アンチモン
arleken,道化者
arsenik,[化]亜ヒ酸
artifik,術策
asparag,[植]アスパラガス
bajonet,銃剣
bastion,[軍]稜堡
beladon,[植]ベラドンナ
biskvit,ビスケット
ĉampan,シャンペン
ĉarnir,ちょうつがい
diamant,[鉱]ダイアモンド
episkop,[宗]司教
eŝafod,死刑台
fraksen,[植]トネリコ
frangol,[植]クロウメモドキ
fringel,[鳥]マヒワ
genitiv,[文]属格
henriet,[女子名]ヘンリエッタ
hidrarg,[化]水銀
hiskiam,[植]ヒヨス
histrik,[動]ヤマアラシ
jugland,[果]クルミ
juniper,[植]ネズ
kalikot,[織]キャラコ
kamizol,[服]キャミソール
kamomil,[植]カミツレ
kapitan,[海]船長
kapitel,[建]柱頭
kapreol,[動]ノロ
kapucen,[宗]カプチン会修道士
karaben,[軍]カービン銃
kartoĉ,[軍]薬包
karusel,回転木馬
kavalir,[史]騎士
klarnet,[楽]クラリネット
klister,[医]浣腸
kokluŝ,[病]百日咳
kolofon,[化]ロジン
kompres,[医]湿布
kurator,[法]管財人
kvitanc,[商]領収書
leontod,[植]タンポポ
leopard,[動]
limonad,[料]レモネード
lonicer,[植]スイカズラ
ludovik,[男子名]ルドビク
lunatik,精神病者
maroken,モロッコ皮
marŝal,[軍]元帥
meleagr,[鳥]七面鳥
membran,[解]膜
miĥael,[男子名]ミカエル
monarĥ,君主
mustard,[料]マスタード
negliĝ,[服]ネグリジェ
nikodem,[男子名]ニコデモ
novjork,[地名]ニューヨーク
oksigen,[化]酸素
oksikok,[植]ツルコケモモ
parazit,[生]寄生生物
pasteĉ,[料](肉;魚の)パイ
pelikan,[鳥]ペリカン
perdrik,[鳥]シャコ
poligon,[数]多角形
prefiks,[文]接頭辞
redakci,編集部
rinocer,[動]サイ
salpetr,[化]硝石
sentenc,格言
skarlat,緋色
skorbut,[病]壊血病
skrofol,[病]るいれき
smerald,[鉱]エメラルド
sterled,[魚]コチョウザメ
stertor,あえぎ
ŝiller,[人名]シラー
umbilik,[解]ヘそ
univers,宇宙
varsovi,[地名]ワルシャワ
verdigr,[化]緑青
vertebr,[解]脊椎
vespert,[動]コウモリ
vestibl,[建]玄関
vilhelm,[男子名]ウィルヘルム
virtuoz,名人
vitriol,[化]硫酸塩
zingibr,[植]ショウガ
akcipitr,[鳥]タカ
akuzativ,[文]対格
argument,論証
arĥaism,[文]古語
artiŝok,[植]チョウセンアザミ
baldaken,天蓋
briliant,[鉱]ブリリアント
diplomat,外交官
distrikt,[政]地区
elizabet,[女子名]エリザベス
fragment,断片
framason,[宗]フリーメーソン会員
frugileg,[鳥]ミヤマガラス
hidrogen,[化]水素
hortulan,[鳥]アオジ
institut,研究所
kantarid,[虫]ハンミョウ
kariofil,[料]チョウジ
kartilag,[解]軟骨
katarakt,[病]白内障
koĉenil,[化]コチニール
kokcinel,[虫]ナナホシテントウムシ
konvulsi,[病]ひきつけ
leksikon,用語事典
marcipan,[菓]マジパン
medalion,大メダル
monarĥi,君主政治
obstrukc,(通路の)妨害
paradoks,逆説
parentez,[印]かっこ
particip,[文]分詞
pasament,モール
pastinak,[植]アメリカボウフウ
pergamen,羊皮紙
peritone,[解]腹膜
perlamot,[貝]真珠層
petromiz,[魚]ヤツメウナギ
petrosel,[植]パセリ
ranunkol,[植]キンポウゲ
redaktor,編集者
rezultat,結果
rosmaren,[植]マンネンロウ
serĝent,[軍]軍曹
sublimat,[化]昇コウ
taĉment,[軍]分遣隊
terebint,[化]テレビン
tornistr,ランドセル
zamenhof,[人名]ザメンホフ
aleksandr,[男子名]アレキサンダー
anunciaci,[キ]受胎告知
balustrad,手すり
ĉambelan,侍従
ĉarlatan,大道薬売り
deklinaci,[文]格変化
diplomati,外交
ekscelenc,(敬称)閣下
ekzempler,一冊
entuziasm,熱狂
fortepian,[楽]グランドピアノ
galanteri,化粧道具
iĥtiokol,[化]魚膠(にべ)
instituci,施設
instrukci,指令
kancelari,[政]官房
kancelier,大法官
kataplasm,[医]あん法
kondolenc,哀悼
konjugaci,[文]動詞活用
konjunkci,[文]接続詞
konsonant,[文]子音
korporaci,[法]社団法人
kvaranten,[海]検疫停船
nominativ,主格
pentekost,[宗]聖霊降臨祭
piedestal,[建]台座
prepozici,[文]前置詞
privilegi,特権
promontor,[地]みさき
salamandr,[動]サンショウウオ
testament,[法]遺言
vermiĉel,[料]バーミセリ
interjekci,[文]間投詞
superstiĉ,迷信
vaŝington,[人名]ワシントン
violonĉel,[楽]チェロ
arĥitektur,建築術
interpunkci,[文]句読法
jork,[地名]ヨーク
parok,[宗]教区
navig,航行
kaos,混沌
kimer,[神]キメラ
korus,合唱
monak,[宗]修道士
iktiokol,[化]魚膠(にべ)
ald,アルト
alo,アロエ
api,野生セロリ
ari,アリア
bas,[楽]バス
car,ツァーリ
dog,マスチフ
dok,ドック
doz,[薬]一服
ego,自我
elf,小妖精
etn,民族
faz,[理]位相
fon,背景
fuk,ヒバマタ
gaz,ガーゼ
gem,宝石
hum,腐植土
jod,ヨード
jud,ユダヤ人
kep,ケピ帽
lat,木摺り
lob,[解]葉
mim,物まね師
mit,神話
muz,詩神
nas,やな
nav,ネーブ
niz,ハイタカ
oaz,オアシス
opi,アヘン
puf,膨らみ
raj,[魚]エイ
ras,人種
ref,リーフ
rit,[宗]儀式
rut,ヘンルーダ
sod,ソーダ
tif,チフス
tog,トーガ
viz,ビザ
agat,[鉱]メノウ
aĝi,打ち歩
alen,突き針
ambr,[化]竜涎香
amor,アモル
aort,[解]大動脈
arom,芳香
astm,喘息
astr,天体
azil,非難所
bard,吟遊詩人
bomb,爆弾
bosk,植込み
brom,[化]臭素
bust,上半身
cend,[貨]セント
cidr,リンゴ酒
cirk,円形競技場
dali,[植]ダリア
dign,尊厳
duel,決闘
duet,デュエット
ebur,象牙
eden,[神]エデン
egid,アテナの盾
erik,[植]ヒース
etik,倫理学
etim,[文]原義
fars,[劇]笑劇
fili,支部
fisk,国庫
furi,復讐の女神
gnom,[神]地の精
grog,グログ(酒)
gruz,砂利
ĝin,ジン(酒)
hidr,[動]ヒドラ
hien,[動]ハイエナ
irid,[植]アヤメ
iris,[解]虹彩
istm,[地]地峡
jesu,[宗]イエス
junk,[植]イグサ
kabl,ケーブル
kali,[化]カリウム
kame,[美]カメオ
kast,カースト
klor,[化]塩素
kofr,トランク
kolz,[植]アブラナ
kont,[商]勘定口座
krab,[動]カニ
kres,オランダガラシ
kupe,(客車の)車室
laik,[宗]俗人
lama,[宗]ラマ僧
lanc,槍
lens,[理]レンズ
lord,卿
malt,モルト
mani,マニア
medi,環境
milv,[鳥]トビ
mitr,[宗]ミトラ
moru,[魚]タラ
mosk,じゃ香
mumi,ミイラ
naft,[化]ナフサ
negr,黒人
nimb,[宗]後光
norm,基準
obol,[貨]オボロス
ogiv,[建]オジーブ
orgi,バッカス祭
ozon,[化]オゾン
penc,[貨]ペンス
pleb,[史]平民階級
podi,ひな壇
polk,ポルカ(舞踊)
pomp,壮麗
pore,[植]ニラネギ
rabi,[病]狂犬病
rism,[単]連
romb,[数]ひし形
rubl,[貨]ルーブル
sabr,サーベル
sagu,[料]サゴ粉
sald,貸借差引高
salv,[軍]一斉射撃
sekt,[宗]宗派
sfer,[数]球
skem,図表
skol,学派
slip,メモ用紙
sokl,[建]台座
sold,[貨]スー
sole,シタビラメ
spad,剣
ŝah,シャー
talk,[鉱]滑石
teni,サナダムシ
tiar,[史]王冠
tink,[魚]テンチ
tors,[美]トルソ
tost,乾杯
trop,[修]比喩
turb,[遊]こま
ukaz,[史]勅命
ulan,[史]槍騎兵
uzur,[商]高利
verv,情熱
vink,ニチニチソウ
visk,[植]ヤドリギ
vist,[遊]ホイスト
vizi,幻影
zuav,アルジェリア歩兵
abism,深淵
adept,信奉者
afiks,[文]接辞
afust,[軍]砲架
agraf,[服]ホック
akaci,[植]アカシア
akciz,消費税
aksel,わきの下
albin,白子
alibi,アリバイ
aline,[印]改行字下げ
alkov,アルコーブ
amfor,アンフォラ
angin,アンギナ
angor,苦悶
anten,アンテナ
apati,無感動
apoge,[天]遠地点
arkad,[建]アーケード
arkiv,古文書
arnik,[植]アルニカ
atlas,地図帳
atlet,運動選手
aviad,航空
balad,[詩]バラッド
balet,バレー
barak,バラック
baron,男爵
basen,水盤
beril,[鉱]緑柱石
bibli,聖書
bigot,狂信者
biret,角帽
bitum,[化]瀝青
bivak,野営
breĉ,割れ目
broĉ,ブローチ
bronk,[解]気管支
cigan,ジプシー
cikut,[植]毒ゼリ
ĉifr,暗号
debat,討議
dekan,学部長
dilem,ジレンマ
diluv,[神]ノアの洪水
divan,長椅子
dolar,[貨]ドル
drakm,[貨]ドラクマ
dukat,[史]デュカット
edikt,勅令
eklog,[詩]牧歌
ekzem,[病]湿疹
elegi,[詩]哀歌
elips,[文]省略
elizi,[文]母音省略
emfaz,強調
epope,[詩]叙事詩
fagot,[楽]ファゴット
fakir,[宗]行者
fatal,宿命
feŭd,[史]封土
fiakr,辻馬車
fiask,大失敗
final,[劇]フィナーレ
fjord,[地]フィヨルド
forum,フォーラム
fresk,[美]フレスコ画
furor,大流行
galer,[史]ガレー(船)
galop,[馬]駆け足
garol,[鳥]カケス
goril,[動]ゴリラ
hamak,ハンモック
harem,ハーレム
harpi,ハルピュイア
helic,プロペラ
helik,[動]カタツムリ
hisop,[植]ヒソップ
hoboj,[楽]オーボエ
humer,[解]上腕骨
idiom,固有言語
idiot,[医]白痴
ileks,[植]モチノキ
iluzi,幻想
indiga,[化]インジゴ
jalap,[薬]ヤラッパ
jud/ism##,[宗]ユダヤ教
kabal,[宗]カバラ
kadet,[軍]士官候補生
kalif,[宗]カリフ
kanon,[軍]大砲
karat,[単]カラット
kazin,カジノ
kinin,[化]キニーネ
kirŝ,キルシュ(酒)
kloak,下水管
kobaj,[動]モルモット
kokon,[虫]繭(まゆ)
kolik,[病]疝痛
kolos,巨像
komet,[天]彗星
koral,[動]サンゴ
korne,[解]角膜
korol,[植]花冠
kozak,コサック
krabr,[虫]スズメバチ
kreol,クレオール
kript,[宗]地下聖堂
kulis,[劇]舞台裏
kumin,[植]クミン
kvast,ふさ飾り
kvint,[楽]五度音程
lagun,[地]潟(かた)
lapis,[化]硝石
larik,[植]カラマツ
later,[数]辺
lazur,るり色
legat,[宗]教皇特使
lirik,叙情詩
madon,[宗]聖母
major,[軍]陸軍少佐
mamut,[動]マンモス
medol,[解]髄
meduz,[動]クラゲ
melas,糖蜜
melis,[植]メリッサ草
miasm,(沼などの)毒気
mimoz,[植]ミモザ
mitul,[動]イガイ
moske,回教寺院
motiv,動機
natri,[化]ナトリウム
nikel,[化]ニッケル
nimfe,[植]スイレン
noktu,[鳥]コフクロウ
nomad,遊牧民
novel,小説
nunci,教皇特派大使
oksid,[化]酸化物
oktav,[楽]オクターブ
oniks,[鉱]シマメノウ
optik,光学
orbit,[天]軌道
oriol,コウライウグイス
ovaci,大喝采
pagod,[建]仏塔
panel,パネル
panik,恐慌
paraf,書き判
patos,[芸]パトス
pedal,[機]ペダル
pedel,小役人
peoni,[植]シャクヤク
peruk,かつら
pigme,ピグミー
pirat,海賊
pivot,[機]ピボット
polip,[動]ポリプ
polis,[商]保険契約
pomad,ポマード
prior,[宗]小修道院長
prism,[理]プリズム
psalm,[宗]聖歌
raket,ロケット
rebus,判じ絵
retin,[解]網膜
retor,[史]修辞学教師
rezed,モクセイソウ
ricin,[植]ヒマ
rokok,[美]ロココ式
rubus,[植]キイチゴ
rutin,慣例
saliv,唾液
satan,[宗]サタン
saten,[服]サテン
seraf,[宗]セラフィム
sifon,[理]サイフォン
sinap,[植]カラシナ
sinod,[宗]教会会議
siren,[神]セイレーン
skalp,戦利頭皮
skerc,[楽]スケルツォ
skism,(団体の)分裂
sonat,[楽]ソナタ
sonet,[詩]ソネット
spasm,[病]けいれん
sperm,[生]精液
splen,憂鬱(病)
stopl,[農]刈株
strof,[詩]節
sutan,[宗]スータン
ŝose,車道
ŝpat,[農]すき
taler,[貨]ターレル
tanin,[化]タンニン
tarok,[遊]タロ
teism,有神論
teist,有神論者
templ,寺院
tenor,[楽]テノール
teror,[政]テロル
tindr,ほくち
tiran,専制君主
tonel,[海]容量トン
trofe,トロフィー
trust,[商]トラスト
tunik,[服]チュニック
utopi,ユートピア
vanel,[鳥]タゲリ
vinkt,留め金
viper,vipur
viski,ウイスキー
zefir,そよ風
advent,[宗]降臨節
aksiom,[数]公理
akvari,水槽
algebr,代数学
alkemi,錬金術
ambici,野心
amulet,お守り
anagal,[植]ルリハコベ
anarki,無政府状態
anatom,解剖学者
anĉov,アンチョビー
anemon,[植]アネモネ
anilin,[化]アニリン
aplomb,落ち着き
apolog,教訓談
arbust,小低木
arĥiv,古文書
asesor,陪席判事
ateism,無神論
ateist,無神論者
aŭkci,競売
balast,バラスト
balkon,バルコニー
balzam,[化]バルサム
bandit,山賊
barbar,未開人
barier,門柵
bateri,電池
batist,[織]バチスト
bazalt,[鉱]玄武岩
beletr,美文学
bilanc,[商]貸借対照表
bilard,ビリヤード
binokl,双眼鏡
biolog,生物学者
blazon,紋章
blokad,封鎖
bordel,売春宿
braman,[宗]バラモン
brigad,[軍]旅団
buduar,女性の私室
burnus,[服]ブルヌス
celeri,[植]セロリ
cidoni,[果]マルメロ
ciklon,低気圧
ciklop,[神]キュクロプス
dekret,政令
depeŝ,急報
despot,専制君主
diabet,[病]糖尿病
diadem,王冠型髪飾り
diakon,[神]助祭
diplom,免状
divizi,[軍]師団
dragon,[史]竜騎兵
eklips,[天]食
eksces,過多
ekstaz,エクスタシー
ekvaci,[数]方程式
emblem,表徴
emulsi,乳剤
endivi,[植]キクヂシャ
epilog,[劇]エピローグ
epitet,[文]付加形容詞
epizod,エピソード
erupci,噴火
eskort,護送隊
estrad,壇
etiket,礼儀
eŭnuk,[史]宦官
ezofag,[解]食道
faktor,要因
falang,[軍]密集方陣
fanfar,[楽]ファンファーレ
feniks,不死鳥
feston,花綱
fetiĉ,[宗]物神
fleksi,[文]語尾変化
floren,[貨]フロリン
format,[印]判
frakci,[数]分数
fregat,[軍]フリゲート艦
galant,[植]ユキワリソウ
gangli,[解]神経節
genist,ヒトツバエニシダ
geolog,地質学者
gerani,[植]ゼラニウム
gigant,巨人
glazur,(陶器の)うわ薬
glikoz,glukoz
glukoz,[化]ブドウ糖
gondol,ゴンドラ
grafit,[鉱]黒鉛
gulden,[貨]ギルダー
harpun,[海]銛
hetman,[史]アタマン
hipnot,[医]催眠
incens,香(こう)
indeks,索引
inflam,[病]炎症
jaguar,[動]ジャガー
jezuit,[宗]イエズス会士
ĵaket,モーニングコート
kadavr,死体
kadenc,[楽]カデンツァ
kalibr,[機]口径
kameli,[植]ツバキ
kantat,[楽]カンタータ
kanton,(フランスの)郡
karbon,[化]炭素
karcer,監房
karier,職業
kariol,(二輪無蓋)軽馬車
katedr,[宗]法座
kaŭci,[商]保証金
kazern,[軍]兵営
kokard,帽章
kolodi,[化]コロジオン
koloni,植民地
kompas,[海]羅針盤
kondor,[鳥]コンドル
konjak,コニャック酒
korife,合唱隊長
kornet,[楽]コルネット
korsar,[史]私掠船
korset,[服]コルセット
korvet,[軍]コルベット
kotlet,[料]カツレツ
kursiv,[印]イタリック
laktuk,[植]レタス
lavend,[植]ラベンダ
loteri,宝くじ
lucern,つりランプ
maksim,金言
malari,[病]マラリア
marasm,[病]衰弱
markiz,侯爵
martir,[宗]殉教者
masaĝ,マッサージ
mazurk,[楽]マズルカ
medium,霊媒
melodi,[楽]旋律
mentor,(青年の)良き指導者
merkat,[商]市場
mespil,[果]西洋カリン
meteor,大気現象
metrik,韻律学
mikrob,[生]微生物
mirakl,奇跡
miriad,無数
molusk,[動]軟体動物
monark,君主
morfin,[化]モルヒネ
mozaik,モザイク
munici,[軍]弾薬
nektar,[神]ネクタル(酒)
orkide,[植]ラン
paĉul,[植]パチョリ
parodi,パロディ
pavian,[動]ヒヒ
pedant,学者ぶる人
pepsin,[化]ペプシン
petard,爆竹
piastr,[貨]ピアストル
pistil,[植]めしべ
podagr,[病]痛風
ponton,[軍]平底舟
portal,正面玄関
portik,[建]ポーチコ
prelat,[宗]高位聖職者
prelud,[楽]前奏曲
premis,前提
profan,[宗]冒涜者
profil,[美]横顔
prolog,[劇]プロローグ
puding,[料]プディング
pupitr,見台
pustul,[病]膿疱
rabarb,[植]ダイオウ
regent,[政]摂政
rektor,学長
relief,[美]浮彫り
retort,[化]レトルト
romanc,[楽]ロマンス
rotond,[建]ロタンダ
sandal,[服]サンダル
santal,[植]ビャクダン
sarong,[服]サロン(腰布)
satrap,[史]太守
sektor,[数]扇形
septet,[楽]七重奏
serajl,(トルコの)宮殿
sevrug,[魚]チョウザメ
sfinks,スフィンクス
siluet,シルエット
simbol,象徴
sinkop,[医]失神
sintez,[化]合成
skelet,[解]骨格
sofist,[史]ソフィスト
spektr,[理]スペクトル
spiral,螺旋
sponde,[詩]長長格
suflor,[劇]プロンプター
sultan,[史]サルタン
ŝalup,[海]ランチ
ŝankr,[病]下疳
ŝarad,[遊]字謎
taksus,[植]イチイ
taktik,[軍]戦術
talmud,[宗]タルムード
tamtam,[楽]タムタム
tandem,タンデム車
tapiok,[料]タピオカ
teolog,神学者
teorem,[数]定理
terapi,[医]療法
tercet,[詩]三行詩
termit,[虫]シロアリ
tonsur,[宗]剃髪
torped,[軍]魚雷
trapez,[数]台形
tribut,貢ぎ物
triumf,[史]凱旋
turbin,[機]タービン
unison,[楽]ユニゾン
uragan,大暴風
vampir,吸血鬼
verand,[建]ベランダ
vermut,ベルモット(酒)
vinjet,[印]装飾カット
zigzag,ジグザグ
zodiak,[天]黄道帯
admiral,[軍]海軍大将
aerolit,隕石
aforism,警句
agronom,農学者
akrobat,曲芸師
akvarel,水彩画
alegori,たとえ話
alĥemi,錬金術
almanak,暦
ambrozi,アンブロシア
ametist,[鉱]紫水晶
amnesti,大赦
anagram,アナグラム
analogi,類推
anapest,[詩]短短長格
anatomi,解剖学
angelik,[植]アンゼリカ
anomali,変則
antilop,[動]カモシカ
antipod,対蹠地
antitez,アンチテーゼ
apoteoz,神格化
apozici,[文]同格
arabesk,アラベスク
arkaism,[文]古語
asonanc,[詩]母音押韻
atavism,隔世遺伝
atribut,属性
aŭreol,[宗]後光
bankier,銀行家
barikad,バリケード
bariton,[楽]バリトン
bastard,庶子
bazilik,[史]バジリカ
biograf,伝記作家
biologi,生物学
bisturi,[医]柳葉刀
bombast,大言壮語
botanik,植物学
celuloz,[化]セルローズ
ceramik,製陶
cilindr,円筒
cistern,貯水池
citadel,砦
ĉevron,[建]垂木
demagog,煽動政治家
diagnoz,[医]診断
dialekt,方言
diametr,[数]直径
difteri,[病]ジフテリア
diftong,[文]二重母音
dinamik,力学
dinamit,ダイナマイト
dinasti,[史]歴代王朝
doktrin,学説
ekspres,急行列車
eliksir,[薬]エリキシル
eminenc,(カ)台下(称号)
epiderm,[生]表皮
epifani,[宗]主顕節
epigraf,碑銘
epigram,警句
erudici,博学
estetik,美学
etim/olog##,語源学者
etiolog,病原学者
evoluci,進化
farmaci,薬学
filolog,文献学者
filozof,哲学者
fonetik,音声学
fronton,[建]ペディメント
gangren,[病]壊疽
gardeni,[植]クチナシ
gencian,[植]リンドウ
geodezi,測地学
geograf,地理学者
geologi,地質学
geometr,幾何学者
gerundi,[文]動名詞
gilotin,[史]ギロチン
gimnast,体操教師
gimnazi,ギムナジウム
guberni,県
hiacint,[植]ヒアシンス
hipotek,[法]抵当権
hipotez,仮説
histeri,[病]ヒステリー
homonim,[文]同音異義語
ĥirurg,外科医
judaism,ユダヤ教
ĵargon,通語
kalomel,[化]甘汞
kanaben,[鳥]ベニヒワ
kanibal,食人種
kanonik,[宗]教会参事会員
kaporal,[軍]伍長
karamel,[料]カルメラ
karavan,隊商
kartuŝ,[建]カルトゥーシュ
katolik,[宗]カトリック教徒
kazemat,[軍]砲郭
komplot,陰謀
koncesi,[法]払い下げ
kontakt,接触
korsaĵ,(婦人服の)胴部
kreozot,[化]クレオソート
kriteri,規準
kvadril,[楽]カドリール
kvestor,[史]出納官
letargi,[病]昏睡
liturgi,[宗]礼拝式
lozanĝ,[数]ひし形
lumbrik,[動]ミミズ
mahagon,[植]マホガニ
majolik,[陶]マジョリカ焼き
makadam,[建]マカダム
makaron,[菓]マカロン
malakit,[鉱]孔雀石
mansard,[建]屋根裏部屋
marĝen,[印]余白
matador,闘牛士
mekanik,力学
merlang,[魚]メルラン
metafor,隠喩
minaret,[建]ミナレット
mirabel,[果]ミラベル
molekul,[化]分子
monarki,君主政治
monolog,[劇]独白
monopol,[経]独占
nikotin,[化]ニコチン
obelisk,[史]オベリスク
oleandr,セイヨウキョウチクトウ
oligark,[政]少数独裁者
omnibus,乗合馬車
onobrik,[植]イガマメ
optativ,[文]願望法
pacient,[医]患者
palinur,[動]イセエビ
pamflet,[政]パンフレット
panoram,全景
papirus,[植]パピルス
parabol,[数]放物線
parafin,[化]パラフィン
paskvil,風刺文
paŝtel,[美]パステル
patolog,病理学者
patrici,[史]貴族
patriot,愛国者
pedagog,教育者
pelerin,[服]ケープ
pension,下宿屋
percept,[哲]知覚
pilastr,[建]柱形
piramid,ピラミッド
plagiat,盗作
plantag,[植]オオバコ
polemik,(誌上の)論争
prefekt,知事
procesi,[宗]行列
prognoz,予想
prozodi,[詩]作詩法
puritan,[史]清教徒
retorik,修辞学
revizor,[法]検察官
samovar,[料]サモワール
sarkasm,辛辣な皮肉
segment,[数]線分
sekreci,[生]分泌物
semafor,[鉄](腕木式)信号機
serenad,[楽]セレナーデ
sifilis,[病]梅毒
simetri,[数]対称
simfoni,[楽]交響曲
simptom,[医]症状
sinagog,[宗]ユダヤ教会
sinedri,[史]法廷
sinonim,[文]同義語
sintaks,[文]構文論
skandal,スキャンダル
skrupul,細心
stearin,[化]ステアリン
sugesti,暗示
ŝiling,[貨]シリング
taburet,(背のない)腰掛
tangent,[数]正接
teokrat,神権主義者
teologi,神学
trombon,[楽]トロンボーン
ultimat,[法]最後通告
uvertur,[楽]序曲
variant,[芸]異文
vazelin,[化]ワセリン
verdikt,[法]判決
veteran,ベテラン
vokativ,[文]呼格
abnegaci,自己犠牲
adjutant,[軍]副官
aeroplan,飛行機
agronomi,農学
akvafort,銅版
akvilegi,[植]オダマキ
alabastr,[鉱]雪花石膏
aligator,[動](アメリカ産)ワニ
ambulanc,救急車
antipati,反感
antologi,文学選集
apostrof,[文]アポストロフィ
arbalest,大弓
areometr,[理]浮ばかり
arkeolog,考古学者
arkitekt,建築家
artileri,[軍]砲兵隊
astrolog,占星術師
astronom,天文学者
atmosfer,大気
aŭdienc,引見
balistik,弾道学
balzamin,[植]ホウセンカ
banderol,帯封
barelief,[美]浅浮彫り
batalion,[軍]大隊
bazilisk,[神]バジリスク
biografi,伝記
ceremoni,儀式
dekadenc,衰退
delegaci,代表団
demagogi,デマ
demokrat,民主主義者
diafragm,[解]横隔膜
diagonal,[数]対角線
diapazon,[楽]音叉
didaktik,教授法
difterit,difteri
diktator,独裁者
disĉipl,弟子
dispepsi,[病]消化不良
ditiramb,[詩]酒神賛歌
dromedar,[動]ヒトコブラクダ
ekstrakt,抜粋
epilepsi,[病]てんかん
erizipel,[病]丹毒
etimologi##,語源学
etiologi,病原学
etnograf,民族誌学者
evangeli,[宗]福音書
faksimil,ファクシミリ
fakultat,学部
felieton,学芸欄
feminism,フェミニズム
feminist,フェミニスト
filologi,文献学
filozofi,哲学
fiziolog,生理学者
fonograf,[史]ろう管蓄音機
galantin,[料]ガランティン
garnitur,装身具一式
garnizon,[軍]守備隊
genealog,系図学者
geometri,幾何学
glicerin,[化]グリセリン
gliciriz,[植]カンゾウ
grafolog,筆跡学者
gramofon,蓄音機
gutaperk,[化]グタペルカ
halebard,[軍]ほこやり
harmonik,[楽]ハーモニカ
hegemoni,主導権
hekatomb,[史]雄牛百頭のいけにえ
hierarki,階級制度
hipodrom,競馬場
honorari,謝礼金
horoskop,(星占)天宮図
hortensi,[植]アジサイ
ĥirurgi,[医]外科学
idiotism,慣用語法
imperial,屋上席
indiĝen,土着民
inkognit,お忍び
intervju,インタビュー
kalendul,[植]キンセンカ
kardinal,[宗]枢機卿
katafalk,棺台
katakomb,[史]カタコンベ
katedral,[宗]大聖堂
katekist,[宗]伝道師
kavaleri,[軍]騎兵隊
komandit,[商]合資会社
konfekci,[服]既製服
konflikt,葛藤
kontralt,[楽]コントラルト
kontrast,対照
konvenci,(国家間の)協定
kosmetik,化粧法
kreditor,[商]債権者
ksilofon,[楽]シロホン
kvocient,[数]商
labirint,迷路
laŭreat,優勝者
logaritm,[数]対数
logogrif,語字判じ物
makaroni,[料]マカロニ
mandaren,[史](清国の)官吏
mandolin,[楽]マンドリン
manifest,宣言
manometr,[理]圧力計
margarin,[料]マーガリン
marionet,操り人形
maŭzole,霊廟(びょう)
mekanism,メカニズム
melodram,[劇]メロドラマ
meridian,[天]子午線
metronom,[楽]メトロノーム
metropol,中心都市
mikrofon,マイクロフォン
miniatur,細密画
monogram,[印]モノグラム
monomani,[病]偏執狂
naftalin,[化]ナフタリン
narkotik,[医]麻酔薬
navigaci,navig/ad
nekrolog,死亡記事
nepotism,縁者びいき
nihilism,ニヒリズム
nihilist,ニヒリスト
nostalgi,郷愁
numismat,古銭学者
obligaci,[商]債券
oligarĥ,[政]少数独裁者
oligarki,[政]寡頭政治
optimism,楽天主義
optimist,楽天主義者
organism,[生]有機体
orografi,山岳誌
pacifism,平和主義
pacifist,平和主義者
palanken,かご(東洋の乗物)
panteism,汎神論
panteist,汎神論者
pantomim,[劇]パントマイム
paradigm,[文]語形変化表
parafraz,[文]パラフレーズ
paragraf,[文]節
partitur,[楽]総譜
patologi,病理学
pedagogi,教育学
perimetr,[数]周辺
peristil,[建]柱廊
pesimism,悲観論
pesimist,悲観論者
pleonasm,[修]冗言法
poliglot,ポリグロット
preterit,[文]過去
procedur,[法]訴訟手続
projekci,映写
proporci,割合
prospekt,内容説明書
protokol,議事録
prototip,原型
prozelit,[宗]改宗者
psikolog,心理学者
referenc,参照
renesanc,[史]ルネサンス
reputaci,評判
revelaci,[宗]啓示
revolver,リボルバー
rojalist,王党員
sacerdot,[宗]司祭
sakristi,[宗]聖具室
sarkofag,[史]石棺
seminari,ゼミナール
sensaci,センセーション
sfinkter,[解]括約筋
silogism,三段論法
solecism,[文]語法違反
stipendi,奨学金
strategi,[軍]戦略
subvenci,(公の)補助金
talisman,[宗]護符
tamburin,[楽]タンバリン
tarantel,タランテラ(舞踊)
tarantul,[動]タランチュラ
teleskop,望遠鏡
teokrati,神権政治
tipograf,活版印刷技術者
topograf,地誌学者
toreador,闘牛士
transept,[建]トランセプト
tuberkul,[病]結節
amfiteatr,円形競技場
apopleksi,[病]卒中
arbitraci,[法]調停
arĥeolog,考古学者
arĥitekt,建築家
aritmetik,算数
arkeologi,考古学
arkipelag,群島
astrologi,占星術
astronomi,天文学
aŭditori,講堂
aŭtograf,自筆
aŭtokrat,専制君主
deklaraci,宣言
demokrati,民主政治
dialektik,弁証法
disciplin,規律
disenteri,[病]赤痢
entomolog,昆虫学者
etnografi,民族誌学
filantrop,博愛主義者
fiziologi,生理学
fizionomi,人相
fotografi,写真術
genealogi,系図学
gladiator,[史]剣闘士
grafologi,筆跡学
harmonium,[楽]リードオルガン
heksametr,[詩]六歩格
heliotrop,[植]キダチルリソウ
hidrofobi,[病]恐水病
hieroglif,[史]ヒエログリフ
higrometr,[理]湿度計
hipopotam,[動]カバ
homeopati,[医]同種療法
ideografi,表意文字方式
imperativ,[文]命令法
imperfekt,[文]半過去
impresari,[劇]興行主
indikativ,[文]直説法
infanteri,[軍]歩兵隊
infinitiv,[文]不定法
inkvizici,[史]宗教裁判
intendant,執事
kabriolet,カブリオレ(小型二輪馬車)
kandelabr,枝付き燭台
karikatur,諷刺画
kartograf,地図製作者
kastanjet,[楽]カスタネット
katalepsi,[医]強硬症
katastrof,大災害
kateĥist,[宗]伝道師
kompromis,妥協
konduktor,車掌
konkurenc,[商]競争
kontinent,大陸
kontrabas,[楽]コントラバス
konvolvul,[植]ヒルガオ
kosmogoni,宇宙進化論
kosmograf,宇宙形状誌学者
krizantem,[植]キク
kronologi,年代学
kronometr,[理]クロノメータ
krucifiks,[宗]十字架像
kvadratur,[数]求積法
litografi,[印]石版印刷術
lokomobil,[農]移動式蒸気機関
melankoli,憂うつ
metafizik,形而上学
mikrometr,[理]マイクロメータ
mikroskop,[理]顕微鏡
mineralog,鉱物学者
monoteism,[宗]一神論
neologism,[文]新語
oligarĥi,[政]寡頭政治
ornitolog,鳥類学者
ostracism,[史]陶片追放
paleograf,古文書学者
palisandr,[植]シタン
paroksism,[医]激発
pentametr,[詩]五歩格
plutokrat,金権政治家
politeism,[宗]多神教
providenc,[宗]神の摂理
pulĉinel,[劇]プルチネッラ(道化役)
purgatori,[宗]煉獄
recitativ,[楽]叙唱部
reformaci,[史]宗教改革
rekrement,絞りかす
repertuar,[楽]レパートリ
rezignaci,あきらめ
sakrament,[宗]秘跡
sekundant,決闘立会人
skarlatin,[病]しょうこう熱
skolastik,スコラ哲学
somnambul,[病]夢遊病者
sortiment,[商]見本一式
spekulaci,[商]投機
spiritism,交霊術
spiritist,交霊術師
stalagmit,[地]石筍
stalaktit,[鉱]鍾乳石
statistik,統計
ŝovinism,排外的愛国心
ŝovinist,排外的愛国者
tipografi,活版印刷
topografi,地誌学
velociped,(初期の)自転車
veterinar,獣医
vivisekci,[解]生体解剖
abiturient,アビトゥリエント
alternativ,二者択一
anakronism,時代錯誤
antropolog,人類学者
arĥeologi,考古学
arĥipelag,群島
aristokrat,貴族
arkitektur,建築術
aŭtokrati,専制政治
beletristik,美文学研究
bibliograf,書誌学者
civilizaci,文明
dinamometr,[理]動力計
ekskrement,[生]糞便
entomologi,昆虫学
eŭkaristi,[宗]聖餐
filantropi,博愛
hipertrofi,[病]肥大
ingredienc,成分
inkvizitor,[史]宗教裁判官
kartografi,地図製作法
koeficient,[数]係数
kompliment,お世辞
kongregaci,[宗]教団
konsistori,[宗]枢機卿会議
kontraband,密輸入
kontribuci,[軍]賠償金
kosmografi,宇宙形状誌
kosmopolit,コスモポリタン
krestomati,模範詩文集
kvintesenc,[史]第五元素
manufaktur,手工業制工場
manuskript,原稿
metamorfoz,変身
meteorolog,気象学者
mineralogi,鉱物学
naturalism,[芸]自然主義
numismatik,古銭学
ornitologi,鳥類学
paleografi,古文書学
perspektiv,展望
plutokrati,金権政治
pneŭmatik,[機]タイヤ
prerogativ,(元首の)大権
pseŭdonim,pseŭdonomo
stenografi,速記術
subjunktiv,[文]接続法
superlativ,[文]最上級
tuberkuloz,[病]結核症
admiralitat,[軍]海軍本部
antropologi,人類学
aristokrati,貴族政治
bibliografi,書誌学
cirkumfleks,[印]サーカムフレクス
demonstraci,論証
departement,[政]部
enciklopedi,百科事典
hermafrodit,[動]雌雄同体
hidrostatik,流体静力学
hidroterapi,[医]水治療法
imperialism,帝国主義
inaŭguraci,(開会などの)式
kalejdoskop,万華鏡
kondicional,[文]条件法
konfederaci,国家連合
konglomerat,[理]レキ岩
kontrapunkt,[楽]対位法
manifestaci,[政]デモ
metempsikoz,[宗]輪廻
meteorologi,気象学
observatori,観測所
paleontolog,古生物学者
pleŭronekt,[魚]ヒラメ
protagonist,[劇]主役
protektorat,[政]保護国
pseŭd,仮名
racionalism,合理主義
racionalist,合理主義者
reŭmatism,[病]リューマチ
temperament,気質
tragikomedi,悲喜劇
administraci,管理部
demonstrativ,[文]指示詞
konservatori,音楽学校
paleontologi,古生物学
paralelogram,[数]平行四辺形
spiritualism,[哲]唯心論
spiritualist,[哲]唯心論者
trigonometri,[数]三角法
aŭtobiografi,自伝
t.e.,つまり
k.t.p.,kaj tiel plu
kiom,何番目;どれほど
kiom##,~ほど
kiom##,どれほど(数量)
dum,(~する)間
dum##,(~の)間
ĝis,(~)まで
ĝis##,(~)まで
anstataŭ,(~)代わりに
anstataŭ##,(~の)代わりに
kiu##,どの
kiu,だれ;どれ
tiu##,その;あの~
tiu,その;あのひと
ĉiu,各々の;各~
ĉiu##,各々
neniu,どの~も~ない
neniu##,だれ，どれ(個別)
ambaŭ,両方の
ambaŭ##,両方
tiu ĉi##,この
tiu ĉi##,このひと(もの：個別)
fiks,固定した
fiks##,(を)固定する
fals,偽の
fals##,(を)偽造する
ĉu##,~かどうか
ĉu,~か?
kial,なぜ(理由;原因)
kial##,なぜ(理由;原因)
kiel,いかに;のように
kiel##,いかに(方法;状態)
tamen,とはいえ;
tamen##,とはいえ
apenaŭ,するや否や;やっと
apenaŭ##,やっと
kvazaŭ,まるで(~の)ように
kvazaŭ##,まるで(~の)ように
ĉirkaŭ,~まわりに;約
ĉirkaŭ##,約
precip##,特に主要な
precip,特に;主要な
tut,全部の
tut##,まったく
rest##,残る
rest,残り
ĉiel,色々に
ĉiel##,空
interes,(に)興味を持たせる
interes##,興味
lig,結ぶ;連盟
lig##,連盟
rul,転がす;巻物
rul##,巻き物
arm##,(に)武装させる
arm,武器;武装
fos,(を)掘る
fos##,(地面の)穴
plant,(を)植える;植物
plant##,植物
orient##,方位定める;東
orient,方位定める;東
fald,折り畳む
fald##,折り目
kaj,and
kaj##,プラットホーム
amas,集積;大衆
amas##,大衆
kopi,(を)複写する
kopi##,複写
fotograf,(を)撮影する
fotograf##,カメラマン
ĉar,だから;車
ĉar##,荷馬車
fikci##,架空の
fikci,虚構;架空
nul,ゼロ
nul##,ゼロ
klar##,[女子名]クララ
klar,明瞭な
artikol,記事;冠詞
artikol##,[文]冠詞
aŭgust,８月
aŭgust##,[男子名]アウグスト
por,ために
por##,細孔
opozici,[政]反対する
opozici##,[政]反対
fot,写真を撮る
vibr,振動する;揺れる
oscil,振動する
fluktu,変動する;上下する
indigo,[化]インジゴ
ad##,[接尾辞]継続
ad,継続行為
ag,行動する
al,~の方へ
am,愛する
an,会員
ar,集団
as,現在形
at,受動継続
av,祖父
bo,姻戚
ci,おまえ
da,の
de,の;から
di,神
Di##,神(唯一神)
do,そこで
du,二
ec,性質
eg,強大
ej,場所
ek,開始
el,中から
em,傾向
en,中で
er,粒子
et,弱小
fe,妖精
fi##,チェッ!（嫌悪）
fi,下劣な
ge,男女
ha,ああ!
he,おい!
ho,まあ!
ia,ある種の
id,子孫
ie,どこかで
ig,させる
il,道具
in,女性
io,何か
ir,行く
is,過去形
it,受動完了
iu##,ある~
iu,ある人
ja,実に
je,(~)に
ju,すればするほど
ke,ということ
l',the
la,the
li,彼
lu,賃借する
mi,私
ne,ない
ni,私達
nj,女子愛称
nu,さて
od,オード
ok,八
ol,~よりも
on,分数
op,集合数
or,[化]金
os,未来形
ot,受動将然
ov,卵
pi,信心深い
po,~ずつ
re,再び
se,もし~なら
si,自分
te,茶
uj,容器
ul,人
um,不定意味
ur,野牛
us,条件法
uz,使う
ve,ああ!
vi,あなた(達)
### 追加語根(20250103),
homeopat,同毒療法士
zoolog,動物学者
