###❝世界语词根❞,❝(完全相同的)世界语词根❞   这一行表示、虽然它具有与实际存在的对应替换字符串相同的优先级、但实际上并不执行字符串(汉字)替换操作。
世界语单词##,中文注释##
adiaŭ,告别
bis,再来！
hura,欢呼
ŭa,哇
kia,怎样的
tia,那样的
ĉia,所有的
kies,谁的
nenia,没有任何的
ali,别的
alt,高
bel,美丽
bon,好
jun,年轻
nov,新
sam,同样
fort,强壮
grav,重要
kelk,一些
last,最后的
long,长
mult,多量
plen,满
riĉ,富裕
ruĝ,红
facil,容易
grand,大
liber,自由的
rapid,快
feliĉ,幸福
proksim,近
fru,早期
pur,纯净
sol,唯一的
ver,真实
cert,确定的
nigr,黑色
varm,热暖
afabl,和蔼
blank,白色
dolĉ,甜美
neces,必需
propr,特有
simpl,简单
dekstr,右侧
kuraĝ,勇敢
trankvil,安静
blu,蓝
dik,厚
gaj,愉快
hel,亮
kar,亲爱的
lac,疲倦
san,健康
sat,饱满
just,公正
prav,正确
pret,准备好
util,有用
verd,绿
apart,分开的
atent,注意的
fremd,外来的
ĝust,正确
komun,共同的
larĝ,宽广
agrabl,愉快的
divers,多样的
intern,内在的
sufiĉ,足够
kontent,满意
profund,深刻
mol,软
pez,重
sek,干燥
brun,棕色
egal,平等
flav,黄色
griz,灰色
kulp,有罪的
lert,灵巧
rekt,直的
saĝ,聪明
vast,宽广
ceter,余下的
freŝ,新鲜
simil,相似的
kapabl,能干的
serioz,严肃认真
efektiv,实际的
ordinar,普通
akr,锐利
fam,著名
ies,某人的
avar,贪婪
dens,密集
eben,平整
fier,自豪
firm,坚固
nepr,必然的
plat,平坦
plur,多种
surd,聋的
vigl,活跃
fidel,忠实
kviet,宁静
matur,成熟
sankt,神圣
spert,熟练
subit,突然
taŭg,适用
honest,诚实
konven,合适
plur,多种
preciz,精确
strang,奇怪
delikat,精美纤细
ĝentil,有礼
komfort,舒适
pacienc,耐心
special,特别
ĝeneral,普遍的
konstant,恒定的
lam,跛的
mut,哑
nud,裸露
pal,苍白
ruz,狡猾
van,徒劳
acid,酸的
glat,光滑
kler,有教养
krud,生的
mild,温和
abund,丰富
blind,盲
blond,金发
ĉarm,迷人
etern,永恒
favor,有利的
graci,优雅
humil,谦逊
laŭt,响亮
sever,严厉
stult,愚笨
fortik,坚固
frenez,疯狂
kurioz,奇特
privat,私人的
sincer,真诚
evident,显然
oportun,便利
prudent,明智的
sci/vol##,sci/vol##
diligent,勤奋
proksim/um##,proksim/um##
ard,炽热
avid,渴望的
brav,勇敢
ebri,醉
krut,陡峭
naiv,天真
nobl,高贵
sobr,节制的
humid,潮湿的
ident,相同
komik,滑稽
kripl,残疾
kruel,残忍
moder,适度
sagac,机敏
seren,宁静
sprit,机智
akurat,准时
fervor,热情
inklin,倾向
ĵaluz,嫉妒
kapric,任性
modern,现代的
modest,谦虚
nenies,无人的
normal,正常
sovaĝ,野生的
ekstrem,极端
elegant,优雅
eminent,杰出
komplet,完整
oficial,官方
perfekt,完美
probabl,可能的
reciprok,相互的
indiferent,冷漠的
inteligent,聪明
amar,苦涩
imun,免疫的
real,真实的
ties,其人的
unik,独特
vant,无价值的
virg,纯洁的
aktiv,积极的
civil,市民的
ĉies,每个人的
elast,弹性的
human,人道的
intim,亲密
kaduk,衰老破旧
koket,风情
lojal,忠诚
malic,恶意
mir/ind##,mir/ind##
raŭk,嘶哑
rigid,僵硬的
sekur,安全
solen,庄严隆重
tener,温柔
valid,有效
abrupt,突然的
absurd,荒谬
aktual,当前的
arbitr,任意
aŭdac,大胆
ekzakt,精确
furioz,狂怒
graved,怀孕的
klasik,古典的
majest,庄严
nervoz,紧张不安
oblikv,斜
obstin,顽固
plen/aĝ##,plen/aĝ##
social,社会的
subtil,精细
tragik,悲剧性
absolut,绝对
kontant,现金的
popular,流行的
relativ,相对的
sin/don##,sin/don##
solidar,团结的
vegetar,素食的
familiar,亲密
grandioz,宏伟壮观
kolektiv,集体的
sin/gard##,sin/gard##
kompetent,能干的
universal,普遍的
kvit,无债
miop,近视的
punc,罂粟色的
ranc,腐臭
ĉast,贞洁
ekstr,特别的
masiv,厚重
antikv,古老
arogant,傲慢
konform,符合
trivial,琐碎的
elokvent,雄辩的
kriminal,刑事的
predikat,述部
akut,急性的
dual,双重
hirt,竖立的
kalv,秃头
banal,平庸
cinik,愤世嫉俗的
gotik,哥特式
inert,惰性的
obtuz,钝的
okult,神秘的
pasiv,被动
rigor,严格
stoik,斯多葛的
analog,类似
anonim,匿名
arkaik,古老
diafan,半透明
efemer,短暂
erotik,情色的
fiktiv,虚构的
formal,正式的
frivol,轻浮的
intens,强烈
invers,反向
konciz,简洁
konkav,凹的
mistik,神秘的
neŭtr,中性的
vulgar,通俗的
akcesor,附属的
apokrif,伪作的
arĥaik,古老
burlesk,滑稽的
decimal,十进制的
diskret,谨慎
fanatik,狂热的
grotesk,怪诞的
konkret,具体
kontinu,连续的
liberal,自由主义的
monoton,单调
negativ,否定的
nominal,名义上的
pozitiv,积极的
radikal,激进的
skeptik,怀疑的
solvent,有偿付能力的
abstrakt,抽象的
aŭtonom,自治的
eventual,可能的
inkluziv,包含
neŭtral,中立的
objektiv,客观的
ortodoks,正统
primitiv,原始的
provizor,临时的
racional,有理的
romantik,浪漫的
sinoptik,概览的
spontane,自发的
aŭtentik,真实的
definitiv,最终的
ekskluziv,排他
korelativ,相对的
respektiv,各自的
subjektiv,主观的
transitiv,他动的
spekulativ,思辨的
impertinent,无礼
konservativ,保守的
sentimental,多愁善感的
dek,十
mil,千
sep,七
ses,六
tri,三
unu,一
cent,百
kvar,四
kvin,五
naŭ,九
aŭ,或
nek,也不
sed,但
kvankam,虽然
plus,加
minus,减
ĉe,在
kun,与…一起
per,用
pri,关于
pro,因为
sen,无
sub,下方
sur,上面
tra,穿过
apud,近旁
krom,除外
laŭ,依照
post,后
inter,之间
super,上方
trans,对面
antaŭ,前面
ekster,外部
preter,经过
kontraŭ,对抗
malgraŭ,尽管
ĝi,它
ili,他们
kio,什么
oni,人们
ŝi,她
tio,"那,那个"
ĉio,一切
nenio,无物
tio ĉi##,tio ĉi##
dis,分散
mal,反
ĉef,主、首
eks,前任
mis,误
pra,原始
dev,必需
dir,说
don,给
est,是
far,做
fin,完结
hav,有
kon,知晓
leg,读
lev,举起
met,放置
mov,移动
pet,求
pov,能
rid,笑
sci,知晓
sid,坐
ten,持握
ven,来
vid,看
viv,活
vol,愿意
ĝoj,喜悦
help,帮忙
kred,信任
lern,学
loĝ,住
mort,死
okaz,发生
port,携带
pren,取
sekv,跟随
send,发送
star,站立
dezir,愿望
labor,工作
milit,作战
montr,示出
parol,说话
ricev,收取
skrib,写
ŝajn,似乎
vetur,乘坐
demand,问询
komenc,开始
kompren,理解
respond,答复
bat,打，击
fal,落下
kri,喊叫
kur,跑
las,放下
lum,发光
mir,惊讶
pag,付钱
pas,过
reg,统治
son,响
tim,怕
tir,拉
aŭd,听
brul,燃烧
dank,感谢
dorm,睡觉
ferm,关上
flug,飞翔
halt,停
ĵet,扔抛
kant,唱歌
kost,值钱
mank,缺乏
nask,生育
okup,占用
pens,思考
perd,失去
prem,压迫
prov,试
sent,感受
turn,转动
aĉet,购买
atend,等候
bezon,需
kresk,生长
manĝ,吃
memor,记住
serĉ,找
trink,喝
konsil,劝告
permes,准许
postul,要求
rakont,叙述
rigard,看
rimark,察觉
ŝanĝ,变换
vojaĝ,旅行
konstru,建造
prezent,展示
renkont,遇见
bru,噪声
dub,怀疑
lav,洗涤
lud,玩耍
pen,努力
vek,唤醒
vok,呼唤
aper,显现
bril,闪耀
erar,错
fest,庆祝
frap,敲打
gajn,赢得
kapt,抓住
kaŝ,藏匿
kovr,覆盖
kuir,烹煮
kuŝ,躺下
paŝ,步行
plor,哭泣
romp,破坏
salt,跳跃
serv,服务
tuŝ,触碰
vend,卖
zorg,关心
batal,战斗
elekt,选
esper,期望
koler,生气
mezur,测量
opini,认为
ordon,命令
plend,抱怨
ripoz,休息
salut,问候
sufer,痛苦
akcept,接纳
forges,忘记
kalkul,计算
komerc,经商
konduk,引导
pardon,原谅
silent,沉默
tranĉ,切割
konsent,同意
aŭskult,听
ban,洗澡
flu,流动
kre,创作
mok,嘲笑
amuz,逗乐
ĉes,停
efik,生效
gard,守护
juĝ,判决
klin,倾斜
pend,挂
puŝ,推
spir,呼吸
stud,研读
ŝat,重视
tond,剪毛
traf,命中
ating,达成
decid,决定
estim,尊敬
invit,邀请
kurac,治病
marŝ,行进
plaĉ,讨喜
ripet,重复
ŝlos,锁上
ŝtel,偷窃
vizit,访问
aranĝ,安排
ekzist,存在
instru,教导
intenc,意图
kompat,怜悯
prefer,偏爱
prepar,准备
promen,散步
promes,承诺
sukces,成功
konserv,保存
bol,沸腾
kis,吻
obe,服从
paf,射击
pel,驱赶
pik,刺
pun,罚
sav,救助
tus,咳嗽
akir,获取
apog,支撑
atak,攻击
bala,扫除
blov,吹
ĉas,猎
danc,舞蹈
eduk,教育
evit,避开
fleg,护理
glit,滑动
gvid,引导
ĝen,妨碍
hejt,生火
hont,羞愧
imag,想象
imit,仿效
komb,梳理
mend,预订
miks,混合
naĝ,游泳
plug,耕犁
pres,印刷
soif,渴
spez,转账
ŝir,撕裂
trem,颤抖
trov,找
venk,胜利
viŝ,擦拭
volv,缠绕
anonc,公告
aprob,赞同
avert,警告
merit,应得
minac,威胁
pentr,绘画
posed,拥有
preĝ,祈祷
rifuz,拒绝
rilat,关联
ripar,修理
skrap,刮擦
ŝerc,戏弄
tromp,欺骗
defend,防卫
desegn,画图
esting,灭
inform,通知
kompar,对比
kondut,表现
konfes,承认
konsci,意识到
kultur,栽培
mensog,撒谎
rezult,结果
rikolt,收获
streĉ,紧张
ŝovel,铲起
akompan,陪伴
aparten,属于
bedaŭr,惋惜
konsist,组成
organiz,组织
progres,进步
respekt,尊敬
riproĉ,责备
diferenc,不同
rekomend,推荐
korespond,通信
enu,厌倦
fid,信任
ĝu,享受
hak,砍伐
log,吸引
pek,犯罪
pes,称重
raz,剃刮
dron,溺死
fajf,吹哨
fand,熔化
farm,租种
fart,健康状况
frot,摩擦
ĝem,呻吟
krev,裂开
kudr,缝合
mord,咬
muel,磨碾
nutr,养育
odor,散发气味
rajd,骑乘
solv,解决
taks,评估
teks,织
tent,诱惑
urĝ,紧急
babil,闲聊
detru,毁坏
difin,定义
distr,分心
diven,猜测
divid,分割
etend,展开
evolu,进化
forĝ,锻造
frand,品尝
grimp,攀爬
hezit,犹豫
kroĉ,挂住
laŭd,赞扬
mason,砌筑
ofert,供给
ornam,装饰
petol,顽皮
sonĝ,梦
stern,铺开
supoz,假设
ŝirm,保护
ŝpar,节省
ŝtop,堵塞
ŝuld,欠债
ŝvel,膨胀
toler,忍受
verŝ,倒，浇
aspekt,显得
daŭr/ig##,daŭr/ig##
difekt,损坏
diskut,讨论
domaĝ,惜惜
ekscit,激发
ekzerc,训练
esplor,探究
esprim,表达
konsol,安慰
murmur,低语
prezid,主持
signif,意指
skulpt,雕刻
traduk,翻译
ekskurs,远足
ekzamen,考核
komunik,传达
koncern,涉及
konstat,确认
protekt,护
protest,抗议
renvers,颠覆
surpriz,惊讶
konsider,考虑
persekut,迫害
reprezent,代表
bak,烤
ben,祝福
boj,吠叫
bor,钻孔
ced,让步
cit,引用
lek,舔
rab,抢劫
rav,陶醉
rem,划船
rev,梦
seg,锯
sku,摇动
ted,烦扰
teg,覆盖
abon,订阅
dung,雇用
envi,嫉妒
flar,嗅闻
fond,创立
frit,油炸
friz,烫卷
gest,手势
glad,熨烫
glut,吞咽
ĵur,誓言
kned,揉面
maĉ,嚼
melk,挤奶
migr,迁徙
munt,安装
ofer,献祭
pent,悔悟
pruv,证实
pump,泵送
putr,腐烂
ramp,爬行
risk,冒险
ronk,鼾声
rost,烤
sven,昏倒
ŝov,推移
ŝut,撒
tajl,裁剪
tord,扭
tren,拖拉
vari,变化
velk,枯萎
adici,加
admir,赞赏
admon,劝告
adopt,收养
akcel,加速
atest,证明
ĉerp,汲取
degel,融化
deleg,派遣
fleks,弯曲
flirt,飘扬
hered,继承
influ,影响
kares,抚摸
medit,沉思
naŭz,恶心
osced,呵欠
paŝt,牧放
paŭz,暂停
pinĉ,捏夹
plekt,编织
regal,款待
ribel,反叛
sopir,想念
sorĉ,施魔法
strik,罢工
sufok,窒息
sving,挥动
ŝarg,装填
ŝmir,涂抹
trakt,处理
tremp,浸入
afrank,贴邮票
asekur,保险
balanc,摇摆
barakt,挣扎
dediĉ,献身
deklar,宣布
destin,注定
disput,争论
escept,除外
festen,宴会
frakas,粉碎
gratul,祝贺
ilustr,插图
import,进口
insist,坚持
instal,安装
instig,激励
insult,辱骂
komand,指挥
komisi,委托
konfid,信赖
konfit,糖渍
konfuz,混乱
konkur,竞争
kritik,批评
observ,观察
penetr,穿透
perfid,背叛
proced,进行
raport,报告
reklam,广告
rezign,放弃
rezist,抵抗
rifuĝ,避难
brak/um##,brak/um##
civiliz,开化
ĉagren,烦恼
de/pend##,de/pend##
disting,辨别
eksplod,爆炸
garanti,保证
komplez,讨好
kondamn,判罪
konfirm,确认
konjekt,猜测
konklud,结论
kontrol,检验
konvink,说服
operaci,手术
plen/um##,plen/um##
pretend,声称
suspekt,怀疑
turment,折磨
distribu,分配
fanfaron,吹牛
kontrakt,订合同
mastr/um##,mastr/um##
prokrast,延期
administr,管理
el/turn/iĝ##,el/turn/iĝ##
entrepren,从事
dec,适宜
juk,痒
lul,摇晃入睡
vad,涉水
vag,游荡
vet,赌
vom,吐出
zum,嗡嗡叫
ador,崇拜
agit,煽动
akuz,控告
alud,暗指
bapt,洗礼
bind,装订
blek,叫声
bred,饲养
buĉ,屠杀
ĉif,皱折
dikt,口述
dres,驯服
ekip,装备
est/ig##,est/ig##
fast,斋戒
flat,奉承
flik,修补
fuĝ,逃跑
fuŝ,搞砸
garn,装饰
grat,抓挠
hav/ig##,hav/ig##
izol,隔离
jung,套挂
lukt,搏斗
muĝ,吼叫
opon,反对
palp,摸索
pekl,腌制
pere,死去
pli/ig##,pli/ig##
sark,除草
sekc,切断
sorb,吸收
spit,蔑视
suĉ,吸吮
svat,做媒
tajp,打字
tern,喷嚏
tikl,痒痒
tint,叮当响
trik,编织
trud,强加
vart,抚育
adapt,适应
aplik,应用
asert,断言
asist,协助
balot,投票
ĉe/est##,ĉe/est##
delir,谵妄
depon,存放
deput,选派
enket,调查
eskap,逃脱
falĉ,割草
flagr,闪烁
for/est##,for/est##
grinc,刺耳响
ignor,无视
impet,冲刺
incit,激怒
indik,指示
insid,陷害
inund,淹没
kraĉ,吐唾
liver,交付
menci,提及
modif,修正
ofend,冒犯
rezon,推理
rivel,揭示
start,开始
susur,沙沙响
ŝpin,纺织
trejn,训练
venĝ,复仇
abstin,节制
aflikt,苦恼
altern,交替
balbut,结巴
cirkul,循环
deĵor,值勤
denunc,告发
de/ten##,de/ten##
dev/ont/ig##,dev/ont/ig##
digest,消化
dispon,支配
dorlot,宠溺
eksped,寄送
el/don##,el/don##
establ,设立
flustr,低语
grimac,扮鬼脸
grumbl,抱怨
implik,卷入
indign,愤怒
indulg,宽恕
infekt,感染
injekt,注射
inspir,激发
invent,发明
klopod,奔走
kolizi,碰撞
kombin,组合
kompon,构成
konsum,消费
korekt,纠正
lubrik,润滑
manovr,演习
plonĝ,跳水
preleg,演讲
propon,提议
provok,挑衅，引起
recenz,评论
redakt,编辑
redukt,缩小
revizi,校订
ŝpruc,喷洒
aplaŭd,鼓掌
blasfem,亵渎
bon/vol##,bon/vol##
brokant,旧货买卖
eksport,出口
ekzekut,处决
gust/um##,gust/um##
iniciat,发起
kalumni,诽谤
kompens,补偿
komplik,复杂化
kontest,异议
manipul,操控
neglekt,忽视
persist,坚持
prononc,发音
prosper,繁荣
reflekt,反射
re/form##,re/form##
subtrah,减去
ŝancel,摇晃
televid,看电视
determin,确定
ekspluat,剥削
koncentr,集中
mistifik,愚弄
preskrib,指示
revoluci,革命
riverenc,鞠躬
interpret,口译
kompromit,连累
multiplik,乘
propagand,宣传
konversaci,交谈
interpelaci,质询
erp,耕地
kov,孵卵
lut,焊接
pep,啾啾叫
tan,鞣革
agac,惹恼
brod,刺绣
brog,烫
ĉiz,雕刻
edif,教化
fajl,磨光
krak,噼啪响
kroz,巡航
pist,捣碎
rasp,刮擦
rast,耙
rigl,闩上
rukt,嗳气
sibl,嘶嘶作响
skiz,素描
sput,吐痰
steb,缝合
stuk,抹灰
ŝim,发霉
torn,旋转
trot,小跑
urin,排尿
varb,招募
adult,偷情
afekt,装作
akuŝ,分娩
arest,逮捕
asign,分配
atenc,危害
draŝ,打谷
drink,喝
ekzil,放逐
filtr,过滤
infuz,浸泡
kribr,筛选
parad,列队行进
rabot,刨削
rafin,精炼
satur,饱和
sieĝ,围攻
skerm,击剑
strab,斜视
ŝmac,啧嘴
uzurp,篡夺
veget,生长
border,镶边
ĉikan,刁难
degrad,降级
diboĉ,纵情声色
distil,蒸馏
drapir,覆布
gargar,漱口
gravur,雕刻
guvern,养育
ilumin,照亮
inokul,接种
intrig,策划阴谋
ĵongl,杂耍
kartav,咽音发r
kontuz,打伤
likvid,清算
makler,中介
plaŭd,拍水声
predik,说教
rembur,填充
ventol,通风
deĉifr,解码
degener,退化
diskont,贴现
ferment,发酵
kalfatr,填缝
kolport,兜售
kompost,排版
konspir,密谋
konvert,改宗
paraliz,麻痹
proklam,宣布
singult,打嗝
ĉarpent,木工
hipokrit,伪善
intermit,间歇
konstern,惊愕
marĉand,砍价
kapitulac,投降
kaŭteriz,腐蚀
komentari,评论
koment,注释
poz,摆姿势
vak,空着
boks,拳击
ĝir,转账
kirl,搅拌
klak,咔嗒响
kluk,咯咯叫
knar,吱嘎作响
murd,杀害
pled,辩护
sond,探测
tatu,纹身
abdik,退位
abort,流产
agoni,垂死挣扎
aklam,欢呼
amput,截肢
aneks,合并
aspir,渴望
deriv,派生
feder,联合
impon,震慑
invad,入侵
kaŭr,蹲下
klaĉ,闲聊
kliŝ,刻板印象
kotiz,缴费
marin,腌制
miaŭ,猫叫
modul,转调
refut,反驳
rikan,嘲笑
streb,努力
svarm,群集
ŝveb,漂浮
absorb,吸引
akapar,囤积购买
analiz,分析
asimil,同化
asperg,洒水
atribu,分配
aŭgur,占卜
bojkot,抵制
cenzur,审查
dedukt,推理
deklam,朗诵
dekolt,露肩
indukt,归纳
kompil,编译
konced,承认
konker,征服
korupt,贿赂
kverel,争吵
lament,悲叹
narkot,麻醉
stimul,激励
strigl,梳理
ŝrump,枯萎
amortiz,摊销
anticip,预期
apelaci,上诉
bankrot,破产
bombard,轰炸
emancip,解放
inspekt,检查
katekiz,教理问答
koincid,符合
konfisk,没收
konsekr,奉献
konsult,咨询
legitim,证明
mobiliz,动员
pilgrim,朝圣
improviz,即兴创作
inaŭgur,揭幕式
karambol,撞球
kateĥiz,教理问答
klasifik,分类
kontribu,贡献
litograf,石版印刷
prostitu,卖淫
centraliz,集中
stenograf,速记
ekskomunik,破门
karakteriz,特征化
aĵ,物品
ant,现分词
ebl,可…的
iĝ,变成
ind,值得
int,已完成
ism,主义
ist,者
obl,倍数的
ont,将来分词
estr,长
aĉ,劣质
ĉj##,ĉj##
end,应被
ing,套件
ajn,无论
ĉi##,ĉi##
eĉ##,eĉ##
for,远离
iam,某时
iom,一些
jam,已
jen,看，这里
jes,是
kie,哪里
mem,自身
nun,现在
nur,仅仅
pli,更
plu,继续
tie,那里
tre,非常
tro,过于
tuj,立刻
ĉie,到处
ĵus,刚刚
kiam,何时
plej,最
tial,因此
tiam,那时
tiel,如此
tiom,那么多
ĉiam,总是
nenie,无处
ankaŭ,也
neniam,从不
baldaŭ,很快
hieraŭ,昨天
hodiaŭ,今天
morgaŭ,明天
tie ĉi##,tie ĉi##
almenaŭ,至少
ankoraŭ,仍然
preskaŭ,几乎
tiel ĉi##,tiel ĉi##
oft,经常
ial,某种原因
iel,某种方法
volont,自愿
des,更
neniom,毫无
ĉial,各种理由
ĉiom,全量
ia/foj##,ia/foj##
nenial,无缘无故
neniel,绝不
parker,记住
foj,次回
hom,人
jar,年
kap,头部
kor,心脏
lok,地点
man,手
nom,名字
tag,日
ter,地
vir,男士
voj,路
afer,事物
amik,友人
form,形状
kamp,田地
land,国土
mond,世界
naci,民族
patr,父亲
temp,时间
vort,词语
flank,侧面
infan,儿童
patr/in##,patr/in##
ĉambr,房间
sinjor,先生
akv,水
arb,树木
art,艺术
dom,房屋
edz,丈夫
fil,儿子
har,毛发
hor,时刻
lit,床铺
mar,海
mon,钱
mur,墙壁
pac,和平
pec,片块
sun,太阳
urb,市镇
bild,图像
bird,鸟
buŝ,口
frat,兄弟
hejm,家
knab,男孩
kort,庭院
libr,书本
mont,山
okul,眼睛
part,部分
pied,脚
pord,门口
rajt,权利
tabl,桌台
vent,风
vest,衣服
fingr,指头
frukt,果实
kolor,色彩
leter,信件
lingv,语言
maten,早晨
popol,人民
punkt,点
rimed,方法
valor,价值
ĉeval,马
famili,家庭
fraŭl,未婚男士
person,人
semajn,周
vesper,傍晚
vizaĝ,面部
fenestr,窗
aer,空气
aĝ,年龄
cel,目标
fer,铁
ide,观念
kat,猫
kol,颈部
mez,中间
naz,鼻
nub,云
ord,顺序
pan,面包
roz,玫瑰
best,动物
bord,岸边
brak,手臂
dent,牙齿
fajr,火
fiŝ,鱼
flor,花
glas,杯
hund,狗
korp,体
lakt,奶
lign,木材
lini,线条
mark,标记
neĝ,雪
nokt,夜间
onkl,叔伯舅姨父
orel,耳朵
plum,笔尖
pluv,雨
rond,圆形
sang,血
seĝ,椅子
spec,种类
stat,状态
supr,顶上
ŝip,船
vitr,玻璃
angul,角落
daŭr,持续时间
dolor,痛苦
gazet,刊物
kaŭz,原因
kutim,习惯
minut,分
monat,月份
natur,自然
nombr,数目
paper,纸
plank,地板
river,河流
somer,夏天
staci,站台
strat,街道
suker,糖
ŝton,石头
vagon,车厢
veter,天气
vintr,冬天
aŭtun,秋
ĉapel,帽子
direkt,方向
kolekt,收集品
moment,瞬间
plezur,愉快
vilaĝ,村庄
ekzempl,例子
ĝarden,园
histori,历史
printemp,春天
bov,牛
ink,墨水
kaf,咖啡
kok,公鸡
kuk,蛋糕
kuz,堂兄弟
lag,湖泊
lim,界限
lun,月亮
maj,五月
pak,包裹
sak,袋
sum,总和
tru,洞孔
vin,酒
anim,灵魂
azen,驴
benk,长椅
dors,背部
foli,叶片
font,泉源
fund,底部
genu,膝盖
gren,谷物
grup,群体
herb,草
juli,七月
juni,六月
kart,卡片
klas,班级
korb,篮筐
kruc,十字架
krur,腿部
lang,舌头
leĝ,法
lund,周一
mard,周二
mart,三月
ofic,职务
ombr,影
paĝ,页
pork,猪
poŝ,袋
radi,光线
reĝ,国王
senc,意义
stel,星星
ŝaf,绵羊
verk,著作
voĉ,声音
adres,地址
april,四月
brust,胸部
buter,奶油
donac,礼物
glaci,冰
kuler,匙
mastr,主人
muzik,音乐
numer,号
poŝt,邮政
prunt,借贷
sabat,周六
ŝtat,国家
ŝtup,台阶
teler,盘
terur,恐怖
vapor,气体
insekt,昆虫
januar,一月
ĵaŭd,周四
kovert,信封
krajon,铅笔
manier,方式
objekt,物体
oktobr,十月
plafon,天花板
region,区域
religi,宗教
spirit,灵魂
arĝent,银
danĝer,危险
decembr,十二月
dimanĉ,周日
februar,二月
horloĝ,钟表
merkred,周三
novembr,十一月
produkt,产品
vendred,星期五
septembr,九月
bar,障碍
bek,鸟喙
fak,专业
fum,烟
gas,气体
gut,滴
jak,夹克
kel,地窖
kuv,桶
lip,唇
nep,孙
nev,侄甥
not,笔记
ole,油
ond,波浪
ost,骨头
par,一对
pom,苹果
pot,壶罐
rad,轮子
ret,网
sal,盐
sap,肥皂
sem,种子
sud,南方
sup,汤
ŝu,鞋子
tas,杯子
tol,布料
tuk,布巾
ung,爪
val,谷地
vic,列
barb,胡须
bros,刷子
fakt,事实
flag,旗帜
fork,叉子
forn,炉
gast,客人
gras,脂肪
kapr,山羊
karb,煤炭
kest,箱
korn,角
krim,犯罪
lamp,灯
mebl,家具
mien,神情
muŝ,苍蝇
nord,北方
past,糊状物
pilk,球体
pint,尖端
polv,尘埃
pont,桥
prez,价
rand,边缘
regn,国家
seri,系列
sign,符号
sort,命运
spic,香料
vang,面颊
vost,尾巴
vund,伤
botel,瓶子
buton,扣子
cifer,数字
faden,线
frunt,额头
haŭt,皮肤
honor,荣誉
insul,岛屿
kajer,本子
kamen,炉灶
legom,蔬菜
liter,字母
metal,金属
pingl,针
polic,警察
polur,光泽
premi,奖品
regul,规则
sezon,季节
ŝanc,机会
ŝnur,绳子
tabul,板
viand,肉类
baston,杖
branĉ,枝
ĉemiz,衬衫
doktor,博士
kravat,领带
lecion,课程
maŝin,机器
milion,百万
najbar,邻人
parenc,亲属
publik,公众
scienc,科学
sekret,秘密
skatol,盒子
soldat,士兵
spegul,镜
ŝarĝ,货物
ŝrank,橱柜
tualet,服饰
ĉapitr,章，篇
fromaĝ,奶酪
kondiĉ,条件
praktik,实践
serpent,蛇
ŝtrump,袜子
tegment,顶棚
telefon,电话
industri,产业
kilogram,千克
okcident,西方
pantalon,裤子
abi,冷杉
agl,雕类鸟
ber,浆果
bot,靴
bul,球块
dat,日期
glu,胶
jup,裙子
kav,洞穴
lan,毛织物
led,皮革
mod,时尚
mor,习俗
pin,松树
pip,烟斗
piz,豌豆
put,井
rel,轨道
riz,米
rok,岩石
suk,汁液
tem,主题
tub,管
tur,塔楼
vat,棉絮
vaz,器皿
zon,带
arme,军队
bank,银行
bien,庄园
bier,啤酒
bret,架子
brik,砖块
cikl,周期
ĉap,帽子
drat,线材
epok,时代
fask,捆束
feri,假期
film,影片
flam,火焰
flos,筏子
fojn,干草
fulm,闪电
glob,球体
grad,程度
gust,味觉
kadr,框架
krem,奶油
kurb,曲线
kurs,课程
larm,泪
leon,狮子
litr,升
luks,奢华
meti,手艺
metr,米
najl,钉
nest,巢穴
pajl,稻草
plac,广场
plad,菜盘
plan,计划
poet,诗人
pugn,拳头
ring,环圈
sabl,沙
scen,舞台
skal,刻度
soci,社会
spac,空间
stal,马厩
task,任务
tomb,墓地
verm,虫类
vers,诗句
viol,紫罗兰
agord,和音
balon,气球
bilet,票券
burĝ,中产者
centr,中心
etaĝ,楼层
farun,粉末
figur,形状
frost,严寒
gorĝ,喉部
grund,土壤
haven,港口
hotel,旅馆
humor,情绪
karot,胡萝卜
katar,炎症
kling,刀刃
koton,棉
kvant,量
lepor,野兔
makul,污点
manik,袖口
membr,成员
mizer,贫困
nebul,雾气
organ,器官
parti,党派
pastr,神职者
radik,根
serur,锁
solid,固体
sonor,响声
strek,线条
ŝvit,汗水
tabak,烟草
tabel,表格
titol,标题
tondr,雷声
valiz,旅行箱
ventr,腹部
alumet,火柴
aparat,装置
brasik,甘蓝
citron,香橼
ĉifon,破布
dekliv,坡面
dezert,沙漠
elektr,电
energi,能量
fianĉ,未婚配偶
hirund,燕子
kelner,侍者
kvalit,质量
majstr,大师
mantel,披风
martel,锤子
matrac,床垫
menton,下巴
oranĝ,橙
origin,起源
potenc,权力
salajr,薪水
sekund,秒钟
societ,社团
stomak,胃部
ŝultr,肩膀
tapiŝ,地毯
tritik,小麦
aventur,冒险
cigared,香烟
distanc,距离
embaras,尴尬
kamarad,伙伴
kaserol,炖锅
komitat,委员会
kongres,大会
kvadrat,正方形
magazen,仓库
pasport,护照
politik,政治
registr,登记簿
ter/pom##,ter/pom##
akcident,事故
aŭtobus,公交车
aŭtomat,自动机
ĉokolad,巧克力
direktor,主管
instinkt,本能
karakter,特征
kaŭĉuk,橡胶
material,材料
standard,旗帜
telegraf,电报机
restoraci,餐馆
ark,弧形
baz,基础
beb,婴儿
bub,顽童
bud,小屋
fel,毛皮
hok,钩
huf,蹄
jur,法律
kas,金库
kin,电影
kom,逗号
kot,泥垢
lup,狼
mam,乳房
map,地图
min,矿山
mus,鼠
net,清稿
nod,结点
orf,孤儿
ort,直角
pat,煎锅
pil,电池
pir,梨
pup,娃娃
rat,鼠
rip,肋骨
rob,长袍
tip,典型
ton,音调
urs,熊
var,货物
vel,帆
vit,葡萄树
abel,蜜蜂
aŭt,汽车
bluz,罩衫
boat,小船
brov,眉毛
cerb,脑
ĉek,支票
ĉen,链条
disk,圆盘
dram,剧本
drap,呢绒
duŝ,淋浴
ezok,狗鱼
farb,颜料
febr,发热
fend,裂缝
foir,集市
fost,柱子
frag,草莓
fulg,烟
funt,磅
gant,手套
geni,天才
glor,荣誉
golf,海湾
hajl,冰雹
hero,英雄
kemi,化学
kord,弦
kork,软木塞
krad,栅格
kran,阀门
kret,白垩
kriz,危机
kron,冠冕
kugl,弹丸
kupr,铜
lift,电梯
list,清单
mast,桅杆
nadl,针头
nerv,神经
oliv,橄榄
park,公园
pasi,热情
pask,复活节
pelt,皮毛
plet,盘子
poem,诗歌
proz,散文
pulm,肺
pulv,火药
rang,级别
revu,杂志
ritm,节奏
seks,性
sens,感觉
silk,丝绸
simi,猴子
sojl,门槛
stil,风格
stri,纹
ŝel,壳
tend,帐篷
verb,动词
verg,枝条
vert,顶
vidv,鳏夫
virt,德性
vual,面纱
vulp,狐
afiŝ,海报
album,影集
almoz,施舍
arane,蜘蛛
asoci,协会
avenu,林荫大道
aviad/il##,aviad/il##
barel,桶
bazar,市场
betul,桦树
brems,刹车
butik,店铺
detal,细节
diabl,恶魔
emoci,情感
enigm,谜
esenc,本质
faŭk,兽口
fizik,物理
framb,覆盆子
grajn,谷粒
ĥemi,化学
ideal,理想
juvel,珠宝
katen,镣铐
kitel,罩衫
kruĉ,壶
krust,壳皮
kubut,肘部
kukol,杜鹃鸟
kverk,栎树
lamen,薄片
marĉ,沼泽
metod,方法
model,模型
motor,引擎
nivel,水平
palac,宫殿
panj,妈妈
penik,画笔
pioĉ,镐头
plumb,铅
poezi,诗歌
salon,沙龙
saŭc,酱汁
sitel,桶
sklav,奴隶
sport,运动
stamp,印记
stang,杆
stump,残株
ŝtal,钢
ŝtof,织物
teatr,剧院
teori,理论
teren,场地
trajn,列车
trajt,特征
trunk,树干
venen,毒物
veŝt,背心
abomen,厌恶
anĝel,天使
animal,动物
apetit,食欲
apotek,药房
benzin,汽油
bicikl,单车
bombon,糖果
cement,水泥
ĉeriz,樱桃
desert,甜点
fabrik,工厂
financ,财政
funebr,哀悼
funkci,功能
garaĝ,车库
imperi,帝国
impost,税
impres,印象
kalkan,脚后跟
kalson,裤子
kamion,卡车
kandel,蜡烛
kanzon,歌曲
kastel,城堡
klient,顾客
kol/um##,kol/um##
kurten,帘幕
mandat,委托权
mister,奥秘
moskit,蚊虫
muskol,肌肉
ombrel,伞
paĉj,爸爸
parfum,香气
patron,监护人
petrol,石油
posten,岗位
pozici,位置
proces,诉讼
profit,利润
proviz,储备品
pulvor,粉末
recept,配方
rekord,记录
rezerv,保留
signal,信号
sistem,系统
surfac,表面
ŝofor,司机
tajlor,裁缝师
trezor,财宝
trikot,针织物
vakcin,疫苗
advokat,律师
alkohol,酒精
ampleks,范围
broŝur,小册子
bulvard,林荫道
deficit,赤字
ekonomi,经济
elefant,象
ĵurnal,报纸
kabinet,内阁
kapital,资本
koncert,音乐会
krepusk,薄明
kvartal,区块
miliard,十亿
pejzaĝ,风景
problem,问题
profesi,职业
simpati,共鸣
student,学生
ŝraŭb,螺丝
tempest,暴风雨
traktor,拖拉机
tri/angul##,tri/angul##
trotuar,人行道
adjektiv,形容词
dekoraci,装饰品
ekvilibr,平衡
esperant,世语
hospital,医院
intelekt,智力
kalendar,日历
kilometr,千米
komision,委员会
meĥanik,力学
milimetr,毫米
original,原作
pretekst,借口
struktur,结构
telegram,电报
tribunal,法庭
bibliotek,图书馆
fundament,基础
inĝenier,技师
konferenc,会议
konscienc,良心
literatur,文学
meĥanism,机制
rekompenc,奖赏
respublik,共和国
sekretari,秘书
apartament,套房
aŭtomobil,汽车
aŭtoritat,权威
instrument,器具
medikament,药物
temperatur,温度
cirkonstanc,情况环境
eksperiment,实验
mal/varm/um##,mal/varm/um##
ajl,蒜头
akn,痤疮
aks,轴心
akt,幕
ale,小径
alg,藻类
apr,野猪
azi,亚洲
bal,舞会
bet,甜菜
buk,扣件
cep,洋葱
cir,鞋油
dot,嫁妆
eĥ,回声
fab,蚕豆
fac,面
fag,山毛榉
fig,无花果
gal,胆汁
gru,鹤
gum,树胶
hal,大厅
jug,轭形门
kal,茧子
kaz,格，案件
kub,立方体
lad,金属板
lak,漆
lap,牛蒡
lin,亚麻
lot,签
luk,天窗
mas,团块
mat,垫子
nuk,颈项
pap,教皇
pav,孔雀
pig,喜鹊
pus,脓
ran,蛙类
ren,肾脏
rib,茶藨子
rim,韵脚
rol,角色
ros,露水
sag,箭头
sin,怀抱
ski,滑雪
sof,长沙发
tig,茎，柄
tuf,束
tun,吨
vip,鞭子
akci,股票
atom,原子
aven,燕麦
bant,花结
bark,小船
bask,下摆
bend,带，波段
blok,块
bors,交易所
bovl,碗
brid,马勒
brut,牲畜
bukl,卷发
bulb,球茎
bulk,小圆面包
cerv,鹿
cign,天鹅
ĉel,细胞
dand,花花公子
diet,食谱
dorn,刺
etap,阶段
etat,明细表
feĉ,渣滓
felt,毡布
frak,燕尾服
fraz,句子
fung,真菌
garb,束状物
gent,族群
glav,刀剑
gobi,鮈鱼
gram,克
greg,畜群
grip,流感
grot,洞穴
gudr,焦油
ĝib,驼峰
heĝ,树篱
himn,赞美歌
ĥor,合唱团
kaĉ,粥
kaĝ,笼子
kaka,可可
kakt,仙人掌
karn,肉体
karp,鲤鱼
kejl,楔钉
kern,核
klub,俱乐部
korv,乌鸦
kosm,宇宙
kult,祭礼
laĉ,带子
lard,猪油
larv,幼虫
lice,中学
likv,液体
lili,百合
maiz,玉米
malv,锦葵
mens,心灵
menu,菜单
miel,蜂蜜
musk,苔藓
muze,博物馆
nuks,坚果
oper,歌剧
oval,卵形
palm,棕榈
palt,外套
pane,故障停驶
perl,珍珠
pian,钢琴
pice,云杉
pipr,胡椒
plag,灾祸
prun,李子
pudr,粉末
punt,花边装饰
raci,理性
rent,租金
ruin,废墟
rust,锈
situ,位置
sled,雪橇
sorg,高粱
spik,穗状花序
spur,痕迹
stan,锡
sulk,沟垄
takt,节拍
tali,腰部
tigr,虎
tort,塔尔特
tram,电车
trup,团体
vaks,蜡质物质
vejn,静脉
vesp,胡蜂
vind,带子
zink,锌
afrik,非洲
agent,代理人
akord,和谐
akrid,蚱蜢
aktor,演员
alarm,警报
ampol,安瓿
angil,鳗鱼
anser,雁，鹅
artik,关节
bacil,杆菌
bambu,竹子
banan,香蕉
brand,白兰地
bronz,青铜
buked,花束
cigar,雪茄
cikad,蝉
cinam,桂皮
cindr,灰烬
cirkl,圆形
civit,市民
ĉerk,棺材
debet,负债
diant,石竹植物
dogan,关税
efekt,效果
ekran,屏幕
emajl,珐琅
event,事件
fabel,童话
fasad,正面
fason,式样
fluid,流体
fotel,扶手椅
front,前面
funel,漏斗
ĝerm,芽，萌芽
hepat,肝脏
horde,大麦
infer,地狱
ironi,反讽
kaban,小屋
kahel,瓷砖
kajut,舱室
kamel,骆驼
kanal,运河
kankr,河蟹
karaf,玻璃瓶
kokos,椰子果
krani,颅骨
krest,冠，脊
kukum,黄瓜属植物
kupon,券
kusen,垫子
latun,黄铜
laŭb,凉亭
lekci,讲座
lesiv,洗涤剂
limak,蛞蝓
logik,逻辑
lotus,莲
melon,甜瓜
moral,道德
muzel,吻部
nilon,尼龙
ocean,海洋
palat,腭
palis,木桩
papag,鹦鹉
paser,雀类
pensi,养老金
peron,台阶
pilot,飞行员
pland,脚底
plast,塑料
porci,份额
princ,王子
pupil,瞳孔
rabat,折扣
rafan,萝卜
raŭp,幼虫
resum,总结
rimen,皮带
roman,小说
salat,沙拉
salik,柳树
satir,讽刺作品
sciur,松鼠
sekal,黑麦
sekci,部
senat,参议院
split,碎片
spong,海绵
stadi,阶段
statu,雕像
sterk,肥料
strig,猫头鹰
strut,鸵鸟
ŝink,火腿
ŝtip,木料
tapet,壁纸
tarif,费率表
tegol,瓦片
tekst,正文
teras,平台
tomat,番茄
tuber,肿块
tunel,隧道
velur,丝绒
veruk,疣
vezik,囊泡
volum,卷册
adverb,副词
akcent,重音
alaŭd,云雀
amator,业余者
amerik,美洲
arteri,动脉
asfalt,沥青
aŭtor,作者
barbir,理发师
buĝet,预算
bulten,会报
cikatr,伤疤
cikoni,鹳
cirkel,圆规
daktil,椰枣
dialog,对话
ego/ist##,ego/ist##
eklezi,教会组织
emerit,退休者
eŭrop,欧洲
fajenc,陶土
fazeol,菜豆属植物
fontan,喷泉
formik,蚂蚁
formul,公式
fripon,骗子
furaĝ,饲料
galoŝ,套鞋
gvardi,卫队
ĝemel,孪生子
hangar,机库
haring,鲱鱼
hazard,偶然
hektar,公顷
herold,传令员
higien,卫生
impuls,冲动
insign,徽章
intest,肠
jubile,纪念日
karton,厚纸板
kasked,帽子
kavern,洞穴
kirurg,外科医
klimat,气候
klinik,临床
kolegi,学院
kolomb,鸽子
kolumn,列，栏
komedi,喜剧
konsul,领事
konval,铃兰
kornik,灰背乌鸦
kostum,服装
kredit,信用
kukurb,南瓜属植物
kunikl,家兔
kurent,电流
lacert,蜥蜴
licenc,许可
maleol,踝骨
materi,物质
mirtel,越橘
monstr,怪物
oficir,军官
orator,演说者
papili,蝴蝶
pendol,摆锤
period,周期
persik,桃子
pionir,先锋
planed,行星
platan,悬铃木
plural,复数
profet,预言者
prolet,无产阶级
pronom,代名词
reakci,反动
reĝim,政体
rivolu,旋转
ruband,丝带
skorpi,蝎子
spinac,菠菜
stamen,雄蕊
statur,身材
surtut,大衣
ŝakal,豺狼
ŝaŭm,泡沫
teknik,技术
testud,龟
torent,急流
trafik,交通
tumult,骚动
turism,旅游业
turist,游客
vertic,顶点
viktim,牺牲者
violon,小提琴
vulkan,火山
vultur,兀鹰
abrikot,杏果
akademi,学术院
alfabet,字母表
alumini,铝
ambasad,使馆
anekdot,趣闻
apertur,开口
apostol,使徒
asemble,会议
bagatel,琐事
bakteri,细菌
bandaĝ,绷带
bifstek,牛排
budĝet,预算
burĝon,芽，嫩芽
central,中心设施
cirkvit,电路
ĉar/um##,ĉar/um##
dimensi,维度
ekvator,赤道
element,元素
epidemi,流行病
fantazi,幻想
fenomen,现象
gelaten,明胶
general,将军
girland,花环
harmoni,和谐
instanc,审级
invalid,残疾者
kaldron,大锅
kaŝtan,栗子
katalog,目录
kirurgi,外科手术
kolonel,上校
komisar,专员
kompani,公司
koncept,概念
konkord,和谐一致
konkurs,竞赛
koridor,走廊
kristal,晶体
lantern,灯笼
latitud,纬度
medicin,医学
mineral,矿物
minimum,最小量
ministr,部长
obstakl,障碍物
orkestr,乐团
pacifik,太平洋
palpebr,眼睑
pantofl,拖鞋
paradiz,天堂
paralel,平行
plastik,塑形术
portret,肖像画
princip,原则
program,程序
projekt,计划案
proverb,谚语
provinc,省份
rendevu,约会
sin/ten##,sin/ten##
situaci,处境
stadion,运动场
subjekt,主体
teĥnik,技术
tendenc,倾向
tinktur,染料
tradici,传统
tragedi,悲剧
traktat,条约
trumpet,喇叭
uniform,制服
vegetal,植物
viadukt,天桥
volumen,体积
zoologi,动物学
atlantik,大西洋
avantaĝ,优势
bracelet,手镯
cirkuler,通知书
dokument,文档
federaci,联邦
generaci,世代
geografi,地理
gramatik,语法
ĝendarm,宪兵
horizont,地平线
individu,个体
kandidat,候选人
karnaval,狂欢节
kategori,类别
komun/um##,komun/um##
krokodil,鳄鱼
longitud,经度
maksimum,最大值
marmelad,果酱
monument,碑
paraŝut,伞
pasaĝer,乘客
pland/um##,pland/um##
porcelan,瓷器
procent,百分比
profesor,教授
radiator,散热器
regiment,团；大批
rekt/angul##,rekt/angul##
sandviĉ,夹心面包
sindikat,工会
singular,单数
specimen,样本
spektakl,演出
substanc,物质
teritori,领土
vertikal,垂直线
ambasador,大使
aŭstrali,澳洲
centimetr,厘米
ekspozici,展览会
inspektor,督察员
kalkan/um##,kalkan/um##
konfidenc,知心话
lokomotiv,机车
matematik,数学
metalurgi,冶金学
ministeri,部
najtingal,夜莺
ortografi,正字法
parlament,议会
proletari,无产者
propozici,命题
psikologi,心理学
suplement,补充
termometr,温度计
elektronik,电子学
helikopter,直升机
horizontal,水平
komplement,补语
konsekvenc,结果
konstituci,宪法
laboratori,实验室
leŭtenant,中尉
mediterane,地中海
substantiv,名词
universitat,大学
s-ro##,s-ro##
s-ino##,s-ino##
sinjor/in##,sinjor/in##
alk,鹿
aln,桤木
ann,安娜
bed,苗床
boa,蟒蛇
buf,蟾蜍
cim,虫卵
col,英寸
dam,贵妇
dig,堤坝
duk,公爵
fav,黄癣
fok,海豹
fut,英尺
gad,鱈鱼
gam,音阶
gri,燕麦片
guf,猫头鹰
huz,鲟鱼
kan,芦苇
ken,树脂
ker,红心
kil,龙骨
kuf,头巾
kul,蚊
kup,拔罐器
laf,熔岩
lir,里拉
lod,半盎司
lol,毒麦
mac,无酵饼
mel,獾
mes,弥撒
mev,海鸥
muf,羊毛织物
muk,粘液
mul,骡
nap,芜菁
peg,啄木鸟
pol,波兰人
pul,跳蚤
rap,萝卜
rif,礁石
rod,泊地
rot,连队
rub,瓦砾
rum,朗姆酒
rus,俄国人
seb,兽脂
sel,鞍
tez,命题
tul,薄纱
ulm,榆树
uln,尺骨
unc,盎司
urn,壶
vil,绒毛
abat,院长
acer,枫树
akar,螨虫
alte,蜀葵
alun,明矾
amel,淀粉糊
anas,鸭
angl,英人
aniz,茴香
ankr,锚
arĉ,弓
arde,苍鹭
aren,竞技场
atut,王牌
avel,榛子
aviz,通知
azot,氮气
bast,树皮
bert,贝尔塔
blat,蟑螂
bram,鲤鱼
bran,麸皮
burd,熊蜂
cedr,雪松
citr,齐特琴
ĉam,羚羊
ĉan,击锤
dogm,教条
drak,龙
drog,药物
ebon,乌木
eter,醚
fabl,寓言
falk,隼
fibr,纤维
flan,奶油布丁
flok,絮片
flut,长笛
fraj,卵块
ftiz,肺结核
gajl,五倍子
gips,石膏
glan,橡子
glim,云母
graf,伯爵
gril,蟋蟀
gros,醋栗
gurd,手摇风琴
ibis,朱鹮
idol,偶像
kalk,石灰
kand,冰糖
kard,蓟
karo,方块
kask,头盔
kaze,凝乳
kegl,柱子
klap,阀门
klav,键
kluz,水闸
kojn,楔子
koks,腰部
konk,贝壳
kren,西洋山葵
krep,绉布
krop,嗉囊
krup,哮吼病
lake,仆人
laks,腹泻
legi,军团
lent,小扁豆
lepr,麻风病
lian,藤本植物
lien,脾脏
link,猞猁
liut,琵琶
lojt,鱼类
lorn,望远镜
lumb,腰部
lutr,水獭
magi,魔法
mana,玛那
mari,玛丽亚
mask,面具
maŝ,机器
meĉ,灯芯
mejl,英里
ment,薄荷
merl,乌鸫
mesi,救世主
mili,黍
mirh,没药
mirt,桃金娘
misi,使命
mops,哈巴狗
most,葡萄汁
niĉ,壁龛
omar,海螯虾
opal,蛋白石
ostr,牡蛎
paru,山雀
peĉ,沥青
pelv,盆
perk,鲈鱼
pest,瘟疫
petr,彼得
pini,松树
pips,鸟舌病
plik,糾髪病
plot,乌鳢
popl,白杨树
pram,渡船
sakr,仙骨
salm,鲑鱼
sepi,墨鱼
sofi,索菲
sorp,花楸树
spat,长石
spin,脊柱
stab,幕僚
step,草原
stip,羽茅
stof,布料
stup,麻屑
ŝak,棋
ŝal,披肩
ŝam,麂皮
taft,塔夫绸
talp,鼹鼠
tetr,松鸡
tibi,颈骨
tili,菩提树
tine,蠹虫
torf,泥炭
trab,梁
tref,梅花
tril,颤音
trip,肠子
trog,饲料槽
tron,王座
truf,松露
trul,抹子
trut,鳟鱼
turd,鸫
turk,土耳其人
turt,斑鸠
uter,子宫
ŭat,瓦特
vafl,华夫饼
vals,圆舞曲
vekt,扁担
zebr,斑马
altar,祭坛
ambos,铁砧
anton,安东
ardez,板岩
argil,黏土
aspid,眼鏡蛇
balen,鲸鱼
barĉ,罗宋汤
boben,线圈
brank,鳃
bubal,水牛
bufed,自助餐
cejan,矢车菊
dativ,与格
datur,曼陀罗
demon,恶魔
denar,第纳里银币
deviz,座右铭
domen,多米诺
embri,胎儿
emili,艾米莉亚
ermen,艾鼬
ermit,隐士
facet,刻面
fazan,雉
femur,大腿骨
filik,蕨类
flegm,冷静
fokus,焦点
franc,法国人
frank,法郎
fring,鸟类
galon,饰带
gazel,羚羊
genot,基因组
georg,乔治
gitar,吉他
gland,腺体
groŝ,格罗申
hebre,希伯来人
heder,常春藤
herez,异端
herni,疝气
hirud,水蛭
hosti,圣餐饼
husar,轻骑兵
ĥaos,混乱
idili,田园诗
johan,约翰
jozef,约瑟夫
kalik,圣杯
kambi,汇票
kamer,相机
kanab,麻
kanap,沙发
kapel,礼拜堂
kapon,去势公鸡
kapor,风鸟树
kapot,斗篷
karas,鲫鱼
karob,角豆
katun,棉布
kerub,基路伯
kiras,装甲
klaft,尋
kloŝ,钟形罩
koaks,焦炭
koleg,同事
kolon,柱子
komiz,店员
komod,柜子
konus,圆锥
kopek,戈比
koran,可兰经
kramp,夹子
kring,圈形面包
krisp,褶饰
krist,基督
kupol,穹顶
kvarc,石英
kvart,四度音程
lanug,绒毛
laŭr,月桂树
libel,蜻蜓
liken,地衣
livre,制服
loĝi,住处
lupol,啤酒花
lustr,吊灯
luter,路德
medal,奖牌
meriz,野樱桃
moned,寒鸦
morus,桑果
moŝt,阁下
negoc,交易
nobel,贵族
novic,修士
nuanc,细微差别
oblat,圣饼
okzal,酸模
orden,勋章
orgen,管风琴
paĝi,侍童
papav,罂粟
pariz,巴黎
paŭl,保罗
pavim,铺面
pedik,虱
perĉ,鱼类
piked,哨所
pilol,药丸
pirit,黄铁矿
pirol,鸟类乌鸫
piroz,烧心
piŝt,活塞
pluŝ,绒布
poent,得分
pokal,奖杯
polus,极点
potas,灰汁
prujn,霜
pudel,贵宾犬
pumik,浮石
punĉ,庞趣酒
putor,臭鼬
raben,拉比
rapir,细剑
regol,戴菊鸟
rezin,树脂
rostr,象鼻
ruben,红宝石
safir,蓝宝石
salvi,鼠尾草
sigel,封印
silab,音节
silik,硅石
silur,鲶鱼
silvi,鸟类
sirop,糖浆
skabi,疥癣
skadr,中队
skarp,围巾
skvam,鳞片
sorik,鼩鼱
spion,间谍
spron,马刺
stabl,工作台
sturg,鲟鱼
sturn,椋鸟
ŝalm,笛子
ŝark,鲨鱼
ŝelk,背带
ŝild,盾牌
ŝind,木瓦
ŝlim,泥浆
taban,虻
tavol,层
tempi,太阳穴
tetan,破伤风
tetra,雷鸟
timon,舵杆
topaz,黄玉
torĉ,火炬
tromb,龙卷风
tulip,郁金香
ulcer,溃疡
urtik,荨麻
vanil,香草
vasal,家臣
velen,牛皮纸
verst,俄里
vezir,大臣
vipur,蝮蛇
vokal,元音
zenit,天顶
zibel,貂
zizel,旱獭
absces,脓肿
absint,苦艾草
alcion,翠鸟
amfibi,两栖动物
ananas,菠萝
artrit,关节炎
atripl,滨藜
berlin,柏林
bismut,铋
boraks,硼砂
buljon,高汤
bulonj,布洛涅
buŝel,蒲式耳
centim,分币
cikori,菊苣
cimbal,钹
cinabr,辰砂
cipres,柏树
ĉarpi,纱布
damask,锦缎
delfen,海豚
didelf,负鼠
embusk,伏击
epolet,肩章
erinac,刺猬
ernest,埃内斯特
eskadr,舰队
faktur,发票
falbal,褶饰
fantom,幽灵
faring,咽头
fenkol,茴香
ferdek,甲板
fistul,瘘管
flanel,法兰绒
fosfor,磷
franĝ,流苏
furunk,疖子
fusten,法斯坦布
galeri,画廊
gamaŝ,绑腿
german,德国人
granat,石榴
granit,花岗岩
grenad,手榴弹
grifel,石笔
ĝiraf,长颈鹿
haladz,恶臭
hamstr,仓鼠
hispan,西班牙人
ĥimer,幻兽
ĥoler,霍乱
ingven,鼠径部
izrael,以色列
jasmen,茉莉花
kaleŝ,马车
kalvin,加尔文
kamfor,樟脑
kamlot,呉絽织物
kanajl,恶棍
kanari,金丝雀
kantor,合唱团员
kanvas,画布
kapsul,胶囊
kapuĉ,兜帽
kardel,金翅雀
karmin,胭脂红
karpen,鹅耳枥
kastor,海狸
kaviar,鱼子酱
kobalt,钴
kobold,妖精
kolbas,香肠
kolibr,蜂鸟
kolimb,鸊鷉
kolubr,蛇
komuni,圣餐
kontor,办公室
kontur,轮廓
kornic,檐口装饰
korpus,军团
koturn,鹌鹑
kraken,饼干
kratag,山楂
krater,火山口
kronik,编年史
kurier,信使
lampir,萤火虫
laring,喉头
lavang,雪崩
legend,传说
lekant,雏菊
lentug,雀斑
levkoj,紫罗兰
likvor,酒液
litani,连祷
london,伦敦
magnet,磁石
makzel,颌
mangan,锰
markot,取木
marmor,大理石
marmot,旱獭
mastik,腻子
migdal,杏仁
miogal,麝鼠
miozot,勿忘草
monaĥ,修道士
morbil,麻疹
morter,灰浆
muskat,肉豆蔻
muslin,薄纱
mustel,鼬
nanken,棉布
narcis,水仙
nikola,尼古拉
notari,公证人
orakol,神谕
paletr,调色板
panter,豹
parget,镶木地板
paroĥ,教区
parter,平地座
pastel,糖果
patent,专利
patrol,巡逻队
pfenig,芬尼
pistak,开心果
pistol,手枪
plastr,膏药
platen,铂金
ponard,短剑
porfir,斑岩
porter,黑啤酒
primol,樱草
prunel,李子
purpur,紫色
rekrut,新兵
rempar,城垒
risort,弹簧
rosmar,海象
rozari,数珠
rubrik,标题
safran,藏红花
sambuk,接骨木
sankci,制裁
sardel,咸鳀鱼
sceptr,权杖
selakt,乳清
servic,餐具套装
servut,农奴制
siring,丁香
skapol,肩胛骨
skarab,甲虫
skolop,鹬
skurĝ,鞭子
sofism,诡辩
sopran,女高音
spalir,果树篱笆
stefan,斯蒂芬
sufiks,后缀
sukcen,琥珀
sulfur,硫磺
talent,才华
tambur,鼓
tenden,腱
teodor,西奥多
termin,术语
testik,睾丸
timian,麝香草
tombak,人造金属
traĥe,气管
tremol,白杨树
tribun,讲台
tropik,回归线
turban,头巾
turkis,绿松石
turnir,锦标赛
urogal,松鸡
variol,天花
viburn,莢蒾
vikari,助理司祭
vinagr,醋
vizier,帽檐
volupt,官能
ablativ,奪格
antimon,锑
arleken,小丑
arsenik,砷
artifik,诡计
asparag,芦笋
bajonet,刺刀
bastion,堡垒
beladon,颠茄
biskvit,饼干
ĉampan,香槟
ĉarnir,铰链
diamant,钻石
episkop,主教
eŝafod,断头台
fraksen,白蜡树
frangol,鼠李
fringel,金翅雀
genitiv,属格
henriet,亨丽埃塔
hidrarg,汞
hiskiam,莨菪
histrik,豪猪
jugland,胡桃
juniper,杜松
kalikot,卡利科布
kamizol,背心
kamomil,甘菊
kapitan,船长
kapitel,柱头
kapreol,狍子
kapucen,加布钦修士
karaben,卡宾枪
kartoĉ,弹药包
karusel,旋转木马
kavalir,骑士
klarnet,单簧管
klister,灌肠剂
kokluŝ,百日咳
kolofon,松香
kompres,湿敷
kurator,监护人
kvitanc,收据
leontod,蒲公英
leopard,豹
limonad,柠檬水
lonicer,忍冬
ludovik,路德维克
lunatik,疯子
maroken,摩洛哥革
marŝal,元帅
meleagr,火鸡
membran,膜
miĥael,米迦勒
monarĥ,君主
mustard,芥末
negliĝ,睡衣
nikodem,尼科德姆
novjork,纽约
oksigen,氧气
oksikok,蔓越莓
parazit,寄生虫
pasteĉ,肉馅饼
pelikan,鹈鹕
perdrik,鹧鸪
poligon,多边形
prefiks,前缀
redakci,编辑部
rinocer,犀牛
salpetr,硝石
sentenc,格言
skarlat,猩红
skorbut,坏血病
skrofol,瘰疬
smerald,翡翠
sterled,鲟鱼
stertor,喘息声
ŝiller,席勒
umbilik,肚脐
univers,宇宙
varsovi,华沙
verdigr,铜锈
vertebr,脊椎
vespert,蝙蝠
vestibl,门厅
vilhelm,威廉
virtuoz,高手
vitriol,硫酸盐
zingibr,姜
akcipitr,鹰
akuzativ,対格
argument,论证
arĥaism,古语
artiŝok,朝鲜蓟
baldaken,华盖
briliant,钻石
diplomat,外交官
distrikt,地区
elizabet,伊丽莎白
fragment,碎片
framason,共济会员
frugileg,寒鸦
hidrogen,氢
hortulan,黄鹀
institut,研究所
kantarid,虎甲虫
kariofil,丁香
kartilag,软骨
katarakt,白内障
koĉenil,胭脂虫
kokcinel,瓢虫
konvulsi,抽搐
leksikon,词典
marcipan,杏仁糖
medalion,大勋章
monarĥi,君主制
obstrukc,阻塞
paradoks,悖论
parentez,括号
particip,分词
pasament,饰带
pastinak,美洲防风
pergamen,羊皮纸
peritone,腹膜
perlamot,珍珠层
petromiz,八目鳗
petrosel,欧芹
ranunkol,毛茛
redaktor,编辑者
rezultat,结果
rosmaren,迷迭香
serĝent,军士
sublimat,升华物
taĉment,分遣队
terebint,松节油树
tornistr,书包
zamenhof,柴门霍
aleksandr,亚历山大
anunciaci,受胎告知
balustrad,栏杆
ĉambelan,侍从
ĉarlatan,江湖骗子
deklinaci,词形变化
diplomati,外交事务
ekscelenc,阁下
ekzempler,例册
entuziasm,热情
fortepian,大钢琴
galanteri,化妆品
iĥtiokol,鱼胶
instituci,机构
instrukci,指令
kancelari,官房
kancelier,大法官
kataplasm,敷药
kondolenc,哀悼
konjugaci,动词变位
konjunkci,连词
konsonant,辅音
korporaci,法人公司
kvaranten,检疫隔离
nominativ,主格
pentekost,圣灵降临节
piedestal,底座
prepozici,前置词
privilegi,特权
promontor,岬
salamandr,蝾螈
testament,遗嘱
vermiĉel,细面条
interjekci,感叹词
superstiĉ,迷信
vaŝington,华盛顿
violonĉel,大提琴
arĥitektur,建筑学
interpunkci,标点法
jork,约克
parok,教区
navig,航行
kaos,混乱
kimer,奇美拉
korus,合唱团
monak,僧侣
iktiokol,鱼胶
ald,中音声部
alo,芦荟
api,野芹
ari,咏叹调
bas,低音
car,沙皇
dog,獒犬
dok,船坞
doz,剂量
ego,自我
elf,小妖精
etn,民族
faz,相位
fon,背景
fuk,海带
gaz,纱布
gem,宝石
hum,腐殖土
jod,碘
jud,犹太人
kep,军帽
lat,木条
lob,叶片
mim,模仿者
mit,神话
muz,诗神
nas,鱼梁
nav,船舶
niz,雀鹰
oaz,绿洲
opi,鸦片
puf,膨胀
raj,鳐鱼
ras,种族
ref,礁
rit,仪式
rut,芸香
sod,苏打
tif,伤寒
tog,长袍
viz,签证
agat,玛瑙
aĝi,年龄
alen,刺针
ambr,龙涎香
amor,爱神
aort,大动脉
arom,香气
astm,哮喘
astr,天体
azil,避难所
bard,诗人
bomb,炸弹
bosk,灌木丛
brom,溴素
bust,上身
cend,分币
cidr,苹果酒
cirk,圆形场地
dali,大丽花
dign,尊严
duel,决斗
duet,二重唱
ebur,象牙
eden,伊甸园
egid,神盾
erik,石楠
etik,伦理
etim,词源
fars,笑剧
fili,分支
fisk,国库
furi,复仇女神
gnom,地精
grog,烈酒
gruz,碎石
ĝin,杜松子酒
hidr,水螅
hien,鬣狗
irid,鸢尾
iris,虹膜
istm,地峡
jesu,耶稣
junk,灯心草
kabl,电缆
kali,钾
kame,浮雕饰物
kast,种姓制度
klor,氯
kofr,箱子
kolz,油菜
kont,账户
krab,蟹
kres,水芹
kupe,车厢
laik,俗人
lama,喇嘛僧
lanc,矛
lens,镜片
lord,贵族
malt,麦芽
mani,狂热者
medi,环境
milv,鳶
mitr,密特拉
moru,鳕鱼
mosk,麝香
mumi,木乃伊
naft,石油
negr,黑人
nimb,光环
norm,标准
obol,奥博洛斯
ogiv,尖拱
orgi,酒神节
ozon,臭氧
penc,便士
pleb,平民
podi,台阶
polk,波尔卡舞
pomp,华丽
pore,韭菜
rabi,狂犬病
rism,波纹
romb,菱形
rubl,卢布
sabr,军刀
sagu,西米粉
sald,余额
salv,齐射
sekt,教派
sfer,球体
skem,图表
skol,学派
slip,便条
sokl,座台
sold,苏钱
sole,比目鱼
spad,细剑
ŝah,王
talk,滑石
teni,保持
tiar,王冠
tink,丁鲷鱼
tors,躯干
tost,祝酒
trop,比喻
turb,陀螺
ukaz,诏令
ulan,骑兵
uzur,高利贷
verv,热情
vink,日日草
visk,槲寄生
vist,桥牌
vizi,幻影
zuav,阿尔及利亚兵
abism,深渊
adept,信徒
afiks,附加词素
afust,炮架
agraf,扣子
akaci,金合欢
akciz,税
aksel,腋下
albin,白化病者
alibi,不在证明
aline,缩进
alkov,小房间
amfor,壺
angin,咽峡炎
angor,苦恼
anten,天线
apati,冷漠
apoge,远地点
arkad,拱廊
arkiv,档案
arnik,山金车
atlas,地图册
atlet,运动员
aviad,航空
balad,叙事诗
balet,芭蕾
barak,棚屋
baron,男爵
basen,水池
beril,绿柱石
bibli,圣经
bigot,狂信者
biret,学位帽
bitum,沥青
bivak,宿营
breĉ,裂缝
broĉ,胸针
bronk,支气管
cigan,吉普赛人
cikut,毒芹
ĉifr,密码
debat,辩论
dekan,院长
dilem,两难
diluv,大洪水
divan,长椅子
dolar,美元
drakm,德拉克马
dukat,金币
edikt,诏令
eklog,牧歌
ekzem,湿疹
elegi,哀歌
elips,省略
elizi,省略
emfaz,强调
epope,史诗
fagot,巴松管
fakir,苦行者
fatal,宿命
feŭd,封地
fiakr,马车
fiask,失败
final,终场
fjord,峡湾
forum,论坛
fresk,壁画
furor,流行
galer,桨帆船
galop,疾驰
garol,松鸦
goril,大猩猩
hamak,吊床
harem,后宫
harpi,哈耳庇厄
helic,螺旋桨
helik,蜗牛
hisop,牛膝草
hoboj,双簧管
humer,肱骨
idiom,成语
idiot,白痴
ileks,冬青树
iluzi,幻觉
indiga,靛青
jalap,药用树脂
jud/ism##,jud/ism##
kabal,卡巴拉
kadet,军校生
kalif,哈里发
kanon,炮
karat,克拉
kazin,赌场
kinin,奎宁
kirŝ,樱桃酒
kloak,下水道
kobaj,豚鼠
kokon,蚕茧
kolik,疝痛
kolos,巨像
komet,彗星
koral,珊瑚
korne,角膜
korol,花冠
kozak,哥萨克
krabr,黄蜂
kreol,克里奥尔
kript,地下室
kulis,后台
kumin,孜然
kvast,穗饰
kvint,五度音程
lagun,潟湖
lapis,硝石
larik,落叶松
later,边
lazur,天蓝色
legat,教皇使节
lirik,抒情诗
madon,圣母
major,少校
mamut,猛犸象
medol,髓
meduz,水母
melas,糖蜜
melis,香蜂草
miasm,毒气
mimoz,含羞草
mitul,贻贝
moske,清真寺
motiv,动机
natri,钠
nikel,镍
nimfe,睡莲
noktu,鸮
nomad,游牧民
novel,小说
nunci,使节
oksid,氧化物
oktav,八度音程
oniks,缟玛瑙
optik,光学
orbit,轨道
oriol,黄鹂鸟
ovaci,喝彩
pagod,佛塔
panel,面板
panik,恐慌
paraf,签名
patos,激情
pedal,踏板
pedel,小官员
peoni,芍药
peruk,假发
pigme,俾格米人
pirat,海盗
pivot,枢轴
polip,息肉
polis,保单
pomad,发油
prior,小修道院长
prism,棱镜
psalm,圣歌
raket,火箭
rebus,画谜
retin,视网膜
retor,修辞学家
rezed,木犀草
ricin,蓖麻
rokok,洛可可式
rubus,树莓
rutin,惯例
saliv,唾液
satan,撒旦
saten,缎子
seraf,炽天使
sifon,虹吸管
sinap,芥菜
sinod,会议
siren,塞壬
skalp,头皮
skerc,诙谐曲
skism,分裂
sonat,奏鸣曲
sonet,十四行诗
spasm,痉挛
sperm,精液
splen,忧郁症
stopl,树桩
strof,诗节
sutan,法衣
ŝose,车道
ŝpat,犁
taler,塔勒
tanin,单宁
tarok,塔罗牌
teism,有神论
teist,有神论者
templ,寺庙
tenor,男高音
teror,恐怖袭击
tindr,火绒
tiran,暴君
tonel,吨位
trofe,奖杯
trust,信托
tunik,束腰外衣
utopi,乌托邦
vanel,鸟类
vinkt,扣件
viper,蝰蛇
viski,威士忌
zefir,微风
advent,降临节
aksiom,公理
akvari,鱼缸
algebr,代数
alkemi,炼金术
ambici,野心
amulet,护身符
anagal,蓝花鼠尾草
anarki,无政府状态
anatom,解剖学家
anĉov,凤尾鱼
anemon,银莲花
anilin,苯胺
aplomb,镇定
apolog,道歉
arbust,灌木
arĥiv,档案
asesor,陪审法官
ateism,无神论
ateist,无神论者
aŭkci,拍卖
balast,压舱物
balkon,阳台
balzam,香脂
bandit,强盗
barbar,野蛮人
barier,障碍物
bateri,电池
batist,细薄布
bazalt,玄武岩
beletr,美文
bilanc,资产负债表
bilard,台球
binokl,双筒镜
biolog,生物学
blazon,徽章
blokad,封锁
bordel,妓院
braman,婆罗门
brigad,旅团
buduar,闺房
burnus,斗篷
celeri,芹菜
cidoni,榅桲
ciklon,气旋
ciklop,独眼巨人
dekret,法令
depeŝ,急报
despot,专制者
diabet,糖尿病
diadem,头饰
diakon,助祭
diplom,文凭
divizi,师团
dragon,龙骑兵
eklips,食
eksces,过量
ekstaz,狂喜
ekvaci,方程式
emblem,象征
emulsi,乳剂
endivi,菊苣
epilog,尾声
epitet,修饰词
epizod,插曲
erupci,喷发
eskort,护送队
estrad,台
etiket,礼仪
eŭnuk,太监
ezofag,食道
faktor,因素
falang,方阵
fanfar,号角声
feniks,凤凰
feston,花环
fetiĉ,物神
fleksi,屈曲
floren,弗罗林
format,格式
frakci,分数
fregat,护卫舰
galant,雪割草
gangli,神经节
genist,金雀花
geolog,地质学家
gerani,天竺葵
gigant,巨人
glazur,釉料
glikoz,葡萄糖
glukoz,葡萄糖
gondol,缆车
grafit,石墨
gulden,盾牌
harpun,鱼叉
hetman,首领
hipnot,催眠术
incens,香料
indeks,索引
inflam,炎症
jaguar,美洲豹
jezuit,耶稣会士
ĵaket,晨礼服
kadavr,尸体
kadenc,节奏
kalibr,口径
kameli,山茶花
kantat,清唱剧
kanton,郡
karbon,碳素
karcer,牢房
karier,职业路径
kariol,轻马车
katedr,讲座
kaŭci,保证金
kazern,军营
kokard,徽章
kolodi,火棉胶
koloni,殖民地
kompas,罗盘
kondor,兀鹫
konjak,白兰地酒
korife,领唱者
kornet,短号
korsar,海盗船
korset,束腰衣
korvet,护卫舰
kotlet,炸肉排
kursiv,斜体字
laktuk,莴苣
lavend,薰衣草
loteri,彩票
lucern,吊灯
maksim,格言
malari,疟疾
marasm,衰弱症
markiz,侯爵
martir,殉教者
masaĝ,按摩
mazurk,马祖卡舞曲
medium,灵媒
melodi,旋律
mentor,导师
merkat,市场
mespil,西洋花楸果
meteor,气象
metrik,韵律学
mikrob,微生物
mirakl,奇迹
miriad,无数
molusk,软体动物
monark,君主
morfin,吗啡
mozaik,镶嵌画
munici,弹药
nektar,神酒
orkide,兰花
paĉul,广藿香
parodi,仿作
pavian,狒狒
pedant,学究
pepsin,胃蛋白酶
petard,爆竹
piastr,比阿斯特尔
pistil,雌蕊
podagr,痛风
ponton,平底船
portal,门廊
portik,门廊
prelat,高位神职
prelud,前奏曲
premis,前提
profan,亵渎者
profil,侧面
prolog,序幕
puding,布丁
pupitr,讲台
pustul,脓疱
rabarb,大黄
regent,摄政者
rektor,校长
relief,浮雕
retort,蒸煮器
romanc,浪漫
rotond,圆形建筑
sandal,凉鞋
santal,檀香
sarong,腰布
satrap,太守
sektor,扇形
septet,七重奏
serajl,宫殿
sevrug,鲟鱼
sfinks,狮身人面像
siluet,剪影
simbol,象征
sinkop,晕厥
sintez,合成
skelet,骨架
sofist,诡辩者
spektr,光谱
spiral,螺旋
sponde,长长格
suflor,提词员
sultan,苏丹
ŝalup,艇
ŝankr,下疳
ŝarad,字谜
taksus,紫杉
taktik,战术
talmud,塔木德
tamtam,锣
tandem,双人车
tapiok,木薯粉球
teolog,神学家
teorem,定理
terapi,治疗
tercet,三行诗
termit,白蚁
tonsur,剃发
torped,鱼雷
trapez,梯形
tribut,贡品
triumf,凯旋
turbin,涡轮
unison,齐奏
uragan,飓风
vampir,吸血鬼
verand,阳台
vermut,苦艾酒
vinjet,装饰图案
zigzag,曲折
zodiak,黄道带
admiral,海军上将
aerolit,陨石
aforism,警句
agronom,农学家
akrobat,杂技演员
akvarel,水彩画
alegori,寓言
alĥemi,炼金术
almanak,历书
ambrozi,神食物
ametist,紫水晶
amnesti,赦免
anagram,易位构词
analogi,类比
anapest,短短长格
anatomi,解剖学
angelik,当归
anomali,异常
antilop,羚羊
antipod,对跖地
antitez,对立面
apoteoz,神化
apozici,同位语
arabesk,阿拉伯式花纹
arkaism,古语
asonanc,元音押韵
atavism,返祖现象
atribut,属性
aŭreol,光环
bankier,银行家
barikad,路障
bariton,男中音
bastard,私生子
bazilik,圣殿
biograf,传记作家
biologi,生物学
bisturi,手术刀
bombast,夸夸其谈
botanik,植物学
celuloz,纤维素
ceramik,陶瓷
cilindr,圆柱体
cistern,蓄水池
citadel,堡垒
ĉevron,垂木
demagog,煽动家
diagnoz,诊断
dialekt,方言
diametr,直径
difteri,白喉
diftong,双元音
dinamik,动力学
dinamit,炸药
dinasti,王朝
doktrin,学说
ekspres,快车
eliksir,药剂
eminenc,显贵
epiderm,表皮
epifani,主显节
epigraf,碑文
epigram,警句
erudici,博学
estetik,美学
etim/olog##,etim/olog##
etiolog,病因学
evoluci,进化
farmaci,药学
filolog,文献学者
filozof,哲学家
fonetik,语音学
fronton,山墙
gangren,坏疽
gardeni,栀子花
gencian,龙胆
geodezi,测地学
geograf,地理学家
geologi,地质学
geometr,几何学者
gerundi,动名词
gilotin,断头台
gimnast,体操教练
gimnazi,中学
guberni,州
hiacint,风信子
hipotek,抵押权
hipotez,假设
histeri,癔症
homonim,同音异义词
ĥirurg,外科医生
judaism,犹太教
ĵargon,行话
kalomel,甘汞
kanaben,红雀
kanibal,食人者
kanonik,教会参事
kaporal,伍长
karamel,焦糖
karavan,商队
kartuŝ,卡带框
katolik,天主教徒
kazemat,堡垒
komplot,阴谋
koncesi,特许
kontakt,接触
korsaĵ,女装胸衣
kreozot,煤焦油
kriteri,标准
kvadril,方舞
kvestor,出纳官
letargi,昏睡状态
liturgi,礼拜仪式
lozanĝ,菱形
lumbrik,蚯蚓
mahagon,桃花心木
majolik,陶器
makadam,碎石路
makaron,马卡龙
malakit,孔雀石
mansard,阁楼房间
marĝen,边缘
matador,斗牛士
mekanik,力学
merlang,鱈鱼
metafor,隐喻
minaret,尖塔
mirabel,黄香李
molekul,分子
monarki,君主制
monolog,独白
monopol,垄断
nikotin,尼古丁
obelisk,方尖碑
oleandr,夹竹桃
oligark,寡头
omnibus,公共马车
onobrik,刺果豆
optativ,愿望法
pacient,病人
palinur,伊势龙虾
pamflet,抨击小册子
panoram,全景
papirus,纸莎草
parabol,抛物线
parafin,石蜡
paskvil,讽刺文
paŝtel,粉彩
patolog,病理学者
patrici,贵族
patriot,爱国者
pedagog,教育者
pelerin,斗篷
pension,宿舍
percept,感知
pilastr,柱形
piramid,金字塔
plagiat,抄袭
plantag,车前草
polemik,论战
prefekt,知事
procesi,行列
prognoz,预测
prozodi,诗律
puritan,清教徒
retorik,修辞学
revizor,检察官
samovar,茶炊
sarkasm,讽刺
segment,线段
sekreci,分泌物
semafor,信号机
serenad,小夜曲
sifilis,梅毒
simetri,对称性
simfoni,交响曲
simptom,症状
sinagog,犹太会堂
sinedri,法庭
sinonim,同义词
sintaks,句法学
skandal,丑闻
skrupul,细心谨慎
stearin,硬脂酸酯
sugesti,暗示
ŝiling,先令
taburet,凳子
tangent,正切
teokrat,神权者
teologi,神学
trombon,长号
ultimat,最后通牒
uvertur,序曲
variant,变体
vazelin,凡士林
verdikt,判决
veteran,老手
vokativ,呼格
abnegaci,自我否定
adjutant,副官
aeroplan,飞机
agronomi,农学
akvafort,铜版画
akvilegi,耧斗菜
alabastr,雪花石膏
aligator,短吻鳄
ambulanc,救护车
antipati,反感
antologi,选集
apostrof,撇号
arbalest,弩炮
areometr,比重计
arkeolog,考古学家
arkitekt,建筑师
artileri,炮兵
astrolog,占星师
astronom,天文学家
atmosfer,大气
aŭdienc,接见
balistik,弹道学
balzamin,凤仙花
banderol,封条
barelief,浅浮雕
batalion,营
bazilisk,蛇怪
biografi,传记
ceremoni,仪式
dekadenc,衰退
delegaci,代表团
demagogi,煽动者
demokrat,民主者
diafragm,膈膜
diagonal,对角线
diapazon,音叉
didaktik,教学法
difterit,白喉
diktator,独裁者
disĉipl,弟子
dispepsi,消化不良
ditiramb,酒神赞歌
dromedar,单峰骆驼
ekstrakt,提取物
epilepsi,癫痫
erizipel,丹毒
etimologi##,etimologi##
etiologi,病因学
etnograf,民族志学者
evangeli,福音书
faksimil,传真件
fakultat,院系
felieton,专栏
feminism,女权主义
feminist,女权主义者
filologi,文献学
filozofi,哲学
fiziolog,生理学
fonograf,留声机
galantin,肉冻
garnitur,饰品套装
garnizon,驻军
genealog,系谱学
geometri,几何学
glicerin,甘油
gliciriz,甘草
grafolog,笔迹学者
gramofon,留声机
gutaperk,树胶
halebard,戟
harmonik,口琴
hegemoni,霸权
hekatomb,百牛祭品
hierarki,等级制度
hipodrom,赛马场
honorari,酬金
horoskop,星座图
hortensi,绣球花
ĥirurgi,外科
idiotism,惯用语法
imperial,帝国席
indiĝen,土著人
inkognit,微服私访
intervju,采访
kalendul,金盏花
kardinal,枢机卿
katafalk,棺台
katakomb,地下墓穴
katedral,大教堂
katekist,传道师
kavaleri,骑兵队
komandit,合资公司
konfekci,成衣
konflikt,冲突
kontralt,女低音
kontrast,对比
konvenci,协议
kosmetik,化妆术
kreditor,债权人
ksilofon,木琴
kvocient,商
labirint,迷宫
laŭreat,获奖者
logaritm,对数
logogrif,字谜
makaroni,通心粉
mandaren,官员
mandolin,曼陀林
manifest,声明
manometr,压力计
margarin,人造黄油
marionet,木偶
maŭzole,陵墓
mekanism,机制
melodram,情节剧
meridian,子午线
metronom,节拍器
metropol,大都市
mikrofon,话筒
miniatur,微型画
monogram,字母组合
monomani,偏执狂
naftalin,萘丸
narkotik,麻醉药
navigaci,航行
nekrolog,讣告
nepotism,裙带关系
nihilism,虚无主义
nihilist,虚无主义者
nostalgi,乡愁
numismat,钱币学者
obligaci,债券
oligarĥ,寡头
oligarki,寡头政治
optimism,乐观主义
optimist,乐观者
organism,有机体
orografi,地形学
pacifism,和平主义
pacifist,和平主义者
palanken,轿子
panteism,泛神论
panteist,泛神论者
pantomim,哑剧
paradigm,词形变化表
parafraz,释义文
paragraf,段落
partitur,乐谱
patologi,病理学
pedagogi,教育学
perimetr,周长
peristil,柱廊
pesimism,悲观主义
pesimist,悲观者
pleonasm,冗言法
poliglot,多语言者
preterit,过去式
procedur,诉讼程序
projekci,投影
proporci,比例
prospekt,说明书
protokol,记录
prototip,原型
prozelit,改宗者
psikolog,心理学家
referenc,参考
renesanc,文艺复兴
reputaci,声誉
revelaci,启示
revolver,左轮枪
rojalist,王党派
sacerdot,神父
sakristi,圣器室
sarkofag,石棺
seminari,研讨会
sensaci,轰动
sfinkter,括约肌
silogism,三段论法
solecism,语法错误
stipendi,奖学金
strategi,战略
subvenci,补助金
talisman,护身符
tamburin,铃鼓
tarantel,舞蹈
tarantul,狼蛛
teleskop,望远镜
teokrati,神权统治
tipograf,排版工人
topograf,地形学者
toreador,斗牛士
transept,翼廊
tuberkul,结节
amfiteatr,圆形剧场
apopleksi,中风
arbitraci,仲裁
arĥeolog,考古学家
arĥitekt,建筑师
aritmetik,算术
arkeologi,考古学
arkipelag,群岛
astrologi,占星术
astronomi,天文学
aŭditori,礼堂
aŭtograf,亲笔签名
aŭtokrat,独裁者
deklaraci,声明
demokrati,民主制
dialektik,辩证法
disciplin,纪律
disenteri,痢疾
entomolog,昆虫学家
etnografi,民族志学
filantrop,慈善家
fiziologi,生理学
fizionomi,相貌
fotografi,摄影术
genealogi,家谱学
gladiator,角斗士
grafologi,笔迹学
harmonium,风琴
heksametr,六步格诗
heliotrop,向日葵属
hidrofobi,恐水症
hieroglif,象形文字
higrometr,湿度计
hipopotam,河马
homeopati,同种疗法
ideografi,表意文字
imperativ,命令法
imperfekt,未完成过去
impresari,主办人
indikativ,直陈法
infanteri,步兵队
infinitiv,不定式
inkvizici,宗教审判
intendant,管家
kabriolet,敞篷车
kandelabr,烛台
karikatur,讽刺画
kartograf,制图师
kastanjet,响板
katalepsi,强直症
katastrof,灾难
kateĥist,传道者
kompromis,妥协
konduktor,乘务员
konkurenc,竞争
kontinent,大陆
kontrabas,低音提琴
konvolvul,牵牛花
kosmogoni,宇宙起源
kosmograf,宇宙学者
krizantem,菊花
kronologi,年代学
kronometr,计时器
krucifiks,十字架像
kvadratur,求积法
litografi,石版印刷
lokomobil,移动蒸汽机
melankoli,忧郁
metafizik,形而上学
mikrometr,测微计
mikroskop,显微镜
mineralog,矿物学者
monoteism,一神论
neologism,新词
oligarĥi,寡头政治
ornitolog,鸟类学家
ostracism,放逐
paleograf,古文字学者
palisandr,紫檀
paroksism,激发
pentametr,五步格
plutokrat,财阀
politeism,多神教
providenc,天意
pulĉinel,丑角角色
purgatori,炼狱
recitativ,叙唱部
reformaci,宗教改革
rekrement,渣滓
repertuar,曲目集
rezignaci,放弃
sakrament,圣礼
sekundant,决斗见证人
skarlatin,猩红热
skolastik,经院哲学
somnambul,梦游者
sortiment,样品集
spekulaci,投机
spirit/ism##,spirit/ism##
spirit/ist##,spirit/ist##
stalagmit,石筍
stalaktit,钟乳石
statistik,统计
ŝovinism,沙文主义
ŝovinist,沙文主义者
tipografi,印刷
topografi,地形学
velociped,自行车
veterinar,兽医
vivisekci,活体解剖
abiturient,毕业生
alternativ,选择
anakronism,时代错误
antropolog,人类学者
arĥeologi,考古学
arĥipelag,群岛
aristokrat,贵族
arkitektur,建筑学
aŭtokrati,专制统治
beletristik,文学研究
bibliograf,书目学者
civilizaci,文明
dinamometr,测力计
ekskrement,粪便
entomologi,昆虫学
eŭkaristi,圣餐
filantropi,慈善
hipertrofi,肥大症
ingredienc,成分
inkvizitor,宗教审判官
kartografi,制图法
koeficient,系数
kompliment,恭维
kongregaci,教团
konsistori,枢机会议
kontraband,走私
kontribuci,赔款
kosmografi,宇宙形状学
kosmopolit,世界公民
krestomati,选集
kvintesenc,第五元素
manufaktur,手工业制造
manuskript,手稿
metamorfoz,变形
meteorolog,气象学家
mineralogi,矿物学
naturalism,自然主义
numismatik,钱币学
ornitologi,鸟类学
paleografi,古文字学
perspektiv,视角
plutokrati,财阀统治
pneŭmatik,轮胎
prerogativ,特权
pseŭdonim,假名
stenografi,速记术
subjunktiv,虚拟式
superlativ,最高级
tuberkuloz,结核病
admiralitat,海军司令部
antropologi,人类学
aristokrati,贵族统治
bibliografi,书目学
cirkumfleks,抑扬符
demonstraci,论证
departement,部
enciklopedi,百科全书
hermafrodit,雌雄同体
hidrostatik,流体静力学
hidroterapi,水疗法
imperialism,帝国主义
inaŭguraci,仪式
kalejdoskop,万花筒
kondicional,条件法
konfederaci,邦联
konglomerat,砾岩
kontrapunkt,对位法
manifestaci,示威
metempsikoz,轮回
meteorologi,气象学
observatori,天文台
paleontolog,古生物学
pleŭronekt,比目鱼
protagonist,主角
protektorat,保护国
pseŭd,假名
racional/ism##,racional/ism##
racional/ist##,racional/ist##
reŭmatism,风湿病
temperament,气质
tragikomedi,悲喜剧
administraci,管理
demonstrativ,指示词
konservatori,音乐学院
paleontologi,古生物学
paralelogram,平行四边形
spiritualism,唯心论
spiritualist,唯心论者
trigonometri,三角法
aŭtobiografi,自传
t.e.,即
k.t.p.,等等
kiom,多少
kiom##,kiom##
kiom##,kiom##
dum,期间
dum##,dum##
ĝis,至
ĝis##,ĝis##
anstataŭ,代替
anstataŭ##,anstataŭ##
kiu##,kiu##
kiu,谁，哪个
tiu##,tiu##
tiu,那人
ĉiu,每个
ĉiu##,ĉiu##
neniu,无一人
neniu##,neniu##
ambaŭ,两者的
ambaŭ##,ambaŭ##
tiu ĉi##,tiu ĉi##
tiu ĉi##,tiu ĉi##
fiks,固定
fiks##,fiks##
fals,伪
fals##,fals##
ĉu##,ĉu##
ĉu,是否
kial,为何
kial##,kial##
kiel,如同
kiel##,kiel##
tamen,然而
tamen##,tamen##
apenaŭ,几乎不
apenaŭ##,apenaŭ##
kvazaŭ,仿佛
kvazaŭ##,kvazaŭ##
ĉirkaŭ,周围
ĉirkaŭ##,ĉirkaŭ##
precip##,precip##
precip,主要
tut,全体
tut##,tut##
rest##,rest##
rest,剩余
ĉiel,多种方式
ĉiel##,ĉiel##
interes,引起兴趣
interes##,interes##
lig,连结
lig##,lig##
rul,滚动
rul##,rul##
arm##,arm##
arm,武器
fos,挖掘
fos##,fos##
plant,种植
plant##,plant##
orient##,orient##
orient,东
fald,折叠
fald##,fald##
kaj,和
kaj##,kaj##
amas,群体
amas##,amas##
kopi,复制
kopi##,kopi##
fotograf,拍照
fotograf##,fotograf##
ĉar,因为
ĉar##,ĉar##
fikci##,fikci##
fikci,虚构
nul,零
nul##,nul##
klar##,klar##
klar,清楚
artikol,冠词，文章
artikol##,artikol##
aŭgust,八月
aŭgust##,aŭgust##
por,为，给
por##,por##
opozici,反对
opozici##,opozici##
fot,照相
vibr,振动
oscil,振动
fluktu,波动
indigo,靛蓝
ad##,ad##
ad,持续
ag,行事
al,到
am,爱
an,成员
ar,群体
as,现在时
at,被动中
av,祖父
bo,姻亲
ci,你
da,的量
de,从
di,神
Di##,Di##
do,那么
du,二
ec,性
eg,大
ej,场所
ek,开始
el,出于
em,倾向于
en,里
er,粒子
et,小
fe,仙灵
fi##,fi##
fi,卑劣
ge,两性
ha,惊叹
he,喂！
ho,嗬！
ia,某种
id,后代
ie,某处
ig,使成为
il,工具
in,女性
io,某物某事
ir,去
is,过去式
it,被动完了
iu##,iu##
iu,某人
ja,确实
je,在
ju,越
ke,（从句）
l',定冠词
la,定冠词
li,他
lu,租赁
mi,我
ne,不
ni,我们
nj,女昵称
nu,注意
od,颂歌
ok,八
ol,比
on,分之一
op,集合数
or,金属
os,将来时
ot,将被
ov,蛋
pi,虔诚
po,各
re,再
se,如果
si,自己
te,茶
uj,容器
ul,人
um,不定后缀
ur,野牛
us,虚拟式动词尾
uz,用
ve,哎呀
vi,你们
homeopat,同种疗法医师
zoolog,动物学