adiaux,さよなら
bis,再演
hura,万歳
uxa,わぁ
kia,どんな
tia,そんな
cxia,全て
kies,誰の
nenia,何もない
ali,他
alt,高い
bel,美
bon,良い
jun,若い
nov,新
sam,同じ
fort,強い
grav,重要
kelk,幾つか
last,最終
long,長い
mult,多い
plen,満杯
ricx,金持
rugx,赤
facil,簡単
grand,大きい
liber,自由
rapid,速い
felicx,幸せ
proksim,近い
fru,早
pur,純粋
sol,唯一
ver,真
cert,確か
nigr,黒
varm,熱い
afabl,親切
blank,白
dolcx,甘い
neces,必要
propr,固有
simpl,簡単
dekstr,右
kuragx,勇敢
trankvil,静か
blu,青
dik,太い
gaj,楽しい
hel,助ける
kar,親愛
lac,疲れ
san,健康
sat,満腹
just,正義
prav,正当
pret,準備
util,役立つ
verd,緑
apart,別々
atent,注意
fremd,外国の
gxust,正しい
komun,共通
largx,広い
agrabl,心地よい
divers,多様な
intern,内部
suficx,十分
kontent,満足
profund,深い
mol,柔らかい
pez,重
sek,乾
brun,茶色
egal,同等
flav,黄色
griz,灰色
kulp,有罪
lert,上手な
rekt,直
sagx,賢い
vast,広い
ceter,残り
fresx,新鮮
simil,似た
kapabl,有能
serioz,真面目
efektiv,実現
ordinar,普通
akr,鋭
fam,有名
ies,誰かの
avar,貪欲
dens,濃い
eben,平ら
fier,誇り
firm,堅い
nepr,必然
plat,平ら
plur,多
surd,聾
vigl,活発
fidel,忠実
kviet,静か
matur,成熟
sankt,聖
spert,熟練
subit,突然
tauxg,役立
honest,正直
konven,適当
plur,複数
preciz,精密
strang,変な
delikat,繊細
gxentil,礼儀
komfort,快適
pacienc,忍耐
special,特別
gxeneral,全般
konstant,一定
lam,足不自由
mut,無言
nud,裸
pal,青白い
ruz,ずるい
van,空しい
acid,酸
glat,滑らか
kler,教養
krud,粗い
mild,穏やか
abund,豊富
blind,盲
blond,金髪
cxarm,魅力
etern,永遠
favor,好意
graci,優美
humil,謙虚
lauxt,大声
sever,厳格
stult,愚か
fortik,強い
frenez,狂気
kurioz,珍奇
privat,私的
sincer,誠実
evident,明白
oportun,便利
prudent,賢明
sci/vol##,
diligent,勤勉
proksim/um##,
ard,熱
avid,熱望
brav,勇敢
ebri,酔う
krut,急な
naiv,素朴
nobl,高潔
sobr,節制
humid,湿った
ident,同一
komik,おかしい
kripl,不具
kruel,残酷
moder,適度
sagac,賢い
seren,穏やか
sprit,機知
akurat,厳守
fervor,熱心
inklin,傾向
jxaluz,嫉妬
kapric,気まぐれ
modern,現代
modest,控え目
nenies,誰のでもない
normal,正常
sovagx,野生
ekstrem,極限
elegant,上品
eminent,優秀
komplet,完璧
oficial,公式
perfekt,完璧
probabl,可能
reciprok,相互
indiferent,無関心
inteligent,賢い
amar,苦い
imun,免疫
real,現実
ties,その
unik,特異
vant,虚栄
virg,純潔
aktiv,活動的
civil,市民
cxies,皆の
elast,弾力
human,人間
intim,親密
kaduk,老朽
koket,色っぽい
lojal,忠実
malic,悪意
mir/ind##,
rauxk,しわがれ
rigid,硬い
sekur,安全
solen,荘厳
tener,優しい
valid,有効
abrupt,急な
absurd,不合理
aktual,現存
arbitr,任意
auxdac,厚かましい
ekzakt,正確
furioz,激怒
graved,妊娠
klasik,古典
majest,威厳
nervoz,神経質
oblikv,斜め
obstin,頑固
plen/agx##,
social,社会
subtil,細かい
tragik,悲劇
absolut,絶対
kontant,現金
popular,人気
relativ,相対
sin/don##,
solidar,連帯
vegetar,菜食
familiar,親しい
grandioz,壮大
kolektiv,集団
sin/gard##,
kompetent,有能
universal,普遍
kvit,完済
miop,近視
punc,ポピー
ranc,腐った
cxast,貞節
ekstr,特別
masiv,重い
antikv,古代
arogant,傲慢
konform,適合
trivial,些細な
elokvent,雄弁
kriminal,犯罪
predikat,述語
akut,鋭い
dual,二重
hirt,逆立つ
kalv,はげ
banal,平凡
cinik,冷笑
gotik,ゴシック
inert,惰性
obtuz,鈍い
okult,秘術
pasiv,受動
rigor,厳格
stoik,ストア
analog,類似
anonim,匿名
arkaik,古風
diafan,半透明
efemer,儚い
erotik,エロ
fiktiv,架空
formal,形式的
frivol,軽率
intens,強い
invers,逆
konciz,簡潔
konkav,凹
mistik,神秘的
neuxtr,中性
vulgar,俗
akcesor,付属
apokrif,偽書
arhxaik,古代
burlesk,滑稽
decimal,十進法
diskret,無口
fanatik,狂信
grotesk,奇怪な
konkret,具体
kontinu,継続
liberal,自由主義
monoton,単調
negativ,否定的
nominal,名目
pozitiv,積極的
radikal,急進
skeptik,懐疑的
solvent,支払可
abstrakt,抽象
auxtonom,自治
eventual,可能な
inkluziv,含む
neuxtral,中立
objektiv,客観的
ortodoks,正統
primitiv,原始的
provizor,臨時
racional,有理
romantik,ロマンチック
sinoptik,一覧
spontane,自発的
auxtentik,本物
definitiv,最終的
ekskluziv,独占的
korelativ,相関
respektiv,各々の
subjektiv,主観的
transitiv,他動詞
spekulativ,思弁
impertinent,無礼
konservativ,保守派
sentimental,感傷的
dek,10
mil,千
sep,七
ses,6
tri,三
unu,一
cent,百
kvar,四
kvin,五
naux,九
aux,また
nek,もない
sed,だが
kvankam,けど
plus,プラス
minus,負
cxe,で
kun,共に
per,により
pri,について
pro,ため
sen,なし
sub,下
sur,上
tra,通る
apud,そば
krom,他に
laux,沿って
post,後
inter,間
super,上方
trans,向こう
antaux,前に
ekster,外で
preter,通過
kontraux,対して
malgraux,にもかかわらず
gxi,それ
ili,彼ら
kio,何
oni,人
sxi,彼女
tio,それ
cxio,全て
nenio,何も
tio cxi##,
dis,分散
mal,反
cxef,主
eks,元
mis,誤
pra,原初
dev,するべき
dir,言う
don,与える
est,である
far,する
fin,終わる
hav,持つ
kon,知る
leg,読む
lev,上げる
met,置く
mov,動かす
pet,頼む
pov,できる
rid,笑う
sci,知る
sid,座る
ten,支える
ven,来る
vid,見る
viv,生きる
vol,意志
gxoj,喜ぶ
help,助ける
kred,信じる
lern,学ぶ
logx,住む
mort,死
okaz,起きる
port,運ぶ
pren,取る
sekv,従う
send,送る
star,立つ
dezir,望む
labor,労働
milit,戦う
montr,示す
parol,話す
ricev,受け取る
skrib,書く
sxajn,見える
vetur,行く
demand,質問
komenc,始める
kompren,理解
respond,答える
bat,打つ
fal,落ちる
kri,叫ぶ
kur,走る
las,放す
lum,光
mir,驚く
pag,払う
pas,通る
reg,治める
son,音
tim,恐れる
tir,引く
auxd,聞く
brul,燃焼
dank,感謝
dorm,眠る
ferm,閉める
flug,飛ぶ
halt,止める
jxet,投げる
kant,歌う
kost,値する
mank,欠ける
nask,生む
okup,占有
pens,考える
perd,失う
prem,押す
prov,試す
sent,感じる
turn,回す
acxet,買う
atend,待つ
bezon,要る
kresk,成長
mangx,食べる
memor,覚える
sercx,探す
trink,飲む
konsil,助言
permes,許可
postul,要求
rakont,語る
rigard,見る
rimark,気づく
sxangx,変える
vojagx,旅する
konstru,建造
prezent,出す
renkont,会う
bru,騒ぐ
dub,疑う
lav,洗う
lud,遊ぶ
pen,努める
vek,起こす
vok,呼ぶ
aper,出る
bril,輝く
erar,間違う
fest,祝う
frap,叩く
gajn,勝つ
kapt,捕る
kasx,隠す
kovr,覆う
kuir,調理する
kusx,横たわる
pasx,歩
plor,泣く
romp,壊す
salt,跳ぶ
serv,奉仕
tusx,触れる
vend,売る
zorg,世話
batal,戦う
elekt,選ぶ
esper,希望
koler,怒る
mezur,測る
opini,意見
ordon,命令
plend,不満
ripoz,休む
salut,挨拶
sufer,苦しむ
akcept,受け入れる
forges,忘れる
kalkul,計算
komerc,商売
konduk,導く
pardon,許す
silent,黙る
trancx,切る
konsent,同意
auxskult,聴く
ban,水浴
flu,流れる
kre,創る
mok,嘲る
amuz,楽しむ
cxes,止む
efik,効果
gard,監視
jugx,裁判
klin,傾ける
pend,掛かる
pusx,押す
spir,息する
stud,研究
sxat,好む
tond,刈る
traf,当たる
ating,到着
decid,決定
estim,尊敬
invit,招待
kurac,治す
marsx,行進
placx,気に入る
ripet,繰り返す
sxlos,施錠
sxtel,盗む
vizit,訪問
arangx,整える
ekzist,存在
instru,教える
intenc,意図
kompat,哀れむ
prefer,好む
prepar,準備
promen,散歩
promes,約束
sukces,成功
konserv,保存
bol,沸く
kis,キス
obe,従う
paf,撃つ
pel,追う
pik,刺す
pun,罰する
sav,救助
tus,咳
akir,得る
apog,支える
atak,攻撃
bala,掃く
blov,吹く
cxas,狩る
danc,踊
eduk,教育
evit,避ける
fleg,看護
glit,滑る
gvid,導く
gxen,邪魔
hejt,暖める
hont,恥
imag,想像
imit,模倣
komb,梳く
mend,注文
miks,混ぜる
nagx,泳ぐ
plug,耕す
pres,印刷
soif,渇く
spez,支出
sxir,裂く
trem,震
trov,見つける
venk,勝つ
visx,拭く
volv,巻く
anonc,公表
aprob,賛成
avert,警告
merit,値する
minac,脅す
pentr,描く
posed,持つ
pregx,祈る
rifuz,拒否
rilat,関係
ripar,直す
skrap,削る
sxerc,冗談
tromp,だます
defend,守る
desegn,描く
esting,消す
inform,報告する
kompar,比べる
kondut,行動
konfes,告白
konsci,意識
kultur,育てる
mensog,嘘
rezult,結果
rikolt,収穫
strecx,緊張
sxovel,掘る
akompan,同行
aparten,属する
bedauxr,悔やむ
konsist,構成
organiz,組織する
progres,進歩
respekt,尊敬
riprocx,責める
diferenc,違い
rekomend,推薦
korespond,文通
enu,退屈
fid,信頼
gxu,楽しむ
hak,切る
log,魅了
pek,罪
pes,量る
raz,剃る
dron,溺れる
fajf,口笛
fand,溶かす
farm,耕す
fart,暮らす
frot,擦る
gxem,うめく
krev,裂く
kudr,縫う
mord,噛む
muel,挽く
nutr,養う
odor,臭
rajd,乗る
solv,解決
taks,評価
teks,織る
tent,誘惑
urgx,緊急
babil,おしゃべり
detru,破壊
difin,定義
distr,気散
diven,見抜く
divid,分割
etend,伸ばす
evolu,進化
forgx,鍛える
frand,食べる
grimp,登る
hezit,躊躇
krocx,引っ掛ける
lauxd,称賛
mason,築く
ofert,提供
ornam,飾る
petol,いたずら
songx,夢見る
stern,敷く
supoz,想定
sxirm,守る
sxpar,節約
sxtop,詰める
sxuld,負債
sxvel,膨張
toler,耐える
versx,注ぐ
aspekt,見える
dauxr/ig##,
difekt,損傷
diskut,討議
domagx,惜しむ
ekscit,興奮
ekzerc,訓練
esplor,探求
esprim,表現
konsol,慰める
murmur,呟く
prezid,議長
signif,意味する
skulpt,彫る
traduk,訳す
ekskurs,遠足
ekzamen,調査
komunik,伝える
koncern,関係
konstat,確認
protekt,保護
protest,抗議
renvers,転覆
surpriz,驚かす
konsider,考慮
persekut,迫害
reprezent,代表
bak,焼く
ben,祝福
boj,吠える
bor,穴あけ
ced,譲る
cit,引用
lek,なめる
rab,奪う
rav,魅了
rem,漕ぐ
rev,夢見る
seg,切る
sku,揺す
ted,退屈
teg,覆う
abon,予約
dung,雇う
envi,羨む
flar,嗅ぐ
fond,設立する
frit,揚げる
friz,巻く
gest,ジェスチャー
glad,アイロン
glut,飲む
jxur,誓う
kned,こねる
macx,噛む
melk,搾乳
migr,移動
munt,組立
ofer,捧げる
pent,悔やむ
pruv,証明
pump,吸う
putr,腐る
ramp,這う
risk,危険
ronk,いびき
rost,焼く
sven,気絶
sxov,押す
sxut,撒く
tajl,裁断
tord,ねじる
tren,引く
vari,変わる
velk,枯れる
adici,足す
admir,感嘆
admon,諭す
adopt,養子
akcel,加速
atest,証明
cxerp,汲む
degel,溶ける
deleg,派遣
fleks,曲げる
flirt,翻る
hered,相続
influ,影響
kares,愛撫
medit,瞑想
nauxz,吐き気
osced,欠伸
pasxt,牧する
pauxz,休止
pincx,つまむ
plekt,編む
regal,ごちそう
ribel,反乱
sopir,恋しがる
sorcx,魔法
strik,ストする
sufok,窒息
sving,振る
sxarg,装填
sxmir,塗る
trakt,扱う
tremp,浸す
afrank,貼る
asekur,保険
balanc,揺れる
barakt,もがく
dedicx,捧ぐ
deklar,宣言
destin,予定する
disput,論争
escept,除外
festen,宴会
frakas,砕く
gratul,祝う
ilustr,挿絵
import,輸入
insist,主張
instal,設置
instig,励ます
insult,侮辱
komand,指揮
komisi,委託
konfid,信頼
konfit,砂糖漬け
konfuz,混乱
konkur,競う
kritik,批判
observ,観察
penetr,浸透
perfid,裏切る
proced,進行
raport,報告
reklam,宣伝
rezign,放棄
rezist,抵抗
rifugx,避難
brak/um##,
civiliz,教化
cxagren,苛立つ
de/pend##,
disting,判別
eksplod,爆発
garanti,保証
komplez,親切
kondamn,有罪
konfirm,確認
konjekt,推測
konklud,結論
kontrol,検査
konvink,説得
operaci,手術
plen/um##,
pretend,主張する
suspekt,疑う
turment,虐める
distribu,配る
fanfaron,自慢する
kontrakt,契約する
mastr/um##,
prokrast,延期
administr,管理
el/turn/igx##,
entrepren,企てる
dec,適合
juk,かゆい
lul,揺らす
vad,歩く
vag,彷徨
vet,賭ける
vom,吐く
zum,ブンブン
ador,崇拝
agit,煽る
akuz,告発
alud,示唆
bapt,洗礼
bind,製本
blek,嘶く
bred,飼育
bucx,屠殺
cxif,しわくちゃ
dikt,口述
dres,訓練
ekip,装備
est/ig##,
fast,断食
flat,おだてる
flik,修理
fugx,逃げる
fusx,失敗
garn,強化
grat,掻く
hav/ig##,
izol,孤立
jung,つなぐ
lukt,戦う
mugx,唸る
opon,反対
palp,触る
pekl,漬
pere,滅びる
pli/ig##,
sark,除草
sekc,切断
sorb,吸収
spit,無視
sucx,吸う
svat,仲人
tajp,打つ
tern,くしゃみ
tikl,くすぐる
tint,鳴る
trik,編む
trud,押し付ける
vart,保育
adapt,適応
aplik,応用
asert,断言
asist,助ける
balot,投票
cxe/est##,
delir,錯乱
depon,預ける
deput,代理
enket,調査
eskap,逃げる
falcx,刈る
flagr,揺らめく
for/est##,
grinc,きしる
ignor,無視
impet,突進
incit,怒らす
indik,示す
insid,陥れる
inund,氾濫
kracx,痰吐
liver,供給
menci,言及
modif,修正
ofend,侮辱
rezon,推論
rivel,明かす
start,始める
susur,さらさら
sxpin,紡ぐ
trejn,訓練
vengx,復讐
abstin,禁欲
aflikt,悩ます
altern,交互
balbut,どもる
cirkul,循環
dejxor,当直
denunc,告発
de/ten##,
dev/ont/ig##,
digest,消化
dispon,使う
dorlot,甘やかす
eksped,発送
el/don##,
establ,設立
flustr,囁く
grimac,しかめる
grumbl,不平
implik,絡める
indign,憤る
indulg,容赦
infekt,感染
injekt,注射
inspir,感動
invent,発明
klopod,努力
kolizi,衝突
kombin,組む
kompon,構成
konsum,消費
korekt,訂正
lubrik,注油
manovr,演習
plongx,飛び込む
preleg,講演
propon,提案
provok,挑発
recenz,批評
redakt,編集
redukt,縮小
revizi,校閲
sxpruc,噴出
aplauxd,拍手
blasfem,冒涜
bon/vol##,
brokant,古物商
eksport,輸出
ekzekut,処刑
gust/um##,
iniciat,開始する
kalumni,中傷
kompens,補償
komplik,複雑にする
kontest,異議
manipul,操作
neglekt,無視
persist,続ける
prononc,発音
prosper,繁栄
reflekt,反射
re/form##,
subtrah,引く
sxancel,揺らす
televid,テレビ
determin,決定する
ekspluat,搾取
koncentr,集中
mistifik,欺く
preskrib,処方
revoluci,革命
riverenc,お辞儀
interpret,通訳
kompromit,危険
multiplik,掛ける
propagand,宣伝
konversaci,会話
interpelaci,質問
erp,耕す
kov,抱く
lut,はんだ付け
pep,鳴く
tan,鞣す
agac,不快
brod,刺繍
brog,熱湯
cxiz,彫る
edif,教化
fajl,やすり
krak,ぱちぱち
kroz,巡航
pist,粉砕
rasp,削る
rast,かく
rigl,施錠
rukt,げっぷ
sibl,シュー音
skiz,スケッチ
sput,吐く
steb,縫う
stuk,塗る
sxim,かび
torn,削る
trot,速歩
urin,尿する
varb,募集
adult,不倫
afekt,装う
akusx,出産
arest,逮捕
asign,割当
atenc,害する
drasx,脱穀する
drink,飲む
ekzil,追放
filtr,濾過
infuz,注ぐ
kribr,ふるう
parad,行進
rabot,かんな
rafin,精製
satur,飽和
siegx,包囲
skerm,剣術
strab,斜視
sxmac,キス
uzurp,奪う
veget,植生
border,縁取る
cxikan,けち
degrad,降格
dibocx,放蕩
distil,蒸留
drapir,覆う
gargar,うがい
gravur,彫る
guvern,育てる
ilumin,照らす
inokul,接種
intrig,陰謀
jxongl,手品
kartav,喉音
kontuz,打撲
likvid,清算
makler,仲買
plauxd,ばしゃり
predik,説教
rembur,詰める
ventol,換気
decxifr,解読
degener,退化
diskont,割引
ferment,発酵
kalfatr,コーキン
kolport,行商
kompost,植字
konspir,陰謀
konvert,改宗
paraliz,麻痺
proklam,布告
singult,しゃっくり
cxarpent,大工
hipokrit,偽善者
intermit,中断
konstern,驚かす
marcxand,値切る
kapitulac,降伏
kauxteriz,焼灼
komentari,コメント
koment,注釈
poz,ポーズ
vak,空
boks,ボクシング
gxir,振替
kirl,かき混ぜる
klak,カチカチ
kluk,鳴く
knar,きしる
murd,殺す
pled,弁護
sond,探査
tatu,刺青
abdik,退位
abort,中絶
agoni,苦悶
aklam,歓呼
amput,切断
aneks,併合
aspir,熱望
deriv,派生
feder,連合
impon,威圧
invad,侵入
kauxr,しゃがむ
klacx,悪口
klisx,陳腐
kotiz,払う
marin,漬ける
miaux,ニャア
modul,転調
refut,反論
rikan,嘲笑する
streb,努める
svarm,群れる
sxveb,浮く
absorb,夢中
akapar,買占める
analiz,分析
asimil,同化
asperg,水やり
atribu,割当
auxgur,占う
bojkot,拒否
cenzur,検閲
dedukt,推論
deklam,朗読
dekolt,襟
indukt,帰納
kompil,編む
konced,認める
konker,征服
korupt,買収
kverel,けんか
lament,嘆く
narkot,麻酔
stimul,励ます
strigl,馬櫛
sxrump,しぼむ
amortiz,償却する
anticip,予測
apelaci,訴訟
bankrot,破産
bombard,砲撃
emancip,解放
inspekt,査察
katekiz,教理
koincid,一致
konfisk,没収
konsekr,聖別
konsult,相談
legitim,証明
mobiliz,動員
pilgrim,巡礼者
improviz,即興
inauxgur,式典
karambol,キャノン
katehxiz,教理
klasifik,分類
kontribu,貢献
litograf,石版印刷
prostitu,売春
centraliz,集中
stenograf,速記
ekskomunik,破門
karakteriz,特徴付ける
ajx,物
ant,能動分詞
ebl,可能
igx,なる
ind,価値
int,済
ism,主義
ist,者
obl,倍
ont,能動
estr,長
acx,粗悪
cxj##,
end,要
ing,鞘
ajn,何でも
cxi##,
ecx##,
for,離れる
iam,時
iom,少し
jam,もう
jen,ここ
jes,はい
kie,どこ
mem,自分
nun,今
nur,だけ
pli,もっと
plu,さらに
tie,そこ
tre,とても
tro,過度
tuj,すぐ
cxie,至る所
jxus,今
kiam,いつ
plej,最
tial,だから
tiam,その時
tiel,そう
tiom,そんなに
cxiam,常に
nenie,どこにもない
ankaux,も
neniam,決して
baldaux,すぐ
hieraux,昨日
hodiaux,今日
morgaux,明日
tie cxi##,
almenaux,少なくとも
ankoraux,まだ
preskaux,ほぼ
tiel cxi##,
oft,頻繁
ial,理由で
iel,何とか
volont,自発
des,ますます
neniom,全くない
cxial,すべての理由で
cxiom,全て
ia/foj##,
nenial,理由なし
neniel,全然
parker,覚える
foj,回数
hom,人
jar,年
kap,頭
kor,心
lok,所
man,手
nom,名
tag,日
ter,地
vir,男
voj,道
afer,事
amik,友人
form,形状
kamp,野
land,国
mond,世界
naci,国
patr,父
temp,時
vort,語
flank,側面
infan,子供
patr/in##,
cxambr,部屋
sinjor,紳士
akv,水
arb,木
art,アート
dom,家
edz,夫
fil,息子
har,髪
hor,時
lit,ベッド
mar,海
mon,金
mur,壁
pac,平和
pec,片
sun,日
urb,市
bild,画像
bird,鳥
busx,バス
frat,兄
hejm,家
knab,少年
kort,中庭
libr,本
mont,山
okul,目
part,部
pied,足
pord,ドア
rajt,権利
tabl,テーブル
vent,風
vest,衣服
fingr,指
frukt,果
kolor,色
leter,手紙
lingv,言語
maten,朝
popol,民衆
punkt,点
rimed,方法
valor,価値
cxeval,馬
famili,家族
frauxl,独身男
person,人
semajn,週
vesper,夕方
vizagx,顔
fenestr,窓
aer,空気
agx,年齢
cel,目標
fer,鉄
ide,概念
kat,猫
kol,首
mez,中央
naz,鼻
nub,雲
ord,順
pan,パン
roz,バラ
best,動物
bord,岸
brak,腕
dent,歯
fajr,火
fisx,魚
flor,花
glas,グラス
hund,犬
korp,体
lakt,ミルク
lign,木
lini,線
mark,印
negx,雪
nokt,夜
onkl,叔父
orel,耳
plum,ペン
pluv,雨
rond,円
sang,血
segx,椅子
spec,種
stat,状態
supr,上
sxip,船
vitr,ガラス
angul,角
dauxr,続く
dolor,痛み
gazet,雑誌
kauxz,原因
kutim,慣れ
minut,分
monat,月
natur,自然
nombr,数
paper,紙
plank,床
river,川
somer,夏
staci,駅
strat,通り
suker,砂糖
sxton,石
vagon,車両
veter,天気
vintr,冬
auxtun,秋
cxapel,帽子
direkt,指示
kolekt,収集
moment,瞬間
plezur,喜び
vilagx,村
ekzempl,例
gxarden,庭園
histori,歴史
printemp,春
bov,牛
ink,インク
kaf,コーヒー
kok,鶏
kuk,ケーキ
kuz,従兄弟
lag,湖
lim,限界
lun,月
maj,５月
pak,包
sak,袋
sum,合計
tru,穴
vin,ワイン
anim,魂
azen,ロバ
benk,ベンチ
dors,背
foli,葉
font,源
fund,底
genu,ひざ
gren,穀物
grup,グループ
herb,草
juli,７月
juni,６月
kart,カード
klas,クラス
korb,かご
kruc,十字
krur,脛
lang,言語
legx,法
lund,月曜
mard,火曜
mart,三月
ofic,職務
ombr,影
pagx,ページ
pork,豚
posx,ポケ
radi,線
regx,王
senc,意味
stel,星
sxaf,羊
verk,執筆
vocx,声
adres,住所
april,４月
brust,胸
buter,バター
donac,贈り物
glaci,氷
kuler,さじ
mastr,主
muzik,音楽
numer,数
posxt,郵便
prunt,貸す
sabat,土曜
sxtat,国
sxtup,段
teler,皿
terur,怖い
vapor,蒸気
insekt,虫
januar,１月
jxauxd,木曜
kovert,封筒
krajon,ペンシル
manier,方法
objekt,物
oktobr,１０月
plafon,天井
region,地域
religi,宗教
spirit,魂
argxent,銀
dangxer,危ない
decembr,１２月
dimancx,日曜
februar,２月
horlogx,時計
merkred,水曜
novembr,１１月
produkt,生産
vendred,金曜
septembr,９月
bar,障害
bek,くち
fak,専攻
fum,煙
gas,ガス
gut,滴
jak,スーツ
kel,地下
kuv,桶
lip,唇
nep,孫
nev,甥
not,メモ
ole,油
ond,波
ost,骨
par,ペア
pom,リンゴ
pot,壺
rad,輪
ret,ネット
sal,塩
sap,石鹸
sem,種
sud,南
sup,スープ
sxu,靴
tas,茶碗
tol,麻
tuk,布
ung,爪
val,谷
vic,列
barb,ひげ
bros,ブラシ
fakt,事実
flag,旗
fork,フォーク
forn,炉
gast,客
gras,脂肪
kapr,ヤギ
karb,炭
kest,箱
korn,角
krim,犯罪
lamp,灯
mebl,家具
mien,顔
musx,ハエ
nord,北
past,ペースト
pilk,ボール
pint,頂点
polv,埃
pont,橋
prez,値段
rand,縁
regn,国
seri,連続
sign,記号
sort,運
spic,スパイス
vang,頬
vost,尾
vund,傷
botel,瓶
buton,ボタン
cifer,数
faden,糸
frunt,額
hauxt,皮膚
honor,栄誉
insul,島
kajer,メモ
kamen,炉
legom,菜
liter,字
metal,金属
pingl,ピン
polic,警察
polur,磨く
premi,賞
regul,ルール
sezon,季
sxanc,チャンス
sxnur,ロープ
tabul,板
viand,肉
baston,棒
brancx,枝
cxemiz,シャツ
doktor,医師
kravat,ネクタイ
lecion,授業
masxin,機械
milion,百万
najbar,隣人
parenc,親戚
publik,公共
scienc,科学
sekret,秘密
skatol,箱
soldat,兵士
spegul,鏡
sxargx,荷
sxrank,棚
tualet,服装
cxapitr,章
fromagx,チーズ
kondicx,条件
praktik,実践
serpent,蛇
sxtrump,靴下
tegment,屋根
telefon,電話
industri,工業
kilogram,キロ
okcident,西
pantalon,ズボン
abi,モミ
agl,鷲
ber,果実
bot,ブーツ
bul,球
dat,日付
glu,のり
jup,スカート
kav,穴
lan,羊毛
led,革
mod,流行
mor,習慣
pin,松
pip,管
piz,豆
put,井
rel,レール
riz,米
rok,岩
suk,ジュース
tem,題目
tub,管
tur,塔
vat,ワタ
vaz,器
zon,ベルト
arme,軍
bank,銀行
bien,土地
bier,ビール
bret,棚
brik,レンガ
cikl,周期
cxap,帽子
drat,ワイヤー
epok,時代
fask,束
feri,休み
film,映画
flam,火
flos,筏
fojn,干草
fulm,雷
glob,球
grad,度
gust,味
kadr,枠
krem,クリーム
kurb,曲
kurs,コース
larm,涙
leon,ライオン
litr,リットル
luks,贅沢
meti,作る
metr,メートル
najl,釘
nest,巣
pajl,藁
plac,広場
plad,皿
plan,計画
poet,詩人
pugn,拳
ring,リング
sabl,砂
scen,舞台
skal,スケール
soci,社交
spac,空
stal,厩舎
task,タスク
tomb,墓
verm,虫
vers,詩句
viol,スミレ
agord,調整
balon,風船
bilet,券
burgx,ブルジョ
centr,中央
etagx,階
farun,粉
figur,姿
frost,霜
gorgx,喉
grund,地
haven,港
hotel,宿泊施設
humor,気分
karot,ニンジン
katar,炎症
kling,刃
koton,綿
kvant,量
lepor,野兎
makul,汚点
manik,袖
membr,メンバー
mizer,悲惨
nebul,霧
organ,器官
parti,党派
pastr,牧師
radik,根
serur,鍵
solid,固体
sonor,音
strek,線
sxvit,汗
tabak,タバコ
tabel,表
titol,タイトル
tondr,雷鳴
valiz,かばん
ventr,腹
alumet,マッチ
aparat,機器
brasik,キャベツ
citron,シトロン
cxifon,ぼろ
dekliv,斜面
dezert,砂漠
elektr,電気
energi,エネ
fiancx,婚約者
hirund,ツバメ
kelner,ウェイター
kvalit,質
majstr,名匠
mantel,マント
martel,ハンマー
matrac,マット
menton,顎
orangx,オレンジ
origin,起点
potenc,力
salajr,給与
sekund,秒
societ,社会
stomak,胃
sxultr,肩
tapisx,カーペット
tritik,小麦
aventur,冒険
cigared,タバコ
distanc,距離
embaras,困惑
kamarad,友人
kaserol,鍋
komitat,委員会
kongres,大会
kvadrat,正方形
magazen,倉庫
pasport,パスポート
politik,政治
registr,登録
ter/pom##,
akcident,事故
auxtobus,バス
auxtomat,自動
cxokolad,チョコ
direktor,監督
instinkt,本能
karakter,性格
kauxcxuk,ゴム
material,素材
standard,旗
telegraf,電信
restoraci,レストラン
ark,アーチ
baz,基
beb,赤ちゃん
bub,悪童
bud,小屋
fel,毛
hok,フック
huf,蹄
jur,法
kas,金庫
kin,映画
kom,カンマ
kot,泥
lup,狼
mam,乳房
map,地図
min,鉱山
mus,ネズミ
net,清書
nod,結び
orf,孤児
ort,直角
pat,鍋
pil,電池
pir,梨
pup,人形
rat,ネズミ
rip,肋
rob,ローブ
tip,先端
ton,音
urs,熊
var,商品
vel,帆
vit,葡萄
abel,蜂
auxt,車
bluz,ブラウス
boat,船
brov,眉
cerb,脳
cxek,小切手
cxen,鎖
disk,円
dram,劇
drap,ラシャ
dusx,シャワー
ezok,カワカマス
farb,絵具
febr,熱
fend,割れ
foir,市場
fost,柱
frag,イチゴ
fulg,すす
funt,ポンド
gant,手袋
geni,天才
glor,栄誉
golf,ゴルフ
hajl,雹
hero,ヒーロー
kemi,化学
kord,弦
kork,コルク
krad,格子
kran,蛇口
kret,チョーク
kriz,危機
kron,王冠
kugl,弾
kupr,銅
lift,リフト
list,リスト
mast,帆柱
nadl,針
nerv,神経
oliv,オリーブ
park,公園
pasi,情熱
pask,復活祭
pelt,毛皮
plet,盆
poem,詩
proz,散文
pulm,肺
pulv,火薬
rang,位
revu,雑誌
ritm,リズム
seks,性
sens,感覚
silk,シルク
simi,猿
sojl,敷居
stil,様式
stri,線
sxel,殻
tend,テント
verb,動詞
verg,枝
vert,頂
vidv,未亡人
virt,美徳
vual,ベール
vulp,狐
afisx,ポスター
album,アルバム
almoz,施物
arane,クモ
asoci,協会
avenu,街路
aviad/il##,
barel,たる
bazar,市場
betul,白樺
brems,制動
butik,店
detal,詳細
diabl,悪魔
emoci,感情
enigm,謎
esenc,本質
fauxk,口
fizik,物理
framb,フランボ
grajn,粒
hxemi,化学
ideal,理想
juvel,宝飾品
katen,足枷
kitel,スモック
krucx,水差し
krust,皮
kubut,肘
kukol,カッコウ
kverk,樫
lamen,薄片
marcx,沼
metod,手法
model,モデル
motor,エンジン
nivel,レベル
palac,宮殿
panj,ママ
penik,筆
piocx,つるはし
plumb,鉛
poezi,詩
salon,部屋
sauxc,ソース
sitel,バケツ
sklav,奴隷
sport,運動
stamp,印
stang,棒
stump,切株
sxtal,鋼
sxtof,布
teatr,劇場
teori,理論
teren,土地
trajn,列車
trajt,顔立ち
trunk,幹
venen,毒
vesxt,ベスト
abomen,嫌う
angxel,天使
animal,動物
apetit,食欲
apotek,薬局
benzin,ガソリン
bicikl,自転車
bombon,飴
cement,セメント
cxeriz,さくらんぼ
desert,デザート
fabrik,工場
financ,金融
funebr,葬
funkci,動作
garagx,車庫
imperi,帝
impost,税
impres,印象
kalkan,踵
kalson,ズボン
kamion,トラック
kandel,蝋燭
kanzon,歌
kastel,城
klient,客
kol/um##,
kurten,幕
mandat,委任
mister,謎
moskit,蚊
muskol,筋肉
ombrel,傘
pacxj,パパ
parfum,香り
patron,後援者
petrol,石油
posten,ポスト
pozici,位置
proces,訴訟
profit,利得
proviz,保存
pulvor,粉
recept,レシピ
rekord,記録
rezerv,予約
signal,信号
sistem,システム
surfac,表面
sxofor,運転手
tajlor,仕立屋
trezor,宝
trikot,編み物
vakcin,ワクチン
advokat,弁護士
alkohol,アルコール
ampleks,範囲
brosxur,小冊子
bulvard,大通り
deficit,赤字
ekonomi,経済
elefant,象
jxurnal,新聞
kabinet,内閣
kapital,資本
koncert,コンサート
krepusk,薄明
kvartal,地区
miliard,十億
pejzagx,景色
problem,問題
profesi,職業
simpati,共感
student,学生
sxrauxb,ねじ
tempest,嵐
traktor,トラクター
tri/angul##,
trotuar,歩道
adjektiv,形容詞
dekoraci,飾る
ekvilibr,均衡
esperant,エス語
hospital,病院
intelekt,知能
kalendar,暦
kilometr,キロメートル
komision,委員会
mehxanik,機械
milimetr,ミリ
original,原作
pretekst,言い訳
struktur,構造
telegram,電報
tribunal,裁判所
bibliotek,図書館
fundament,基盤
ingxenier,技師
konferenc,会議
konscienc,良心
literatur,文芸
mehxanism,機構
rekompenc,報酬
respublik,共和国
sekretari,秘書
apartament,アパート
auxtomobil,車
auxtoritat,権威
instrument,道具
medikament,薬
temperatur,温度
cirkonstanc,状況
eksperiment,実験
mal/varm/um##,
ajl,にんにく
akn,にきび
aks,軸
akt,幕
ale,並木
alg,藻
apr,猪
azi,アジア
bal,舞踏
bet,ビート
buk,留め具
cep,玉ねぎ
cir,靴磨き
dot,持参金
ehx,反響
fab,ソラマメ
fac,簡単
fag,ブナ
fig,イチジク
gal,胆汁
gru,鶴
gum,ゴム
hal,ホール
jug,軛
kal,たこ
kaz,格
kub,立方体
lad,ブリキ
lak,ラッカー
lap,ゴボウ
lin,リネン
lot,くじ
luk,天窓
mas,塊
mat,マット
nuk,うなじ
pap,法王
pav,孔雀
pig,カササギ
pus,膿
ran,蛙
ren,腎
rib,スグリ
rim,韻
rol,役
ros,露
sag,矢
sin,自己
ski,スキー
sof,ソファ
tig,茎
tuf,房
tun,トン
vip,ムチ
akci,株
atom,原子
aven,オートムギ
bant,リボン
bark,ボート
bask,裾
bend,曲げ
blok,ブロック
bors,証券所
bovl,ボウル
brid,手綱
brut,家畜
bukl,巻毛
bulb,球根
bulk,パン
cerv,鹿
cign,白鳥
cxel,細胞
dand,伊達
diet,ダイエット
dorn,トゲ
etap,段階
etat,明細
fecx,澱
felt,フェルト
frak,燕尾服
fraz,文
fung,キノコ
garb,束
gent,民族
glav,剣
gobi,ゴビ
gram,グラム
greg,群れ
grip,インフル
grot,洞窟
gudr,タール
gxib,腫れ
hegx,垣
himn,賛美歌
hxor,合唱
kacx,粥
kagx,鳥籠
kaka,ココア
kakt,サボテン
karn,肉
karp,鯉
kejl,釘
kern,核
klub,クラブ
korv,カラス
kosm,宇宙
kult,礼拝
lacx,疲れ
lard,ラード
larv,幼虫
lice,高校
likv,液
lili,ユリ
maiz,トウモロコシ
malv,ゼニアオイ
mens,心
menu,メニュー
miel,蜂蜜
musk,苔
muze,美術館
nuks,クルミ
oper,オペラ
oval,楕円
palm,ヤシ
palt,コート
pane,停止
perl,真珠
pian,ピアノ
pice,モミ
pipr,こしょう
plag,罰
prun,プラム
pudr,白粉
punt,レース
raci,理性
rent,賃料
ruin,廃墟
rust,さび
situ,位置
sled,そり
sorg,ソルガム
spik,穂
spur,跡
stan,錫
sulk,畝
takt,拍
tali,胴
tigr,虎
tort,タルト
tram,路面電車
trup,団
vaks,蝋
vejn,静脈
vesp,蜂
vind,おむつ
zink,亜鉛
afrik,アフリカ
agent,代理
akord,調和
akrid,バッタ
aktor,役者
alarm,警報
ampol,アンプル
angil,ウナギ
anser,ガチョウ
artik,関節
bacil,バチルス
bambu,竹
banan,バナナ
brand,酒
bronz,青銅
buked,ブーケ
cigar,シガー
cikad,セミ
cinam,シナモン
cindr,灰
cirkl,円
civit,市民
cxerk,棺
debet,負債
diant,カーネーション
dogan,関税
efekt,効果
ekran,画面
emajl,エナメル
event,出来事
fabel,おとぎ話
fasad,正面
fason,仕立て
fluid,液体
fotel,椅子
front,前
funel,漏斗
gxerm,芽
hepat,肝臓
horde,大麦
infer,地獄
ironi,皮肉
kaban,小屋
kahel,タイル
kajut,船室
kamel,ラクダ
kanal,運河
kankr,ザリガニ
karaf,カラフ
kokos,ココナッツ
krani,頭蓋
krest,鶏冠
kukum,キュウリ
kupon,クーポン
kusen,クッション
latun,黄銅
lauxb,亭
lekci,講義
lesiv,洗剤（せんざい）
limak,ナメクジ
logik,論理
lotus,蓮
melon,メロン
moral,倫理
muzel,鼻先
nilon,ナイロン
ocean,海洋
palat,口蓋
palis,杭
papag,オウム
paser,雀
pensi,考える
peron,階段
pilot,操縦士
pland,足裏
plast,プラ
porci,取り分
princ,王子
pupil,瞳
rabat,割引
rafan,大根
rauxp,幼虫
resum,概要
rimen,ベルト
roman,小説
salat,サラダ
salik,柳
satir,風刺
sciur,リス
sekal,ライ麦
sekci,切る
senat,上院
split,薄片
spong,スポンジ
stadi,段階
statu,像
sterk,肥料
strig,梟
strut,ダチョウ
sxink,ハム
sxtip,木片
tapet,壁紙
tarif,料金表
tegol,瓦
tekst,テキスト
teras,テラス
tomat,トマト
tuber,こぶ
tunel,トンネル
velur,ビロード
veruk,いぼ
vezik,嚢
volum,巻
adverb,副詞
akcent,強調
alauxd,ヒバリ
amator,素人
amerik,アメリカ
arteri,動脈
asfalt,舗装
auxtor,著者
barbir,理容師
bugxet,予算
bulten,会報
cikatr,瘢痕
cikoni,コウノトリ
cirkel,円
daktil,ナツメヤシ
dialog,対話
ego/ist##,
eklezi,教会
emerit,退職者
euxrop,ヨーロッパ
fajenc,陶器
fazeol,インゲン
fontan,噴水
formik,蟻
formul,式
fripon,詐欺師
furagx,飼料
galosx,長靴
gvardi,護衛
gxemel,双子
hangar,格納庫
haring,ニシン
hazard,危険
hektar,ヘクタール
herold,伝令
higien,衛生
impuls,衝動
insign,バッジ
intest,腸
jubile,祝祭
karton,ボール紙
kasked,帽子
kavern,洞穴
kirurg,外科医
klimat,気候
klinik,クリニック
kolegi,大学
kolomb,鳩
kolumn,欄
komedi,コメディ
konsul,領事
konval,スズラン
kornik,コガネムシ
kostum,衣装
kredit,信用
kukurb,カボチャ
kunikl,ウサギ
kurent,電流
lacert,トカゲ
licenc,許可
maleol,足首
materi,物質
mirtel,ミルト
monstr,怪物
oficir,士官
orator,演説者
papili,蝶
pendol,振り子
period,周期
persik,桃
pionir,先駆者
planed,惑星
platan,プラタナス
plural,複数
profet,預言者
prolet,労働者
pronom,代名詞
reakci,反応
regxim,政体
rivolu,回転
ruband,リボン
skorpi,サソリ
spinac,ホウレンソウ
stamen,雄しべ
statur,高さ
surtut,コート
sxakal,ジャッカル
sxauxm,泡
teknik,技術
testud,亀
torent,急流
trafik,交通
tumult,騒ぎ
turism,観光
turist,観光者
vertic,頂点
viktim,犠牲
violon,バイオリン
vulkan,火山
vultur,禿鷹
abrikot,杏
akademi,学会
alfabet,文字
alumini,アルミ
ambasad,大使
anekdot,エピソード
apertur,開口
apostol,使徒
asemble,会議
bagatel,些事
bakteri,細菌
bandagx,包帯
bifstek,ステーキ
budgxet,予算
burgxon,芽
central,中央
cirkvit,回路
cxar/um##,
dimensi,次元
ekvator,赤道
element,素
epidemi,疫病
fantazi,空想
fenomen,現象
gelaten,ゼラチン
general,将軍
girland,花飾
harmoni,調和
instanc,審級
invalid,無効
kaldron,釜
kasxtan,クリ
katalog,目録
kirurgi,外科
kolonel,大佐
komisar,委員
kompani,会社
koncept,概念
konkord,一致
konkurs,競技
koridor,通路
kristal,水晶
lantern,提灯
latitud,緯度
medicin,医療
mineral,鉱物
minimum,最小
ministr,大臣
obstakl,障害物
orkestr,オケ
pacifik,太平洋
palpebr,まぶた
pantofl,スリッパ
paradiz,天国
paralel,平行
plastik,プラスチック
portret,肖像
princip,原則
program,プログラム
projekt,計画
proverb,ことわざ
provinc,州
rendevu,約束
sin/ten##,
situaci,状況
stadion,スタジアム
subjekt,主語
tehxnik,技術
tendenc,傾向
tinktur,染料
tradici,伝統
tragedi,悲劇
traktat,条約
trumpet,トランペット
uniform,ユニフォーム
vegetal,植物
viadukt,陸橋
volumen,体積
zoologi,動物学
atlantik,大西洋
avantagx,有利
bracelet,ブレスレット
cirkuler,回覧
dokument,書類
federaci,連邦
generaci,世代
geografi,地理
gramatik,文法
gxendarm,憲兵
horizont,地平線
individu,個人
kandidat,候補
karnaval,カーニバル
kategori,分類
komun/um##,
krokodil,クロコ
longitud,経度
maksimum,最大
marmelad,ジャム
monument,碑
parasxut,パラシュート
pasagxer,客
pland/um##,
porcelan,陶器
procent,百分
profesor,教授
radiator,ラジエーター
regiment,連隊
rekt/angul##,
sandvicx,サンド
sindikat,組合
singular,単数
specimen,標本
spektakl,ショー
substanc,物質
teritori,領土
vertikal,垂直
ambasador,大使
auxstrali,豪州
centimetr,センチ
ekspozici,展示
inspektor,検査官
kalkan/um##,
konfidenc,秘密話
lokomotiv,機関車
matematik,数学
metalurgi,冶金
ministeri,省
najtingal,ナイチンゲール
ortografi,正書法
parlament,議会
proletari,労働者
propozici,提案
psikologi,心理学
suplement,追加
termometr,温度計
elektronik,電子
helikopter,ヘリコプター
horizontal,水平
komplement,補語
konsekvenc,結果
konstituci,憲法
laboratori,研究所
leuxtenant,中尉
mediterane,地中海
substantiv,名詞
universitat,大学
s-ro##,
s-ino##,
sinjor/in##,
alk,鹿
aln,ハンノキ
ann,アンナ
bed,ベッド
boa,大蛇
buf,ヒキガエル
cim,虫
col,インチ
dam,貴婦人
dig,掘
duk,公爵
fav,水虫
fok,アザラシ
fut,フィート
gad,タラ
gam,音階
gri,麦
guf,フクロウ
huz,チョウザメ
kan,植
ken,樹脂
ker,ハート
kil,竜骨
kuf,頭巾
kul,蚊
kup,吸玉
laf,溶岩
lir,行く
lod,ロッド
lol,毒麦
mac,マッツォ
mel,狸
mes,ミサ
mev,カモメ
muf,マフラー
muk,粘液
mul,ラバ
nap,カブ
peg,キツツキ
pol,ポーランド人
pul,ノミ
rap,大根
rif,礁
rod,港
rot,中隊
rub,瓦
rum,ラム
rus,ロシア人
seb,獣脂
sel,鞍
tez,命題
tul,チュール
ulm,ニレ
uln,尺骨
unc,オンス
urn,壺
vil,絨毛
abat,院長
acer,楓
akar,ダニ
alte,高い
alun,明礬
amel,糊
anas,アヒル
angl,英人
aniz,アニス
ankr,錨
arcx,弓
arde,鷺
aren,闘技場
atut,切り札
avel,ヘーゼルナッツ
aviz,通知
azot,窒素
bast,樹皮
bert,ベルタ
blat,ゴキブリ
bram,鯛
bran,ぬか
burd,蜂
cedr,杉
citr,シトロン
cxam,カモシカ
cxan,撃鉄
dogm,教義
drak,ドラゴン
drog,薬
ebon,黒檀
eter,エーテル
fabl,寓話
falk,鷹
fibr,繊維
flan,プリン
flok,羽片
flut,フルート
fraj,卵
ftiz,結核
gajl,五倍子
gips,ギプス
glan,どんぐり
glim,雲母
graf,伯
gril,コオロギ
gros,グースベリー
gurd,オルガン
ibis,トキ
idol,偶像
kalk,石灰
kand,氷糖
kard,アザミ
karo,ダイヤ
kask,ヘルメット
kaze,凝乳
kegl,ピン
klap,弁
klav,キー
kluz,水門
kojn,楔
koks,腰
konk,貝
kren,クレソン
krep,クレープ
krop,そのう
krup,クループ
lake,従者
laks,下痢
legi,読む
lent,レンズ豆
lepr,ハンセン病
lian,蔓
lien,脾臓
link,オオヤマネコ
liut,リュート
lojt,カワメンタイ
lorn,望遠
lumb,腰
lutr,カワウソ
magi,魔法
mana,マナ
mari,マリ
mask,マスク
masx,編み
mecx,芯
mejl,マイル
ment,ミント
merl,クロウタドリ
mesi,救世主
mili,キビ
mirh,没薬
mirt,ミルタ
misi,任務
mops,パグ
most,ジュース
nicx,壁
omar,ロブスター
opal,オパール
ostr,牡蠣
paru,シジュウガラ
pecx,ピッチ
pelv,骨盤
perk,パーチ
pest,ペスト
petr,ペテロ
pini,松
pips,鳥病
plik,病
plot,プロット
popl,ポプラ
pram,渡船
sakr,仙
salm,サケ
sepi,イカ
sofi,ソフィ
sorp,ナナカマド
spat,デイ石
spin,脊椎
stab,幕僚
step,草原
stip,茎
stof,布
stup,麻屑
sxak,チェス
sxal,ショール
sxam,セーム
taft,タフタ
talp,モグラ
tetr,雷鳥
tibi,脛骨
tili,菩提樹
tine,シミ
torf,泥炭
trab,梁
tref,クラブ
tril,トリル
trip,内臓
trog,飼槽
tron,王座
truf,松露
trul,こて
trut,鱒
turd,ツグミ
turk,トルコ
turt,鳩
uter,子宮
uxat,ワット
vafl,ワッフル
vals,ワルツ
vekt,棒
zebr,シマウマ
altar,祭壇
ambos,金床
anton,アントン
ardez,粘岩
argil,粘土
aspid,コブラ
balen,鯨
barcx,ボルシチ
boben,コイル
brank,えら
bubal,水牛
bufed,ビュッフェ
cejan,矢車菊
dativ,与格
datur,ダチュラ
demon,悪魔
denar,銀貨
deviz,座右の銘
domen,ドミノ
embri,胎児
emili,エミリ
ermen,エゾイタチ
ermit,隠者
facet,面
fazan,キジ
femur,大腿
filik,シダ
flegm,冷静
fokus,焦点
franc,仏人
frank,フラン
fring,アトリ
galon,縁取り
gazel,ガゼル
genot,ジェネット
georg,ジョルジュ
gitar,ギター
gland,腺
grosx,グロシェン
hebre,ヘブライ
heder,ツタ
herez,異端
herni,ヘルニア
hirud,ヒル
hosti,ホスト
husar,軽騎兵
hxaos,混乱
idili,田園詩
johan,ヨハン
jozef,ヨセフ
kalik,聖杯
kambi,手形
kamer,カメラ
kanab,麻
kanap,ソファ
kapel,礼拝堂
kapon,去勢鶏
kapor,カポック
kapot,コート
karas,鯉
karob,キャロブ
katun,綿布
kerub,ケルブ
kiras,装甲
klaft,尋
klosx,鐘形
koaks,コークス
koleg,同僚
kolon,柱
komiz,店員
komod,タンス
konus,円錐
kopek,コペイカ
koran,コーラン
kramp,クランプ
kring,プレッツェル
krisp,ひだ
krist,キリスト
kupol,ドーム
kvarc,石英
kvart,四度
lanug,産毛
lauxr,月桂
libel,トンボ
liken,地衣
livre,制服
logxi,住む
lupol,ホップ
lustr,シャンデリア
luter,ルター
medal,メダル
meriz,野桜
moned,コクマル
morus,桑実
mosxt,閣下
negoc,商取引
nobel,貴族
novic,修練者
nuanc,微妙
oblat,薬用紙
okzal,スイバ
orden,勲
orgen,オルガン
pagxi,小姓
papav,ケシ
pariz,パリ
pauxl,パウロ
pavim,舗装
pedik,シラミ
percx,魚
piked,哨所
pilol,錠剤
pirit,黄鉄
pirol,ウソ
piroz,胸焼け
pisxt,ピストン
plusx,プラス
poent,点
pokal,杯
polus,極
potas,灰
prujn,霜
pudel,プードル
pumik,軽石
puncx,ポン酢
putor,スカンク
raben,ラビ
rapir,レイピア
regol,キクイタダキ
rezin,樹脂
rostr,鼻
ruben,ルビー
safir,サファイア
salvi,セージ
sigel,封印
silab,音節
silik,ケイ石
silur,ナマズ
silvi,シルビ
sirop,シロップ
skabi,疥癬
skadr,隊
skarp,スカーフ
skvam,鱗
sorik,トガリネズミ
spion,スパイ
spron,拍車
stabl,台
sturg,チョウザメ
sturn,ムクドリ
sxalm,笛
sxark,サメ
sxelk,サスペンダー
sxild,盾
sxind,板
sxlim,泥
taban,アブ
tavol,層
tempi,こめ
tetan,破傷風
tetra,雷鳥
timon,舵
topaz,トパーズ
torcx,松明
tromb,竜巻
tulip,チューリップ
ulcer,潰瘍
urtik,イラクサ
vanil,バニラ
vasal,家臣
velen,羊皮紙
verst,ベルスタ
vezir,大臣
vipur,マムシ
vokal,母音
zenit,天頂
zibel,黒テン
zizel,リス
absces,膿疱
absint,ニガヨモギ
alcion,カワセミ
amfibi,両生類
ananas,パイン
artrit,関節炎
atripl,ハマアカザ
berlin,ベルリン
bismut,ビスマス
boraks,ホウ砂
buljon,ブイヨン
bulonj,ブローニュ
busxel,ブッシェル
centim,セント
cikori,チコリ
cimbal,シンバル
cinabr,辰砂
cipres,イトスギ
cxarpi,ガーゼ
damask,ダマスク
delfen,イルカ
didelf,オポッサム
embusk,待伏
epolet,肩章
erinac,ハリネズミ
ernest,エルネスト
eskadr,艦隊
faktur,請求書
falbal,フリル
fantom,幽霊
faring,咽
fenkol,フェンネル
ferdek,デッキ
fistul,瘻孔
flanel,フランネル
fosfor,リン
frangx,房飾り
furunk,おでき
fusten,ファスチアン
galeri,ギャラリー
gamasx,ゲートル
german,ドイツ人
granat,ザクロ
granit,花崗岩
grenad,手榴弾
grifel,チョーク
gxiraf,キリン
haladz,悪臭
hamstr,ハムスター
hispan,スペイン人
hximer,キメラ
hxoler,コレラ
ingven,鼠径
izrael,イスラエル
jasmen,ジャスミン
kalesx,馬車
kalvin,カルビン
kamfor,樟脳
kamlot,カムロ
kanajl,悪党
kanari,カナリア
kantor,聖歌隊員
kanvas,キャンバス
kapsul,カプセル
kapucx,フード
kardel,ヒワ
karmin,カルミン
karpen,イヌシデ
kastor,ビーバー
kaviar,キャビア
kobalt,コバルト
kobold,妖精
kolbas,ソーセージ
kolibr,ハチドリ
kolimb,アビ
kolubr,コブラ
komuni,聖餐
kontor,事務所
kontur,輪郭
kornic,軒蛇
korpus,軍団
koturn,ウズラ
kraken,クラケン
kratag,サンザシ
krater,火口
kronik,年代記
kurier,使者
lampir,ホタル
laring,喉頭
lavang,雪崩
legend,伝説
lekant,マーガレット
lentug,そばかす
levkoj,紫羅欄花
likvor,酒
litani,連祷
london,ロンドン
magnet,磁石
makzel,顎
mangan,マンガン
markot,印
marmor,大理石
marmot,マーモット
mastik,パテ
migdal,アーモンド
miogal,ジャコウネズミ
miozot,勿忘草
monahx,修道士
morbil,はしか
morter,モルタル
muskat,ナツメグ
muslin,モスリン
mustel,イタチ
nanken,木綿
narcis,水仙
nikola,ニコラ
notari,公証人
orakol,神託
paletr,パレット
panter,豹
parget,寄木
parohx,教区
parter,平土間
pastel,キャンディ
patent,特許
patrol,パトロール
pfenig,ペニヒ
pistak,ピスタチオ
pistol,銃
plastr,膏薬
platen,プラチナ
ponard,短剣
porfir,斑岩
porter,黒ビール
primol,桜草
prunel,プラム
purpur,紫
rekrut,新兵
rempar,城壁
risort,スプリング
rosmar,セイウチ
rozari,ロザリオ
rubrik,見出し
safran,サフラン
sambuk,ニワトコ
sankci,制裁
sardel,アンチョビ
sceptr,王杖
selakt,クリーム
servic,セット
servut,農奴
siring,ライラック
skapol,肩甲骨
skarab,カブト虫
skolop,シギ
skurgx,むち
sofism,詭弁
sopran,ソプラノ
spalir,果樹垣
stefan,ステファン
sufiks,接尾辞
sukcen,琥珀
sulfur,硫黄
talent,才能
tambur,ドラム
tenden,腱
teodor,テオドール
termin,用語
testik,睾丸
timian,タイム
tombak,黄銅
trahxe,気管
tremol,ポプラ
tribun,壇
tropik,回帰線
turban,ターバン
turkis,トルコ石
turnir,トーナメント
urogal,ライチョウ
variol,天然痘
viburn,ガマズミ
vikari,代理司祭
vinagr,酢
vizier,ひさし
volupt,快楽
ablativ,奪格
antimon,アンチモン
arleken,道化
arsenik,亜ヒ酸
artifik,策略
asparag,アスパラガス
bajonet,銃剣
bastion,堡塁
beladon,ベラドンナ
biskvit,ビスケット
cxampan,シャンパン
cxarnir,蝶番
diamant,ダイヤモンド
episkop,司教
esxafod,処刑台
fraksen,トネリコ
frangol,クロウメモドキ
fringel,マヒワ
genitiv,属格
henriet,ヘンリエッタ
hidrarg,水銀
hiskiam,ヒヨス
histrik,ヤマアラシ
jugland,クルミ
juniper,ネズ
kalikot,キャラコ
kamizol,キャミソール
kamomil,カモミール
kapitan,船長
kapitel,柱頭
kapreol,ノロ
kapucen,修道士
karaben,カービン
kartocx,弾薬
karusel,メリーゴーランド
kavalir,騎士
klarnet,クラリネット
klister,浣腸
koklusx,百日咳
kolofon,コロフォン
kompres,湿布
kurator,管財人
kvitanc,領収書
leontod,タンポポ
leopard,ヒョウ
limonad,レモネード
lonicer,スイカズラ
ludovik,ルドビク
lunatik,精神病者
maroken,モロッコ
marsxal,元帥
meleagr,七面鳥
membran,膜
mihxael,ミカエル
monarhx,君主
mustard,マスタード
negligx,寝間着
nikodem,ニコ
novjork,ニューヨーク
oksigen,酸素
oksikok,クランベリー
parazit,寄生虫
pastecx,パイ
pelikan,ペリカン
perdrik,シャコ
poligon,多角形
prefiks,接頭辞
redakci,編集
rinocer,サイ
salpetr,硝石
sentenc,格言
skarlat,緋
skorbut,壊血病
skrofol,瘰癧
smerald,エメラルド
sterled,チョウザメ
stertor,喘ぎ
sxiller,シラー
umbilik,へそ
univers,宇宙
varsovi,ワルシャワ
verdigr,緑青
vertebr,脊椎
vespert,蝙蝠
vestibl,玄関
vilhelm,ウィル
virtuoz,達人
vitriol,硫酸塩
zingibr,生姜
akcipitr,鷹
akuzativ,対格
argument,議論
arhxaism,古語
artisxok,アザミ
baldaken,天蓋
briliant,輝く
diplomat,外交官
distrikt,地区
elizabet,エリザベス
fragment,破片
framason,フリーメーソン
frugileg,ミヤマガラ
hidrogen,水素
hortulan,アオジ
institut,研究所
kantarid,ハンミョウ
kariofil,丁子
kartilag,軟骨
katarakt,白内障
kocxenil,コチニール
kokcinel,テントウムシ
konvulsi,痙攣
leksikon,辞典
marcipan,マジパン
medalion,メダル
monarhxi,君主制
obstrukc,妨害
paradoks,パラドックス
parentez,括弧
particip,参加
pasament,縁飾り
pastinak,パースニップ
pergamen,羊皮紙
peritone,腹膜
perlamot,真珠
petromiz,ヤツメウナギ
petrosel,パセリ
ranunkol,キンポウゲ
redaktor,編集者
rezultat,結果
rosmaren,ローズマリー
sergxent,軍曹
sublimat,昇華
tacxment,分隊
terebint,松脂
tornistr,ランドセル
zamenhof,ザメンホフ
aleksandr,アレクサンダー
anunciaci,受胎告知
balustrad,欄干
cxambelan,侍従
cxarlatan,詐欺師
deklinaci,変化
diplomati,外交
ekscelenc,閣下
ekzempler,本
entuziasm,熱狂
fortepian,ピアノ
galanteri,化粧品
ihxtiokol,魚類学
instituci,機関
instrukci,命令
kancelari,官房
kancelier,長官
kataplasm,湿布
kondolenc,哀悼
konjugaci,活用
konjunkci,接続詞
konsonant,子音
korporaci,法人
kvaranten,検疫
nominativ,主格
pentekost,聖霊降臨
piedestal,台座
prepozici,前置詞
privilegi,特権
promontor,岬
salamandr,サンショウウオ
testament,遺言
vermicxel,バーミセリ
interjekci,感嘆詞
supersticx,迷信
vasxington,ワシントン
violoncxel,チェロ
arhxitektur,建築
interpunkci,句読点
jork,ヨーク
parok,教区
navig,航行
kaos,混沌
kimer,キメラ
korus,コーラス
monak,僧侶
iktiokol,にべ
ald,追加
alo,アロエ
api,セロリ
ari,楽曲
bas,バス
car,皇帝
dog,犬
dok,港
doz,服用
ego,エゴ
elf,妖精
etn,民族
faz,相
fon,背景
fuk,海藻
gaz,ガーゼ
gem,宝石
hum,腐葉土
jod,ヨウ素
jud,ユダヤ人
kep,帽子
lat,木摺
lob,葉
mim,ものまね
mit,神話
muz,ミューズ
nas,やな
nav,船
niz,鷹
oaz,オアシス
opi,麻薬
puf,膨れ
raj,エイ
ras,人種
ref,リーフ
rit,儀式
rut,ルー
sod,ソーダ
tif,チフス
tog,服
viz,ビザ
agat,瑪瑙
agxi,打つ
alen,針
ambr,琥珀
amor,愛
aort,大動脈
arom,香り
astm,喘息
astr,星
azil,避難所
bard,詩人
bomb,爆弾
bosk,茂み
brom,臭素
bust,胴体
cend,セント
cidr,シードル
cirk,円形
dali,ダリア
dign,尊厳
duel,決闘
duet,二重唱
ebur,象牙
eden,エデン
egid,盾
erik,エリカ
etik,倫理
etim,語源
fars,喜劇
fili,支部
fisk,財庫
furi,復讐神
gnom,ノーム
grog,酒
gruz,砂
gxin,ジン
hidr,ヒドラ
hien,ハイエナ
irid,菖蒲
iris,虹
istm,地峡
jesu,イエス
junk,イグサ
kabl,ケーブル
kali,カリウム
kame,カメオ
kast,カースト
klor,塩素
kofr,トランク
kolz,菜
kont,口座
krab,カニ
kres,成長
kupe,個室
laik,俗人
lama,僧侶
lanc,槍
lens,レンズ
lord,卿
malt,麦芽
mani,狂気
medi,環境
milv,トビ
mitr,ミトラ
moru,タラ
mosk,ムスク
mumi,ミイラ
naft,ナフサ
negr,黒人
nimb,光輪
norm,標準
obol,オボル
ogiv,尖塔
orgi,祭
ozon,オゾン
penc,ペンス
pleb,平民
podi,壇
polk,ポルカ
pomp,華麗
pore,ニラ
rabi,狂犬病
rism,連
romb,菱形
rubl,ルーブル
sabr,剣
sagu,サゴ
sald,残高
salv,斉射
sekt,派閥
sfer,球
skem,図
skol,学派
slip,メモ
sokl,台座
sold,売却
sole,舌平目
spad,剣
sxah,王
talk,滑石
teni,寄生虫
tiar,王冠
tink,テンチ
tors,胴体
tost,乾杯
trop,比喩
turb,こま
ukaz,勅命
ulan,槍兵
uzur,高利
verv,情熱
vink,日々草
visk,ヤドリギ
vist,ホイスト
vizi,幻
zuav,ズアーブ
abism,深淵
adept,信者
afiks,接辞
afust,砲架
agraf,ホック
akaci,アカシア
akciz,税
aksel,脇
albin,白人
alibi,アリバイ
aline,字下げ
alkov,小部屋
amfor,壺
angin,口峡炎
angor,苦悩
anten,アンテナ
apati,無関心
apoge,遠地点
arkad,アーケード
arkiv,文書
arnik,アルニカ
atlas,地図
atlet,アスリート
aviad,飛行
balad,バラッド
balet,バレエ
barak,小屋
baron,男爵
basen,水槽
beril,緑柱石
bibli,聖書
bigot,狂信者
biret,帽子
bitum,アスファルト
bivak,キャンプ
brecx,裂け目
brocx,ブローチ
bronk,気管
cigan,ジプシー
cikut,毒草
cxifr,暗号
debat,討論
dekan,学長
dilem,ジレンマ
diluv,大洪水
divan,ソファ
dolar,ドル
drakm,ドラクマ
dukat,ドゥカット
edikt,勅令
eklog,田園詩
ekzem,湿疹
elegi,哀歌
elips,省略
elizi,省略
emfaz,強調
epope,叙事詩
fagot,バスーン
fakir,行者
fatal,運命
feuxd,封土
fiakr,馬車
fiask,失敗
final,終幕
fjord,峡湾
forum,掲示板
fresk,フレスコ
furor,流行
galer,ガレー船
galop,駆け足
garol,カケス
goril,ゴリラ
hamak,ハンモック
harem,後宮
harpi,ハルピュイア
helic,回転
helik,カタツムリ
hisop,ヒソップ
hoboj,オーボエ
humer,上腕
idiom,慣用句
idiot,馬鹿
ileks,柊
iluzi,幻覚
indiga,藍
jalap,薬
jud/ism##,
kabal,カバラ
kadet,士官候補生
kalif,カリフ
kanon,大砲
karat,カラット
kazin,カジノ
kinin,キニーネ
kirsx,チェリー酒
kloak,下水
kobaj,モルモット
kokon,繭
kolik,疝痛
kolos,巨像
komet,彗星
koral,珊瑚
korne,角膜
korol,花冠
kozak,コサック
krabr,蜂
kreol,クレオール
kript,地下室
kulis,裏方
kumin,クミン
kvast,房
kvint,五度
lagun,潟
lapis,硝石
larik,カラマツ
later,辺数
lazur,瑠璃
legat,使節
lirik,抒情詩
madon,聖母
major,少佐
mamut,マンモス
medol,髄
meduz,クラゲ
melas,糖蜜
melis,レモンバーム
miasm,毒気
mimoz,ミモザ
mitul,意外
moske,モスク
motiv,動機
natri,ナトリウム
nikel,ニッケル
nimfe,ニンフ
noktu,夜
nomad,遊牧民
novel,小説
nunci,使節
oksid,酸化物
oktav,オクターブ
oniks,縞瑪瑙
optik,光学
orbit,軌道
oriol,コウライウグイス
ovaci,喝采
pagod,塔
panel,パネル
panik,パニック
paraf,署名
patos,情熱
pedal,ペダル
pedel,役人
peoni,芍薬
peruk,ウィッグ
pigme,小人
pirat,海賊
pivot,軸
polip,ポリープ
polis,保険
pomad,ポマード
prior,修道院長
prism,プリズム
psalm,詩篇
raket,ロケ
rebus,謎絵
retin,網膜
retor,修辞学
rezed,レゼダ
ricin,ヒマ
rokok,ロココ
rubus,ラズベリー
rutin,習慣
saliv,唾
satan,悪魔
saten,サテン
seraf,天使
sifon,サイフォン
sinap,カラシ
sinod,会議
siren,セイレーン
skalp,頭皮
skerc,冗談
skism,分裂
sonat,ソナタ
sonet,ソネット
spasm,痙攣
sperm,精液
splen,憂鬱
stopl,切株
strof,詩節
sutan,法衣
sxose,道路
sxpat,鋤
taler,貨
tanin,タンニン
tarok,タロ
teism,神信仰
teist,神信者
templ,寺院
tenor,テノール
teror,テロ
tindr,火口
tiran,独裁者
tonel,トン
trofe,トロフィー
trust,信頼
tunik,服
utopi,理想郷
vanel,タゲリ
vinkt,留め具
viper,毒蛇
viski,ウイスキー
zefir,微風
advent,降臨
aksiom,公理
akvari,水槽
algebr,代数
alkemi,錬金
ambici,野心
amulet,守り
anagal,ルリハコベ
anarki,無政府
anatom,解剖学
ancxov,アンチョビ
anemon,アネモネ
anilin,アニリン
aplomb,冷静
apolog,謝罪
arbust,低木
arhxiv,アーカイブ
asesor,判事
ateism,無神論
ateist,無神論
auxkci,オークション
balast,重り
balkon,バルコニー
balzam,香油
bandit,盗賊
barbar,野蛮人
barier,柵
bateri,バッテリー
batist,バチスト
bazalt,玄武岩
beletr,文学
bilanc,貸借表
bilard,ビリヤード
binokl,双眼鏡
biolog,生物学
blazon,紋章
blokad,封鎖
bordel,売春宿
braman,バラモン
brigad,旅団
buduar,寝室
burnus,マント
celeri,セロリ
cidoni,マルメロ
ciklon,低気圧
ciklop,サイクロプス
dekret,法令
depesx,速報
despot,独裁者
diabet,糖尿病
diadem,王冠
diakon,助祭
diplom,証書
divizi,分ける
dragon,竜
eklips,食
eksces,過剰
ekstaz,恍惚
ekvaci,方程式
emblem,象徴
emulsi,乳剤
endivi,チコリ
epilog,結尾
epitet,添え名
epizod,話
erupci,噴火
eskort,護衛
estrad,壇
etiket,礼儀
euxnuk,宦官
ezofag,食道
faktor,因子
falang,方陣
fanfar,ファンファーレ
feniks,フェニックス
feston,花輪
feticx,偶像
fleksi,変化
floren,フロリン
format,形式
frakci,分数
fregat,フリゲート
galant,ユキワリソウ
gangli,神経節
genist,ヒトツバエニシダ
geolog,地質学者
gerani,ゼラニウム
gigant,巨大
glazur,釉薬
glikoz,ブドウ糖
glukoz,グルコース
gondol,ゴンドラ
grafit,黒鉛
gulden,ギルダー
harpun,銛
hetman,司令官
hipnot,催眠
incens,香
indeks,インデックス
inflam,炎症
jaguar,ジャガー
jezuit,イエズス会士
jxaket,上着
kadavr,死体
kadenc,カデンツ
kalibr,口径
kameli,椿
kantat,カンタータ
kanton,郡
karbon,炭素
karcer,牢獄
karier,キャリア
kariol,軽馬車
katedr,講壇
kauxci,保証
kazern,兵営
kokard,バッジ
kolodi,コロジオン
koloni,植民
kompas,コンパス
kondor,コンドル
konjak,コニャック
korife,指揮者
kornet,コルネット
korsar,海賊
korset,コルセット
korvet,コルベット
kotlet,カツ
kursiv,斜体
laktuk,レタス
lavend,ラベンダ
loteri,くじ
lucern,ランプ
maksim,格言
malari,マラリア
marasm,衰弱
markiz,侯
martir,殉教者
masagx,マッサージ
mazurk,マズルカ
medium,霊能者
melodi,メロディ
mentor,指導者
merkat,市場
mespil,西洋カリン
meteor,気象
metrik,韻律
mikrob,微生物
mirakl,奇跡
miriad,無数
molusk,軟体
monark,王
morfin,モルヒネ
mozaik,モザイク
munici,弾薬
nektar,神酒
orkide,ラン
pacxul,パチョリ
parodi,パロディ
pavian,ヒヒ
pedant,学者気取り
pepsin,ペプシン
petard,爆竹
piastr,ピアストル
pistil,雌蕊
podagr,痛風
ponton,舟橋
portal,入口
portik,ポーチ
prelat,高僧
prelud,前奏曲
premis,前提
profan,冒涜者
profil,横顔
prolog,序幕
puding,プリン
pupitr,譜面台
pustul,膿疱
rabarb,ルバーブ
regent,摂政
rektor,学長
relief,レリーフ
retort,レトルト
romanc,ロマンス
rotond,円堂
sandal,サンダル
santal,白檀
sarong,腰布
satrap,太守
sektor,扇形
septet,七重奏
serajl,宮殿
sevrug,チョウザメ
sfinks,スフィンクス
siluet,影絵
simbol,シンボル
sinkop,失神
sintez,合成
skelet,骨格
sofist,詭弁家
spektr,スペクトル
spiral,らせん
sponde,長格
suflor,プロンプター
sultan,スルタン
sxalup,ボート
sxankr,潰瘍
sxarad,謎
taksus,イチイ
taktik,戦術
talmud,タルムード
tamtam,太鼓
tandem,二人乗り
tapiok,タピオカ
teolog,神学者
teorem,定理
terapi,治療
tercet,三行詩
termit,シロアリ
tonsur,剃髪
torped,魚雷
trapez,台形
tribut,貢物
triumf,勝利
turbin,タービン
unison,同音
uragan,台風
vampir,バンパイア
verand,ベランダ
vermut,ベルモット
vinjet,装飾
zigzag,ジグザグ
zodiak,黄道帯
admiral,提督
aerolit,隕石
aforism,格言
agronom,農学者
akrobat,曲芸師
akvarel,水彩
alegori,寓話
alhxemi,錬金術
almanak,暦
ambrozi,神食
ametist,アメジスト
amnesti,恩赦
anagram,回文
analogi,類似
anapest,短短長
anatomi,解剖
angelik,アンゼリカ
anomali,異常
antilop,レイヨウ
antipod,対蹠
antitez,対立
apoteoz,神化
apozici,同格
arabesk,アラベスク
arkaism,古語
asonanc,母音韻
atavism,先祖返り
atribut,特性
auxreol,後光
bankier,銀行員
barikad,バリケード
bariton,バリトン
bastard,私生児
bazilik,バジリカ
biograf,伝記家
biologi,生物
bisturi,メス
bombast,誇張
botanik,植物学
celuloz,セルロース
ceramik,陶器
cilindr,円柱
cistern,タンク
citadel,要塞
cxevron,垂木
demagog,扇動家
diagnoz,診断
dialekt,方言
diametr,直径
difteri,ジフテリア
diftong,二重母音
dinamik,動的
dinamit,ダイナマイト
dinasti,王朝
doktrin,教義
ekspres,急行
eliksir,霊薬
eminenc,台下
epiderm,表皮
epifani,主顕節
epigraf,碑文
epigram,警句
erudici,博識
estetik,美的
etim/olog##,
etiolog,病因学
evoluci,進化
farmaci,薬学
filolog,文献学
filozof,哲学者
fonetik,音声
fronton,ペディメント
gangren,壊疽
gardeni,クチナシ
gencian,リンドウ
geodezi,測地
geograf,地理学者
geologi,地質
geometr,幾何学
gerundi,動詞形容詞
gilotin,断頭台
gimnast,体操教員
gimnazi,高校
guberni,統治
hiacint,ヒヤシンス
hipotek,担保
hipotez,仮説
histeri,ヒステリー
homonim,同音語
hxirurg,外科医
judaism,ユダヤ教
jxargon,専門用語
kalomel,甘汞
kanaben,ベニヒワ
kanibal,人食い
kanonik,参事会員
kaporal,伍長
karamel,キャラメル
karavan,キャラバン
kartusx,カルト
katolik,カトリック
kazemat,砲郭
komplot,陰謀
koncesi,払い下げ
kontakt,接触
korsajx,胴部
kreozot,クレオソート
kriteri,基準
kvadril,四重奏
kvestor,会計官
letargi,昏睡
liturgi,儀式
lozangx,菱形
lumbrik,ミミズ
mahagon,マホガニー
majolik,マジョリカ
makadam,舗装
makaron,マカロン
malakit,孔雀石
mansard,屋根裏
margxen,余白
matador,闘牛士
mekanik,機械
merlang,メルラン
metafor,比喩
minaret,尖塔
mirabel,ミラベル
molekul,分子
monarki,君主制
monolog,独白
monopol,独占
nikotin,ニコチン
obelisk,石塔
oleandr,夾竹桃
oligark,寡頭
omnibus,バス
onobrik,イガマメ
optativ,願望形
pacient,患者
palinur,伊勢海老
pamflet,ビラ
panoram,パノラマ
papirus,パピルス
parabol,放物線
parafin,パラフィン
paskvil,風刺
pasxtel,パステル
patolog,病理学
patrici,貴族
patriot,愛国者
pedagog,教師
pelerin,ケープ
pension,宿泊所
percept,知覚
pilastr,柱
piramid,ピラミッド
plagiat,剽窃
plantag,オオバコ
polemik,論争
prefekt,県知事
procesi,行列
prognoz,予測
prozodi,韻律
puritan,ピューリタン
retorik,修辞
revizor,検察官
samovar,サモワール
sarkasm,皮肉
segment,線分
sekreci,分泌
semafor,信号機
serenad,セレナーデ
sifilis,梅毒
simetri,対称
simfoni,交響曲
simptom,症状
sinagog,シナゴーグ
sinedri,法廷
sinonim,同義語
sintaks,統語論
skandal,醜聞
skrupul,慎重
stearin,蝋
sugesti,示唆
sxiling,シリング
taburet,椅子
tangent,接線
teokrat,神権者
teologi,神学
trombon,トロンボーン
ultimat,最終通告
uvertur,序曲
variant,異文
vazelin,ワセリン
verdikt,判決
veteran,熟練者
vokativ,呼格
abnegaci,犠牲
adjutant,副官
aeroplan,飛行機
agronomi,農学
akvafort,エッチング
akvilegi,アキレギ
alabastr,雪花石膏
aligator,ワニ
ambulanc,救急車
antipati,嫌悪
antologi,選集
apostrof,アポストロフ
arbalest,弩
areometr,浮計
arkeolog,考古学者
arkitekt,建築士
artileri,砲兵
astrolog,占星師
astronom,天文学者
atmosfer,空気
auxdienc,面会
balistik,弾道
balzamin,ホウセンカ
banderol,帯封
barelief,レリーフ
batalion,大隊
bazilisk,バジリスク
biografi,伝記
ceremoni,式
dekadenc,退廃
delegaci,代表団
demagogi,デマ
demokrat,民主者
diafragm,横隔膜
diagonal,対角線
diapazon,音叉
didaktik,教育法
difterit,ジフテリア
diktator,独裁者
discxipl,弟子
dispepsi,消化不良
ditiramb,賛歌
dromedar,ダロメダリ
ekstrakt,抽出
epilepsi,てんかん
erizipel,丹毒
etimologi##,
etiologi,病因学
etnograf,民族学者
evangeli,福音書
faksimil,複写
fakultat,学部
felieton,コラム
feminism,女性運動
feminist,フェミニスト
filologi,文献
filozofi,哲学
fiziolog,生理学者
fonograf,蓄音機
galantin,ガランティン
garnitur,スーツ
garnizon,駐屯隊
genealog,系図学
geometri,幾何
glicerin,グリセリン
gliciriz,甘草
grafolog,筆跡学
gramofon,蓄音機
gutaperk,ガタペルカ
halebard,斧槍
harmonik,ハーモニカ
hegemoni,覇権
hekatomb,百牛犠牲
hierarki,階級
hipodrom,競馬場
honorari,謝礼
horoskop,星図
hortensi,紫陽花
hxirurgi,手術
idiotism,慣用句
imperial,帝国
indigxen,先住民
inkognit,内密
intervju,面接
kalendul,カレンデュラ
kardinal,枢機卿
katafalk,霊柩台
katakomb,地下墓所
katedral,大聖堂
katekist,伝道師
kavaleri,騎兵隊
komandit,合資会社
konfekci,既製服
konflikt,対立
kontralt,アルト
kontrast,対比
konvenci,協定
kosmetik,化粧
kreditor,債権者
ksilofon,シロホン
kvocient,商
labirint,迷路
lauxreat,優勝者
logaritm,対数
logogrif,謎解き
makaroni,マカロニ
mandaren,官吏
mandolin,マンドリン
manifest,明示
manometr,圧計
margarin,マーガリン
marionet,マリオネット
mauxzole,霊廟
mekanism,機構
melodram,メロドラマ
meridian,子午線
metronom,メトロノーム
metropol,大都市
mikrofon,マイク
miniatur,ミニアチュール
monogram,紋章
monomani,偏執
naftalin,ナフタリン
narkotik,麻酔薬
navigaci,航行
nekrolog,訃報
nepotism,縁故贔屓
nihilism,虚無主義
nihilist,虚無主義者
nostalgi,郷愁
numismat,貨幣学者
obligaci,債券
oligarhx,寡頭
oligarki,寡頭制
optimism,楽観
optimist,楽天家
organism,有機体
orografi,地形学
pacifism,平和
pacifist,平和主義者
palanken,籠
panteism,汎神論
panteist,汎神論者
pantomim,無言劇
paradigm,語形表
parafraz,言い換え
paragraf,段落
partitur,楽譜
patologi,病理
pedagogi,教育
perimetr,周辺
peristil,柱廊
pesimism,悲観
pesimist,悲観者
pleonasm,冗言
poliglot,多言語話者
preterit,過去形
procedur,手続
projekci,投影
proporci,比率
prospekt,案内書
protokol,議事録
prototip,試作
prozelit,改宗者
psikolog,心理学者
referenc,参考
renesanc,ルネサンス
reputaci,評判
revelaci,啓示
revolver,リボルバー
rojalist,王党
sacerdot,司祭
sakristi,聖具室
sarkofag,石棺
seminari,セミナー
sensaci,感動
sfinkter,括約筋
silogism,三段論法
solecism,文法違反
stipendi,奨学金
strategi,戦略
subvenci,助成金
talisman,護符
tamburin,タンバリン
tarantel,タランテラ
tarantul,タランチュラ
teleskop,望遠鏡
teokrati,神政
tipograf,印刷者
topograf,地理学者
toreador,闘牛士
transept,翼廊
tuberkul,結節
amfiteatr,円形劇場
apopleksi,卒中
arbitraci,仲裁
arhxeolog,考古学者
arhxitekt,建築家
aritmetik,算数
arkeologi,考古学
arkipelag,諸島
astrologi,占星術
astronomi,天文
auxditori,講堂
auxtograf,サイン
auxtokrat,独裁者
deklaraci,宣言
demokrati,民主
dialektik,弁証法
disciplin,規律
disenteri,赤痢
entomolog,昆虫学者
etnografi,民族誌
filantrop,慈善家
fiziologi,生理学
fizionomi,顔貌
fotografi,撮影
genealogi,系譜学
gladiator,剣士
grafologi,筆跡学
harmonium,オルガン
heksametr,六歩格
heliotrop,ヘリオトロープ
hidrofobi,恐水症
hieroglif,象形
higrometr,湿度計
hipopotam,カバ
homeopati,同種療法
ideografi,表意文字
imperativ,命令形
imperfekt,半過去
impresari,興行主
indikativ,直説法
infanteri,歩兵
infinitiv,不定詞
inkvizici,宗教裁判
intendant,管理者
kabriolet,オープンカー
kandelabr,燭台
karikatur,風刺画
kartograf,地図家
kastanjet,カスタネット
katalepsi,硬直症
katastrof,大災害
katehxist,教理師
kompromis,妥協
konduktor,車掌
konkurenc,競争
kontinent,大陸
kontrabas,低音提琴
konvolvul,ヒルガオ
kosmogoni,宇宙生成
kosmograf,宇宙誌
krizantem,菊
kronologi,年代学
kronometr,時計
krucifiks,十字架
kvadratur,求積
litografi,石版印刷
lokomobil,移動機関
melankoli,憂鬱
metafizik,形而上
mikrometr,マイクロメータ
mikroskop,顕微鏡
mineralog,鉱物学
monoteism,一神教
neologism,新語
oligarhxi,寡頭制
ornitolog,鳥学者
ostracism,追放
paleograf,古文書家
palisandr,紫檀
paroksism,発作
pentametr,五歩格
plutokrat,富豪
politeism,多神教
providenc,摂理
pulcxinel,道化
purgatori,煉獄
recitativ,朗唱
reformaci,宗教改革
rekrement,かす
repertuar,レパートリー
rezignaci,諦め
sakrament,秘跡
sekundant,立会人
skarlatin,猩紅熱
skolastik,学問
somnambul,夢遊者
sortiment,商品セット
spekulaci,投機
spiritism,心霊術
spiritist,霊媒
stalagmit,鍾乳石
stalaktit,鍾乳石
statistik,統計
sxovinism,排外主義
sxovinist,排外主義者
tipografi,印刷
topografi,地誌
velociped,自転車
veterinar,獣医
vivisekci,生体解剖
abiturient,卒業生
alternativ,代替案
anakronism,時代錯誤
antropolog,人類学者
arhxeologi,考古学
arhxipelag,群島
aristokrat,貴族
arkitektur,建築
auxtokrati,独裁
beletristik,美文学
bibliograf,書誌学
civilizaci,文明
dinamometr,動力計
ekskrement,糞
entomologi,昆虫学
euxkaristi,聖餐
filantropi,慈善
hipertrofi,肥大
ingredienc,成分
inkvizitor,審問官
kartografi,地図作成
koeficient,係数
kompliment,褒め言葉
kongregaci,教団
konsistori,枢機会議
kontraband,密輸
kontribuci,賠償
kosmografi,宇宙誌
kosmopolit,国際人
krestomati,模範集
kvintesenc,本質
manufaktur,工場
manuskript,原稿
metamorfoz,変化
meteorolog,気象士
mineralogi,鉱物学
naturalism,自然主義
numismatik,貨幣学
ornitologi,鳥学
paleografi,古文書
perspektiv,視点
plutokrati,金権制
pneuxmatik,タイヤ
prerogativ,特権
pseuxdonim,偽名
stenografi,速記
subjunktiv,仮定法
superlativ,最上級
tuberkuloz,結核
admiralitat,海軍司令部
antropologi,人類学
aristokrati,貴族制
bibliografi,文献学
cirkumfleks,抑揚記号
demonstraci,証明
departement,部門
enciklopedi,百科
hermafrodit,両性
hidrostatik,流体力学
hidroterapi,水治療
imperialism,帝国主義
inauxguraci,式
kalejdoskop,万華鏡
kondicional,条件法
konfederaci,連邦
konglomerat,礫岩
kontrapunkt,対位法
manifestaci,デモ
metempsikoz,転生
meteorologi,気象
observatori,観測所
paleontolog,古生学者
pleuxronekt,ヒラメ
protagonist,主役
protektorat,保護国
pseuxd,偽名
racionalism,合理主義
racionalist,合理主義者
reuxmatism,リウマチ
temperament,性格
tragikomedi,悲喜劇
administraci,管理
demonstrativ,指示詞
konservatori,音楽院
paleontologi,古生学
paralelogram,平行四辺形
spiritualism,唯心論
spiritualist,唯心論者
trigonometri,三角法
auxtobiografi,自伝
t.e.,つまり
k.t.p.,など
kiom,何番
kiom##,
kiom##,
dum,間
dum##,
gxis,まで
gxis##,
anstataux,代わりに
anstataux##,
kiu##,
kiu,どれ
tiu##,
tiu##,
cxiu,各々
cxiu##,
neniu,どれもない
neniu##,
ambaux,両方
ambaux##,
tiu cxi##,
tiu cxi##,
fiks,固定
fiks##,
fals,偽
fals##,
cxu##,
cxu,か
kial,なぜ
kial##,
kiel,ように
kiel##,
tamen,でも
tamen##,
apenaux,ほとんど
apenaux##,
kvazaux,ように
kvazaux##,
cxirkaux,周りに
cxirkaux##,
precip##,
precip,特に
tut,全
tut##,
rest##,
rest,休息
cxiel,様々に
cxiel##,
interes,興味
interes##,
lig,結ぶ
lig##,
rul,転がす
rul##,
arm##,
arm,武器
fos,掘る
fos##,
plant,植える
plant##,
orient##,
orient,東
fald,折る
fald##,
kaj,と
kaj##,
amas,集団
amas##,
kopi,コピー
kopi##,
fotograf,撮る
fotograf##,
cxar,ので
cxar##,
fikci##,
fikci,フィクション
nul,ゼロ
nul##,
klar##,
klar,明確
artikol,記事
artikol##,
auxgust,８月
auxgust##,
por,ために
por##,
opozici,反対
opozici##,
fot,撮る
vibr,揺れる
oscil,揺れる
fluktu,変動
indigo,藍
ad,続
ad,行動
ag,動く
al,へ
am,愛する
an,員
ar,集団
as,ます
at,受身
av,祖父
bo,義
ci,お前
da,の
de,の
di,神
Di,神
do,そこで
du,二
ec,性
eg,強大
ej,所
ek,始
el,中
em,傾向
en,中
er,子
et,小
fe,妖精
fi,嫌
fi,悪い
ge,男女
ha,ああ
he,おい
ho,おお
ia,ある種
id,子
ie,どこか
ig,させる
il,具
in,女
io,何か
ir,行く
is,でした
it,された
iu,ある人
iu,誰か
ja,本当
je,に
ju,ほど
ke,という
l',定冠詞
la,その
li,彼
lu,借りる
mi,私
ne,ない
ni,私たち
nj,ちゃん
nu,じゃあ
od,頌歌
ok,八
ol,より
on,分
op,集合
or,金
os,未来形
ot,られる
ov,卵
pi,敬虔
po,ごと
re,再
se,なら
si,自分
te,お茶
uj,器
ul,者
um,無意味
ur,野牛
us,仮定
uz,使う
ve,ああ
vi,あなた
