adiaux,再见！
bis,
hura,
uxa,
kia,
tia,
cxia,
kies,谁的
nenia,
ali,另外的
alt,高
bel,美丽
bon,好
jun,年轻
nov,新
sam,同样的
fort,强有力
grav,重要
kelk,一些
last,最后
long,长
mult,大量
plen,满
ricx,富裕
rugx,红色
facil,容易
grand,大
liber,自由
rapid,快
felicx,幸福
proksim,近
fru,早的
pur,纯
sol,独自的
ver,真
cert,有把握的
nigr,黑色
varm,热
afabl,和气的
blank,白色
dolcx,甜
neces,必需
propr,特有的
simpl,单一
dekstr,右
kuragx,勇敢
trankvil,安宁
blu,蓝色
dik,厚
gaj,愉快
hel,明亮
kar,亲爱的
lac,疲劳
san,健康
sat,饱
just,公正
prav,正确
pret,准备好的
util,有益
verd,绿色
apart,单独的
atent,注意的
fremd,外国的
gxust,正确
komun,公共
largx,宽
agrabl,令人愉快的
divers,各种各样的
intern,内部
suficx,足够
kontent,满意
profund,深
mol,软
pez,重
sek,干
brun,褐色
egal,平等
flav,黄颜色
griz,灰色
kulp,有罪的
lert,灵巧
rekt,直
sagx,聪明
vast,广大
ceter,其余
fresx,新鲜
simil,相似
kapabl,有能力的
serioz,严肃
efektiv,实际
ordinar,平常
akr,锋利
fam,有名
ies,某人的
avar,吝啬
dens,密集
eben,表面平整
fier,自豪
firm,坚实
nepr,必然的
plat,扁
plur,
surd,聋
vigl,活跃
fidel,忠实
kviet,平静
matur,成熟
sankt,圣的
spert,有经验
subit,突然的
tauxg,适用的
honest,正直
konven,适当
plur,
preciz,精确
strang,奇怪
delikat,精美
gxentil,彬彬有礼
komfort,舒服
pacienc,坚韧
special,特别
gxeneral,关于全体的
konstant,恒定
lam,跛
mut,哑
nud,裸体
pal,苍白
ruz,狡猾
van,徒劳
acid,酸味的
glat,平滑
kler,有文化
krud,生的
mild,柔和
abund,大量
blind,瞎
blond,金黄色
cxarm,娇艳
etern,永恒
favor,偏爱的
graci,优美
humil,自卑
lauxt,大声
sever,严厉
stult,愚钝
fortik,坚实
frenez,疯狂
kurioz,稀奇
privat,非官方的
sincer,真诚
evident,明显
oportun,便利
prudent,明智
scivol##,好奇
diligent,勤奋
proksimum##,差不多的
ard,白热
avid,渴望
brav,出类拔萃
ebri,酒醉
krut,险峻
naiv,天真
nobl,高尚
sobr,饮食有度
humid,潮湿
ident,完全一样
komik,可笑
kripl,残废
kruel,残忍
moder,适度
sagac,有洞察力
seren,宁静
sprit,机敏
akurat,准时
fervor,热心
inklin,倾向于
jxaluz,珍惜
kapric,任性
modern,现代
modest,谦虚
nenies,没有人的
normal,正常
sovagx,野生
ekstrem,极远
elegant,雅致
eminent,卓越
komplet,全
oficial,正式
perfekt,完美
probabl,近似真实
reciprok,相互
indiferent,引不起兴趣的
inteligent,理解力强
amar,苦味
imun,免疫的
real,真实
ties,那人的
unik,唯一
vant,不值一顾的
virg,童贞的
aktiv,有能力的
civil,公民的
cxies,每人的
elast,有弹力的
human,人道
intim,内心
kaduk,破旧
koket,卖弄风情
lojal,忠诚
malic,恶毒
mirind##,
rauxk,沙哑
rigid,硬直的
sekur,安全
solen,庄严
tener,温柔
valid,有效
abrupt,猛然的
absurd,荒谬
aktual,当前
arbitr,任性
auxdac,大胆
ekzakt,准确
furioz,暴怒
graved,怀孕的
klasik,古典
majest,威严
nervoz,烦躁
oblikv,斜
obstin,固执
plenagx##,
social,社会的
subtil,细腻
tragik,悲剧性的
absolut,独裁
kontant,付现款的
popular,普及的
relativ,相对
sindon##,献身的
solidar,连带责任的
vegetar,素食主义
familiar,亲昵
grandioz,宏伟
kolektiv,集体的
singard##,小心
kompetent,能干的
universal,通用
kvit,
miop,
punc,
ranc,
cxast,
ekstr,
masiv,
antikv,
arogant,
konform,
trivial,
elokvent,
kriminal,
predikat,
akut,
dual,
hirt,
kalv,
banal,
cinik,
gotik,
inert,
obtuz,
okult,
pasiv,
rigor,
stoik,
analog,
anonim,
arkaik,
diafan,
efemer,
erotik,
fiktiv,
formal,
frivol,
intens,
invers,
konciz,
konkav,
mistik,
neuxtr,
vulgar,
akcesor,
apokrif,
arhxaik,
burlesk,
decimal,
diskret,
fanatik,
grotesk,
konkret,
kontinu,
liberal,
monoton,
negativ,
nominal,
pozitiv,
radikal,
skeptik,
solvent,
abstrakt,
auxtonom,
eventual,
inkluziv,
neuxtral,
objektiv,
ortodoks,
primitiv,
provizor,
racional,
romantik,
sinoptik,
spontane,
auxtentik,
definitiv,
ekskluziv,
korelativ,
respektiv,
subjektiv,
transitiv,
spekulativ,
impertinent,
konservativ,
sentimental,
dek,十
mil,千
sep,七
ses,六
tri,
unu,一
cent,百
kvar,四
kvin,五
naux,九
aux,或者
nek,也不
sed,但是
kvankam,虽然
plus,加
minus,减
cxe,
kun,和
per,以
pri,
pro,
sen,没有
sub,在
sur,在
tra,
apud,在
krom,除了
laux,沿着
post,在
inter,在
super,在
trans,在
antaux,在
ekster,在
preter,从
kontraux,对着
malgraux,不管
gxi,
ili,
kio,
oni,
sxi,
tio,
cxio,
nenio,
tio cxi##,
dis,分散
mal,反
cxef,首、主、总
eks,表示以前、退职的
mis,不适当
pra,
dev,必须
dir,说
don,给
est,存在
far,做
fin,结束
hav,有
kon,知道
leg,读
lev,起
met,放置
mov,移动
pet,请求
pov,能
rid,笑
sci,知道
sid,坐着
ten,持
ven,来
vid,看见
viv,生活
vol,愿意
gxoj,高兴
help,帮助
kred,相信
lern,学
logx,居住
mort,死亡
okaz,发生
port,携带
pren,取
sekv,跟随
send,派出
star,站着
dezir,希求
labor,工作
milit,作战
montr,出示
parol,说话
ricev,收到
skrib,写
sxajn,好象
vetur,乘
demand,问
komenc,开始
kompren,理解
respond,回答
bat,打
fal,落下
kri,喊
kur,跑
las,留下
lum,发光
mir,惊奇
pag,付钱
pas,走过
reg,统治
son,发声
tim,害怕
tir,拖
auxd,听见
brul,燃烧
dank,感谢
dorm,睡
ferm,关
flug,飞
halt,停止
jxet,扔
kant,唱
kost,值
mank,缺少
nask,生育
okup,占领
pens,思索
perd,失去
prem,压
prov,试
sent,觉得
turn,转动
acxet,买
atend,等待
bezon,需要
kresk,生长
mangx,吃
memor,记住
sercx,寻找
trink,喝
konsil,劝告
permes,允许
postul,要求
rakont,讲
rigard,看
rimark,觉察
sxangx,换
vojagx,旅行
konstru,建筑
prezent,摆上
renkont,碰到
bru,发噪声
dub,怀疑
lav,洗
lud,玩
pen,努力
vek,唤醒
vok,呼喊
aper,出现
bril,发光
erar,迷路
fest,庆祝
frap,敲打
gajn,赢得
kapt,捉
kasx,藏
kovr,盖
kuir,煮
kusx,躺
pasx,举步
plor,哭
romp,打破
salt,跳
serv,为
tusx,碰
vend,卖
zorg,照顾
batal,战斗
elekt,选择
esper,希望
koler,发怒
mezur,量
opini,以为
ordon,命令
plend,诉苦
ripoz,休息
salut,致敬
sufer,忍受痛苦
akcept,接受
forges,忘记
kalkul,数数
komerc,经商
konduk,带领
pardon,饶恕
silent,沉默
trancx,砍
konsent,同意
auxskult,听
ban,洗澡
flu,流
kre,创造
mok,嘲笑
amuz,逗笑
cxes,停止
efik,生效
gard,守卫
jugx,审判
klin,使倾斜
pend,挂
pusx,推
spir,呼吸
stud,研究
sxat,喜欢
tond,剪
traf,命中
ating,到达
decid,决心
estim,尊重
invit,邀请
kurac,治疗
marsx,行进
placx,讨
ripet,重复
sxlos,锁
sxtel,偷
vizit,访问
arangx,整理
ekzist,存在
instru,教
intenc,想
kompat,怜悯
prefer,宁愿
prepar,准备
promen,散步
promes,答应
sukces,成功
konserv,保存
bol,沸腾
kis,吻
obe,服从
paf,射
pel,赶
pik,刺
pun,惩罚
sav,救
tus,咳嗽
akir,获得
apog,支撑着
atak,进攻
bala,扫除
blov,风吹
cxas,打猎
danc,跳舞
eduk,教育
evit,避开
fleg,看护
glit,滑
gvid,领路
gxen,打扰
hejt,给
hont,感到羞耻
imag,想象
imit,摹仿
komb,梳
mend,定购
miks,使混合
nagx,游
plug,耕
pres,印刷
soif,渴
spez,转帐
sxir,撕开
trem,颤动
trov,发现
venk,战胜
visx,揩
volv,缠
anonc,宣布
aprob,赞成
avert,警告
merit,值得
minac,威胁
pentr,画
posed,拥有
pregx,祈祷
rifuz,拒绝
rilat,与
ripar,修理
skrap,刮
sxerc,开玩笑
tromp,欺骗
defend,防御
desegn,画出轮廓
esting,扑灭
inform,通知
kompar,比较
kondut,行为表现
konfes,公开表明
konsci,自感
kultur,耕种
mensog,说谎
rezult,是
rikolt,收割
strecx,拉紧
sxovel,铲
akompan,陪同
aparten,属
bedauxr,痛惜
konsist,由
organiz,组织
progres,进步
respekt,尊重
riprocx,责备
diferenc,差异
rekomend,推荐
korespond,通信
enu,生厌
fid,信任
gxu,享受
hak,砍
log,引诱
pek,犯罪
pes,称
raz,剃
dron,淹死
fajf,吹口哨
fand,熔化
farm,租种
fart,起居
frot,摩擦
gxem,呻吟
krev,爆裂
kudr,缝
mord,咬
muel,磨
nutr,喂养
odor,发出气味
rajd,骑
solv,溶解
taks,评价
teks,织
tent,引诱
urgx,紧催
babil,聊天
detru,破坏
difin,下定义
distr,使
diven,猜
divid,分
etend,伸展
evolu,进化
forgx,锻打
frand,享用美味
grimp,攀登
hezit,踌躇
krocx,悬挂
lauxd,称赞
mason,砌
ofert,兜售
ornam,装饰
petol,玩耍
songx,梦见
stern,铺开
supoz,猜想
sxirm,遮蔽
sxpar,节省
sxtop,填塞
sxuld,欠
sxvel,膨胀
toler,忍受
versx,倾倒
aspekt,像是
dauxrig##,
difekt,损坏
diskut,讨论
domagx,吝惜
ekscit,刺激
ekzerc,练习
esplor,考察
esprim,表示
konsol,安慰
murmur,发低沉连续的声音
prezid,主持
signif,义为
skulpt,雕塑
traduk,翻译
ekskurs,远足
ekzamen,考核
komunik,告知
koncern,涉及
konstat,确认
protekt,保护
protest,抗议
renvers,翻转
surpriz,突然来到面前
konsider,考虑
persekut,追逼
reprezent,代表
bak,烘
ben,祝福
boj,吠
bor,钻孔
ced,让步
cit,引用
lek,舔
rab,抢
rav,使陶醉
rem,划桨
rev,幻想
seg,锯
sku,摇撼
ted,打扰
teg,套
abon,预订
dung,雇佣
envi,羡慕
flar,嗅到
fond,建立
frit,油炸
friz,烫发
gest,做手势
glad,熨
glut,咽下
jxur,宣誓
kned,和面
macx,嚼
melk,挤奶
migr,漫游
munt,装配
ofer,供奉
pent,悔过
pruv,证明
pump,用泵抽
putr,腐烂
ramp,爬
risk,拿
ronk,打鼾
rost,烤
sven,昏厥
sxov,推
sxut,倾
tajl,凿
tord,捻
tren,拖
vari,连续不断地变化
velk,枯萎
adici,加
admir,赞赏
admon,劝导
adopt,收养
akcel,加速
atest,证明
cxerp,汲
degel,融化
deleg,派遣
fleks,屈
flirt,翩翩
hered,继承
influ,影响
kares,爱抚
medit,沉思
nauxz,引起恶心
osced,打呵欠
pasxt,放牧
pauxz,暂停
pincx,捏
plekt,编
regal,款待
ribel,反抗
sopir,怀念
sorcx,施用魔术、巫术
strik,罢工
sufok,闷死
sving,挥动
sxarg,
sxmir,涂
trakt,商谈
tremp,把
afrank,预付邮费
asekur,保险
balanc,上下簸动
barakt,挣扎
dedicx,献
deklar,正式公开宣布
destin,预定
disput,争论
escept,排除
festen,欢宴
frakas,粉碎
gratul,祝贺
ilustr,插图
import,输入
insist,坚持
instal,设置
instig,激励
insult,骂
komand,统帅
komisi,委托
konfid,信任
konfit,糖腌
konfuz,使混乱
konkur,竞争
kritik,评论
observ,观察
penetr,进入
perfid,背叛
proced,进行
raport,转告
reklam,为
rezign,放弃
rezist,抵抗
rifugx,避难
brakum##,拥抱
civiliz,教化
cxagren,使烦恼
depend##,依赖
disting,区别
eksplod,炸裂
garanti,担保
komplez,献殷勤
kondamn,判罪
konfirm,确认
konjekt,推测
konklud,得出结论
kontrol,检查
konvink,说服
operaci,做手术
plenum##,完成
pretend,要求
suspekt,怀疑
turment,虐待
distribu,分配
fanfaron,自夸
kontrakt,订契约
mastrum##,料理家务
prokrast,推迟
administr,管理
elturnigx##,
entrepren,着手
dec,合礼
juk,痒
lul,摇孩子入睡
vad,淌水
vag,流浪
vet,赌
vom,呕吐
zum,嗡嗡叫
ador,崇拜
agit,鼓动
akuz,指责
alud,暗指
bapt,洗礼
bind,装订
blek,叫
bred,饲养
bucx,宰杀
cxif,折皱
dikt,口述
dres,驯兽
ekip,装备
estig##,
fast,斋戒
flat,阿谀奉承
flik,缝补
fugx,逃避
fusx,弄糟
garn,加固
grat,抓
havig##,
izol,隔离
jung,套
lukt,搏斗
mugx,牛叫
opon,表示反对意见
palp,摸
pekl,盐腌
pere,死亡
pliig##,
sark,除草
sekc,切开
sorb,吸进
spit,蔑视
sucx,吸
svat,给
tajp,打字
tern,打喷嚏
tikl,呵痒
tint,发当当声
trik,编结
trud,强加
vart,抚养
adapt,适应
aplik,应用
asert,断言
asist,协助
balot,投票
cxeest##,
delir,谵妄
depon,寄存
deput,选议员
enket,审讯
eskap,逃脱
falcx,割
flagr,闪烁
forest##,
grinc,发出刺耳的声音
ignor,不理
impet,突进
incit,激怒
indik,指出
insid,设陷阱
inund,泛滥
kracx,吐痰
liver,交货
menci,说起
modif,修改
ofend,触犯
rezon,推理
rivel,展示
start,起跑
susur,发出簌簌声
sxpin,纺
trejn,培养
vengx,替
abstin,节制
aflikt,使人苦恼
altern,交替
balbut,口吃
cirkul,循环
dejxor,值班
denunc,告发
deten##,9 不让接近
devontig##,
digest,消化
dispon,处理、支配或决定
dorlot,宠爱
eksped,发送
eldon##,交出
establ,设立
flustr,低语
grimac,做怪相
grumbl,嘟哝
implik,缠住
indign,愤慨
indulg,宽恕
infekt,传染
injekt,注射
inspir,引起
invent,发明
klopod,尽力
kolizi,互撞
kombin,组合
kompon,组成
konsum,耗尽
korekt,改正
lubrik,加油
manovr,操练
plongx,跳水
preleg,讲课
propon,建议
provok,向
recenz,评论
redakt,草拟
redukt,减少
revizi,检查
sxpruc,喷射
aplauxd,鼓掌
blasfem,亵渎
bonvol##,请
brokant,买卖旧货
eksport,输出
ekzekut,执行死刑
gustum##,品味
iniciat,创始
kalumni,污蔑
kompens,补偿
komplik,使复杂
kontest,对
manipul,使用
neglekt,忽略
persist,坚持
prononc,发
prosper,繁荣
reflekt,反射
reform##,改革
subtrah,减去
sxancel,摇晃
televid,看电视
determin,确定
ekspluat,开发
koncentr,集中
mistifik,愚弄
preskrib,规定
revoluci,举行革命
riverenc,鞠躬
interpret,口译
kompromit,连累
multiplik,乘
propagand,宣传
konversaci,会话
interpelaci,提出质问
erp,
kov,
lut,
pep,
tan,
agac,
brod,
brog,
cxiz,
edif,
fajl,
krak,
kroz,
pist,
rasp,
rast,
rigl,
rukt,
sibl,
skiz,
sput,
steb,
stuk,
sxim,
torn,
trot,
urin,
varb,
adult,
afekt,
akusx,
arest,
asign,
atenc,
drasx,
drink,
ekzil,
filtr,
infuz,
kribr,
parad,
rabot,
rafin,
satur,
siegx,
skerm,
strab,
sxmac,
uzurp,
veget,
border,
cxikan,
degrad,
dibocx,
distil,
drapir,
gargar,
gravur,
guvern,
ilumin,
inokul,
intrig,
jxongl,
kartav,
kontuz,
likvid,
makler,
plauxd,
predik,
rembur,
ventol,
decxifr,
degener,
diskont,
ferment,
kalfatr,
kolport,
kompost,
konspir,
konvert,
paraliz,
proklam,
singult,
cxarpent,
hipokrit,
intermit,
konstern,
marcxand,
kapitulac,
kauxteriz,
komentari,
koment,
poz,
vak,
boks,
gxir,
kirl,
klak,
kluk,
knar,
murd,
pled,
sond,
tatu,
abdik,
abort,
agoni,
aklam,
amput,
aneks,
aspir,
deriv,
feder,
impon,
invad,
kauxr,
klacx,
klisx,
kotiz,
marin,
miaux,
modul,
refut,
rikan,
streb,
svarm,
sxveb,
absorb,
akapar,
analiz,
asimil,
asperg,
atribu,
auxgur,
bojkot,
cenzur,
dedukt,
deklam,
dekolt,
indukt,
kompil,
konced,
konker,
korupt,
kverel,
lament,
narkot,
stimul,
strigl,
sxrump,
amortiz,
anticip,
apelaci,
bankrot,
bombard,
emancip,
inspekt,
katekiz,
koincid,
konfisk,
konsekr,
konsult,
legitim,
mobiliz,
pilgrim,
improviz,
inauxgur,
karambol,
katehxiz,
klasifik,
kontribu,
litograf,
prostitu,
centraliz,
stenograf,
ekskomunik,
karakteriz,
ajx,事物
ant,主动现在分词
ebl,可能
igx,变成
ind,值得被
int,主动过去分词
ism,主义
ist,
obl,
ont,主动将来分词
estr,首长
acx,表示无价值
cxj##,构成对男子的爱称
end,必须被
ing,表示插物的器具
ajn,无论
cxi##,每种的
ecx##,甚至
for,往远处
iam,某时
iom,一些
jam,已经
jen,一会儿
jes,是
kie,
mem,本人
nun,现在
nur,仅仅
pli,
plu,继续
tie,
tre,
tro,
tuj,立刻
cxie,
jxus,刚才
kiam,什么时候
plej,最
tial,所以
tiam,那时
tiel,那样
tiom,那么多
cxiam,每次
nenie,
ankaux,也
neniam,从来没有
baldaux,不久
hieraux,昨天
hodiaux,今天
morgaux,明天
tie cxi##,
almenaux,至少
ankoraux,还
preskaux,几乎
tiel cxi##,
oft,
ial,因为某种缘故
iel,用某种方法
volont,情愿的
des,更
neniom,毫无
cxial,种种理由
cxiom,全部
iafoj##,
nenial,无缘无故
neniel,怎样也不
parker,
foj,次
hom,人
jar,年
kap,头
kor,心
lok,地点
man,手
nom,名字
tag,一日
ter,地
vir,男人
voj,路
afer,事
amik,朋友
form,形状
kamp,田地
land,国家
mond,世界
naci,民族
patr,父亲
temp,时间
vort,词
flank,面
infan,幼儿
patrin##,
cxambr,房间
sinjor,先生
akv,水
arb,树
art,技艺
dom,房屋
edz,丈夫
fil,儿子
har,毛
hor,小时
lit,床
mar,海
mon,钱
mur,墙
pac,和平
pec,片
sun,太阳
urb,城市
bild,图
bird,鸟
busx,口
frat,兄弟
hejm,家
knab,男孩
kort,庭院
libr,书
mont,山
okul,眼睛
part,一部分
pied,脚
pord,门
rajt,权利
tabl,桌
vent,风
vest,服装
fingr,手指
frukt,果实
kolor,颜色
leter,信
lingv,语言
maten,早晨
popol,人民
punkt,点
rimed,手段
valor,价值
cxeval,马
famili,家庭
frauxl,未婚男子
person,人
semajn,星期
vesper,傍晚
vizagx,面部
fenestr,窗户
aer,空气
agx,年龄
cel,目的
fer,铁
ide,观念
kat,猫
kol,颈
mez,中间
naz,鼻子
nub,云
ord,次序
pan,面包
roz,蔷薇属植物
best,兽
bord,岸
brak,胳膊
dent,牙
fajr,火
fisx,鱼
flor,花
glas,玻璃杯
hund,狗
korp,身体
lakt,奶
lign,木质部
lini,线
mark,记号
negx,雪
nokt,夜
onkl,叔
orel,耳朵
plum,羽毛
pluv,雨
rond,圆
sang,血
segx,椅子
spec,种类
stat,境况
supr,顶
sxip,船
vitr,玻璃
angul,角
dauxr,持续的时间
dolor,疼痛
gazet,期刊
kauxz,原因
kutim,习惯
minut,分钟
monat,月
natur,自然
nombr,数
paper,纸
plank,地板
river,河
somer,夏天
staci,车站
strat,街
suker,糖
sxton,石
vagon,车厢
veter,天气
vintr,冬天
auxtun,秋天
cxapel,有檐帽
direkt,方向
kolekt,收集
moment,片刻
plezur,愉快
vilagx,村
ekzempl,模范
gxarden,园
histori,历史
printemp,春天
bov,牛
ink,墨水
kaf,咖啡
kok,鸡
kuk,糕点
kuz,堂兄弟
lag,湖
lim,分界线
lun,月亮
maj,五月
pak,包裹
sak,袋
sum,和数
tru,洞
vin,葡萄酒
anim,灵魂
azen,驴
benk,长凳
dors,背
foli,叶
font,泉
fund,底
genu,膝
gren,谷物
grup,一群
herb,草
juli,七月
juni,六月
kart,卡片
klas,阶级
korb,篮
kruc,十字架
krur,小腿
lang,舌头
legx,法律
lund,星期一
mard,星期二
mart,三月
ofic,职位
ombr,阴影
pagx,页
pork,猪
posx,衣袋
radi,光线
regx,王
senc,意义、含义
stel,星
sxaf,绵羊
verk,作品
vocx,嗓音
adres,地址
april,四月
brust,胸
buter,黄油
donac,礼品
glaci,冰
kuler,汤匙
mastr,主人
muzik,音乐
numer,号
posxt,邮车
prunt,借
sabat,星期六
sxtat,国家、州
sxtup,台阶
teler,盘、碟、盆
terur,恐惧
vapor,汽
insekt,昆虫
januar,一月
jxauxd,星期四
kovert,信封
krajon,铅笔
manier,方法
objekt,东西
oktobr,十月
plafon,天花板
region,地区
religi,宗教
spirit,精神
argxent,银
dangxer,危险
decembr,十二月
dimancx,星期日
februar,二月
horlogx,钟
merkred,星期三
novembr,十一月
produkt,产品
vendred,星期五
septembr,九月
bar,障碍
bek,鸟嘴
fak,格子
fum,烟
gas,气体
gut,滴
jak,夹克
kel,地窖
kuv,盆
lip,唇
nep,孙
nev,侄子
not,笔记
ole,油
ond,波浪
ost,骨
par,一双
pom,苹果
pot,壶、罐、锅等
rad,轮
ret,网
sal,盐
sap,肥皂
sem,种子
sud,南
sup,汤
sxu,鞋
tas,杯子
tol,布
tuk,一块布
ung,指甲
val,谷
vic,一列
barb,胡子
bros,硬毛刷
fakt,事实
flag,旗帜
fork,叉子
forn,炉
gast,客人
gras,脂肪
kapr,山羊属动物
karb,煤
kest,箱子
korn,兽角
krim,罪行
lamp,灯
mebl,家具
mien,神态
musx,蝇属昆虫
nord,北
past,生面团
pilk,球
pint,尖
polv,粉
pont,桥
prez,价格
rand,边
regn,国
seri,一系列
sign,标记
sort,命运
spic,香料
vang,面颊
vost,尾巴
vund,伤
botel,细颈瓶
buton,纽扣
cifer,数字
faden,线
frunt,前额
hauxt,皮
honor,尊敬
insul,岛
kajer,笔记本
kamen,壁炉
legom,蔬菜
liter,字母
metal,金属
pingl,大头针
polic,公安、警察部门
polur,光泽
premi,奖品
regul,规则
sezon,季节
sxanc,机会
sxnur,绳
tabul,木板
viand,肉
baston,棒
brancx,枝
cxemiz,男衬衣
doktor,博士
kravat,领带
lecion,课
masxin,机器
milion,兆
najbar,邻居
parenc,亲属
publik,公众
scienc,科学
sekret,秘密
skatol,盒
soldat,士兵
spegul,镜子
sxargx,重荷
sxrank,橱
tualet,服饰
cxapitr,章
fromagx,干酪
kondicx,条件
praktik,实践
serpent,蛇
sxtrump,长袜
tegment,屋顶
telefon,电话
industri,工业
kilogram,千克
okcident,西
pantalon,裤子
abi,冷杉属植物
agl,雕属鸟类
ber,浆果
bot,高筒靴
bul,球
dat,日期
glu,胶
jup,裙
kav,坑
lan,毛
led,皮革
mod,时尚
mor,风俗
pin,松属植物
pip,烟斗
piz,豌豆属植物
put,井
rel,轨条
riz,稻属植物
rok,岩石
suk,汁
tem,题目
tub,管
tur,塔
vat,棉絮
vaz,容器
zon,腰带
arme,军队
bank,银行
bien,庄园
bier,啤酒
bret,搁板
brik,砖
cikl,周期
cxap,无檐帽
drat,金属线
epok,纪元
fask,一捆
feri,假日
film,胶片
flam,火焰
flos,筏
fojn,干草
fulm,闪电
glob,球
grad,度
gust,味
kadr,边框
krem,奶油
kurb,曲线
kurs,课程
larm,眼泪
leon,狮子
litr,升
luks,奢侈
meti,手工业
metr,米
najl,钉子
nest,巢
pajl,麦秸
plac,广场
plad,大菜盘
plan,平面图
poet,诗人
pugn,拳
ring,环
sabl,沙
scen,舞台
skal,等级
soci,社会
spac,空间
stal,厩
task,任务
tomb,坟墓
verm,蠕虫
vers,诗行
viol,堇菜属植物
agord,和音
balon,气球
bilet,票
burgx,自由民
centr,中心点
etagx,楼层
farun,面粉
figur,外形
frost,严寒
gorgx,喉
grund,土
haven,港口
hotel,旅馆
humor,性情
karot,胡萝卜
katar,黏膜炎
kling,刀身
koton,棉花
kvant,量
lepor,兔属动物
makul,污点
manik,袖
membr,肢
mizer,极度贫困
nebul,雾
organ,器官
parti,党
pastr,牧师
radik,根
serur,锁
solid,固体
sonor,鸣响
strek,一道痕
sxvit,汗
tabak,烟草
tabel,石板
titol,书名
tondr,雷
valiz,手提旅行箱
ventr,腹
alumet,火柴
aparat,一套装置
brasik,甘蓝类植物
citron,枸橼
cxifon,破烂
dekliv,斜面
dezert,沙漠
elektr,电
energi,精力
fiancx,未婚夫
hirund,燕属鸟类
kelner,侍者
kvalit,特质
majstr,师傅
mantel,披风
martel,锤子
matrac,床垫
menton,下巴
orangx,柑
origin,起源
potenc,力量
salajr,工资
sekund,秒
societ,会
stomak,胃
sxultr,肩
tapisx,挂毯
tritik,小麦属植物
aventur,奇遇
cigared,纸烟
distanc,距离
embaras,困境
kamarad,同伴
kaserol,蒸锅或炖锅
komitat,委员会
kongres,大会
kvadrat,正方形
magazen,仓库
pasport,护照
politik,政治
registr,登记表
terpom##,马铃薯
akcident,事故
auxtobus,公共汽车
auxtomat,自动装置
cxokolad,巧克力
direktor,主任
instinkt,本能
karakter,性质
kauxcxuk,橡胶
material,材料
standard,国旗
telegraf,电报
restoraci,餐馆
ark,弧
baz,基
beb,婴儿
bub,顽童
bud,简易小屋
fel,毛皮
hok,钩子
huf,蹄
jur,法
kas,钱柜
kin,电影
kom,逗号
kot,泥
lup,狼
mam,乳房
map,地图
min,矿
mus,小家鼠属动物
net,誊清的稿子
nod,结
orf,孤儿
ort,直角
pat,长柄平底锅
pil,电池
pir,梨
pup,洋娃娃
rat,家鼠
rip,肋
rob,无袖长衫
tip,典型
ton,乐音
urs,熊属动物
var,商品
vel,帆
vit,葡萄属植物
abel,蜜蜂属昆虫
auxt,汽车
bluz,罩衣
boat,小船
brov,眉毛
cerb,脑
cxek,银行支票
cxen,链子
disk,铁饼
dram,悲喜剧
drap,呢绒
dusx,淋浴
ezok,狗鱼属鱼类
farb,颜料
febr,发烧
fend,缝
foir,集市
fost,立柱
frag,草莓
fulg,煤烟
funt,一磅
gant,手套
geni,守护神
glor,光荣
golf,海湾
hajl,冰雹
hero,英雄
kemi,化学
kord,弦
kork,软木
krad,栅栏
kran,旋塞
kret,白垩
kriz,危机
kron,花冠
kugl,子弹
kupr,铜
lift,电梯
list,表
mast,桅杆
nadl,指针
nerv,神经
oliv,油橄榄
park,公园
pasi,热情
pask,逾越节
pelt,毛皮
plet,盘
poem,诗
proz,散文
pulm,肺
pulv,火药
rang,级别
revu,检阅
ritm,律动
seks,性
sens,感觉
silk,丝
simi,猿
sojl,门槛
stil,文笔
stri,条纹
sxel,皮层
tend,帐篷
verb,动词
verg,枝条
vert,头顶
vidv,鳏
virt,德
vual,面纱
vulp,狐
afisx,广告
album,影集
almoz,布施
arane,蜘蛛属动物
asoci,协会
avenu,林阴大道
aviadil##,
barel,桶
bazar,市场
betul,桦木属植物
brems,制动器
butik,店
detal,细节
diabl,魔鬼
emoci,感动
enigm,谜语
esenc,本质
fauxk,的血盆大口
fizik,物理学
framb,覆盆子
grajn,谷粒
hxemi,同kemio
ideal,理想
juvel,珍宝
katen,镣铐
kitel,长罩衫
krucx,壶
krust,硬外皮
kubut,肘
kukol,杜鹃属鸟类
kverk,栎属植物
lamen,薄片
marcx,沼泽
metod,方法
model,模型
motor,发动机
nivel,水平面
palac,宫殿
panj,patrino的昵称
penik,画笔
piocx,十字镐
plumb,铅
poezi,写诗艺术
salon,客厅
sauxc,调味汁
sitel,提桶
sklav,奴隶
sport,体育运动和游戏
stamp,印记
stang,竿
stump,残肢
sxtal,钢
sxtof,织物
teatr,戏院
teori,理论
teren,地面
trajn,列车
trajt,相貌
trunk,干
venen,毒
vesxt,背心
abomen,憎恶
angxel,安琪儿
animal,动物
apetit,食欲
apotek,药店
benzin,挥发油
bicikl,自行车
bombon,糖果
cement,水泥
cxeriz,樱桃
desert,餐后点心
fabrik,制造厂
financ,财政
funebr,哀悼
funkci,职能
garagx,收费存车处
imperi,帝国
impost,税
impres,印象
kalkan,脚后跟
kalson,内裤
kamion,卡车
kandel,烛
kanzon,分节诗歌
kastel,小城堡
klient,顾客
kolum##,衣领
kurten,帏
mandat,委托
mister,奥秘
moskit,蚊
muskol,肌
ombrel,伞
pacxj,patro的昵称
parfum,香水
patron,保护人
petrol,石油
posten,哨所
pozici,位置
proces,诉讼
profit,利益
proviz,储备
pulvor,粉末
recept,制法说明
rekord,最高记录
rezerv,限制
signal,信号
sistem,体系
surfac,面
sxofor,汽车司机
tajlor,裁缝
trezor,宝藏
trikot,编织品
vakcin,疫苗
advokat,律师
alkohol,酒精
ampleks,大小
brosxur,小册子
bulvard,林阴大道
deficit,赤字
ekonomi,经济
elefant,象属动物
jxurnal,日报
kabinet,书房
kapital,资产
koncert,音乐会
krepusk,拂晓
kvartal,行政区
miliard,吉
pejzagx,风景
problem,问题
profesi,职业
simpati,同情
student,学生
sxrauxb,螺钉
tempest,暴风
traktor,拖拉机
triangul##,
trotuar,人行道
adjektiv,形容词
dekoraci,装饰
ekvilibr,平衡
esperant,世界语
hospital,医院
intelekt,智力
kalendar,历法
kilometr,千米
komision,委员会
mehxanik,同mekaniko
milimetr,毫米
original,原作
pretekst,借口
struktur,结构
telegram,电报
tribunal,法庭
bibliotek,图书馆
fundament,基础
ingxenier,工程师
konferenc,讨论会
konscienc,良心
literatur,文学
mehxanism,同mekanismo
rekompenc,报酬
respublik,共和制
sekretari,秘书
apartament,成套房间
auxtomobil,同aŭto
auxtoritat,威望
instrument,用具
medikament,药剂
temperatur,温度
cirkonstanc,情况
eksperiment,实验
malvarmum##,伤风
ajl,葱属植物
akn,丘疹、疱疹、痤疮、粉刺的总称
aks,轴
akt,幕
ale,园中小路
alg,藻类
apr,野猪
azi,亚洲
bal,舞会
bet,甜菜属植物
buk,带扣
cep,洋葱
cir,皮革油
dot,嫁妆
ehx,回声
fab,蚕豆
fac,面
fag,壳斗属或山毛榉属植物
fig,无花果
gal,胆汁
gru,鹤属鸟类
gum,树胶
hal,敞棚
jug,轭
kal,趼子
kaz,格
kub,立方体
lad,金属薄板
lak,漆
lap,牛蒡
lin,亚麻属植物
lot,签
luk,天窗
mas,一堆
mat,席子
nuk,项
pap,罗马教皇
pav,孔雀属鸟类
pig,喜鹊属鸟类
pus,脓
ran,蛙属动物
ren,肾
rib,茶藨子属植物
rim,韵
rol,角色
ros,露水
sag,箭
sin,怀
ski,滑雪板
sof,长沙发
tig,主茎
tuf,一束
tun,吨
vip,鞭子
akci,股份
atom,微粒
aven,燕麦属植物
bant,装饰花结
bark,无甲板小船
bask,下摆
bend,带
blok,块
bors,交易所
bovl,碗
brid,马勒
brut,家畜
bukl,卷发
bulb,球茎
bulk,小圆面包
cerv,鹿属动物
cign,天鹅属鸟类
cxel,小房间
dand,花花公子
diet,食谱
dorn,刺
etap,旅站
etat,一览表
fecx,沉渣
felt,毡
frak,燕尾服
fraz,句子
fung,真菌
garb,捆
gent,种族
glav,刀
gobi,鮈属鱼类
gram,克
greg,畜群
grip,流行性感冒
grot,岩洞
gudr,柏油
gxib,驼峰
hegx,灌木树篱
himn,圣歌
hxor,歌舞团
kacx,粥
kagx,笼
kaka,可可豆
kakt,仙人掌科植物
karn,肉
karp,鲤鱼
kejl,楔形木钉
kern,仁
klub,俱乐部
korv,鸦属鸟类
kosm,宇宙
kult,祭礼
lacx,鞋带、束带及类似的东西
lard,猪肥肉
larv,幼虫
lice,中学校
likv,液体
lili,百合属植物
maiz,玉米
malv,锦葵属植物
mens,精神
menu,饭菜
miel,蜂蜜
musk,藓纲植物
muze,博物馆
nuks,坚果
oper,歌剧
oval,卵形线
palm,棕榈科植物通称
palt,外套
pane,暂停前进
perl,珍珠
pian,钢琴
pice,云杉属植物
pipr,胡椒粒
plag,天灾
prun,李
pudr,香粉
punt,花边
raci,理性
rent,租
ruin,遗址
rust,锈
situ,地位
sled,雪橇
sorg,高粱属植物
spik,穗
spur,足迹
stan,锡
sulk,犁沟
takt,拍子
tali,腰
tigr,虎
tort,奶油果酱夹心饼
tram,电车轨道
trup,团
vaks,蜂蜡
vejn,静脉
vesp,胡蜂属昆虫
vind,襁褓
zink,锌
afrik,非洲
agent,代理人
akord,融洽
akrid,蚱蜢
aktor,演员
alarm,警报信号
ampol,细颈瓶
angil,鳗鲡属鱼类
anser,雁属鸟类
artik,关节
bacil,杆菌
bambu,竹
banan,香蕉及各种芭蕉的总称
brand,白兰地酒
bronz,青铜
buked,花束
cigar,雪茄
cikad,蝉属昆虫
cinam,桂皮
cindr,余烬
cirkl,圆
civit,自由市
cxerk,棺材
debet,负债
diant,石竹属植物
dogan,关税
efekt,印象
ekran,炉围
emajl,珐琅
event,事变
fabel,童话
fasad,正面
fason,式样
fluid,流体
fotel,圈椅
front,前线
funel,漏斗
gxerm,胚
hepat,肝
horde,大麦属植物
infer,地狱
ironi,反语
kaban,简陋小屋
kahel,方瓷砖
kajut,船舱
kamel,骆驼属动物
kanal,运河
kankr,河虾
karaf,长颈大肚玻璃瓶
kokos,椰子
krani,颅
krest,鸟冠
kukum,黄瓜属植物
kupon,息票
kusen,垫子
latun,黄铜
lauxb,棚架
lekci,演讲
lesiv,洗衣粉
limak,蛞蝓属动物
logik,逻辑
lotus,百脉根属植物
melon,甜瓜
moral,伦理道德
muzel,突出的口器
nilon,锦纶
ocean,茫茫一片
palat,腭
palis,木桩
papag,鹦鹉属鸟类
paser,雀属鸟类
pensi,退休金
peron,露天台阶
pilot,领航员
pland,脚掌
plast,塑料
porci,一份
princ,君主
pupil,瞳孔
rabat,减价
rafan,萝卜属植物
rauxp,毛虫
resum,摘要
rimen,皮带
roman,长篇小说
salat,色拉
salik,柳属植物
satir,讽刺诗
sciur,松鼠属动物
sekal,黑麦属植物
sekci,组
senat,元老院
split,裂片
spong,海绵动物的总称
stadi,一站路
statu,雕像
sterk,肥料
strig,鸱鴞属鸟类
strut,鸵鸟属鸟类
sxink,火腿
sxtip,木料
tapet,帷幔
tarif,税率表
tegol,瓦
tekst,原文
teras,平台
tomat,西红柿
tuber,隆起
tunel,隧道
velur,天鹅绒
veruk,疣
vezik,囊
volum,卷
adverb,副词
akcent,重音
alauxd,云雀属鸟类
amator,收藏家
amerik,美洲
arteri,动脉
asfalt,沥青
auxtor,作者
barbir,理发师
bugxet,预算
bulten,会报
cikatr,伤痕
cikoni,鹳属鸟类
cirkel,两脚规
daktil,海枣
dialog,对话
egoist##,利己主义者
eklezi,教会
emerit,离休者
euxrop,欧洲
fajenc,瓷料
fazeol,菜豆属植物
fontan,人工喷泉
formik,蚂蚁
formul,公式
fripon,流氓
furagx,饲草
galosx,套鞋
gvardi,近卫军
gxemel,孪生子之一
hangar,飞机库
haring,大西洋鲱
hazard,机遇
hektar,公顷
herold,传令官
higien,卫生学
impuls,推进力
insign,徽章
intest,肠
jubile,五十年节
karton,纸板
kasked,制服帽
kavern,地下深洞
kirurg,外科医生
klimat,气候
klinik,临床讲解
kolegi,学院
kolomb,鸽属鸟类
kolumn,栏
komedi,喜剧
konsul,执政官
konval,铃兰属植物
kornik,灰背乌鸦
kostum,服装
kredit,信用
kukurb,南瓜属植物
kunikl,家兔
kurent,电流
lacert,蜥蜴属动物
licenc,例外
maleol,踝骨
materi,物质
mirtel,欧洲越橘
monstr,畸形的动植物
oficir,军官
orator,演说家
papili,蝴蝶
pendol,摆
period,周期
persik,桃
pionir,工兵
planed,行星
platan,悬铃木属植物国梧桐
plural,复数
profet,先知
prolet,无产者
pronom,代词
reakci,反动
regxim,政体
rivolu,旋转
ruband,丝带
skorpi,蝎属动物
spinac,菠菜属植物
stamen,雄蕊
statur,身材
surtut,大衣
sxakal,豺属动物
sxauxm,泡沫
teknik,技术
testud,龟属动物
torent,激流
trafik,运输
tumult,嘈杂
turism,旅游
turist,旅游者
vertic,顶点
viktim,祭祀用的牺牲
violon,小提琴
vulkan,火山
vultur,兀鹰属鸟类
abrikot,杏
akademi,学院
alfabet,字母表
alumini,铝
ambasad,使团
anekdot,轶事
apertur,物体进出口
apostol,使徒
asemble,议会
bagatel,小事
bakteri,细菌
bandagx,绷带
bifstek,牛排
budgxet,同buĝeto
burgxon,芽
central,动力厂
cirkvit,电路
cxarum##,独轮车
dimensi,大小
ekvator,赤道
element,元素
epidemi,流行病
fantazi,想象
fenomen,表象
gelaten,明胶
general,将领
girland,花环
harmoni,谐音
instanc,诉讼审级
invalid,残疾人
kaldron,大锅
kasxtan,栗子
katalog,目录
kirurgi,外科
kolonel,团长
komisar,临时委员
kompani,合股
koncept,概念
konkord,完全一致
konkurs,竞赛
koridor,走廊
kristal,晶体
lantern,提灯
latitud,纬度
medicin,医学
mineral,矿物
minimum,最小量
ministr,部长
obstakl,障碍
orkestr,乐队席
pacifik,太平洋
palpebr,眼皮
pantofl,拖鞋
paradiz,乐园
paralel,平行线
plastik,造型艺术
portret,肖像
princip,本原
program,程序表
projekt,打算
proverb,谚语
provinc,省
rendevu,约会
sinten##,举止
situaci,处境
stadion,运动场
subjekt,主语
tehxnik,同tekniko
tendenc,习性
tinktur,染料
tradici,传统
tragedi,悲剧
traktat,条约
trumpet,小号
uniform,制服
vegetal,植物
viadukt,天桥
volumen,体积
zoologi,动物学
atlantik,大西洋
avantagx,优越
bracelet,镯
cirkuler,传单
dokument,文件
federaci,联邦
generaci,代
geografi,地理学
gramatik,语法
gxendarm,宪兵
horizont,地平线
individu,个体
kandidat,候选人
karnaval,狂欢节
kategori,种类
komunum##,市镇
krokodil,鳄属动物
longitud,经度
maksimum,最大量
marmelad,果酱
monument,纪念碑
parasxut,降落伞
pasagxer,旅客
plandum##,鞋底
porcelan,瓷
procent,
profesor,教授
radiator,辐射体
regiment,团
rektangul##,
sandvicx,三明治
sindikat,工会
singular,单数
specimen,货样
spektakl,演出
substanc,物质
teritori,领土
vertikal,垂直
ambasador,大使
auxstrali,澳大利亚
centimetr,厘米
ekspozici,展览
inspektor,舞台监督
kalkanum##,鞋后跟
konfidenc,知心话
lokomotiv,机车
matematik,数学
metalurgi,冶金学
ministeri,部
najtingal,歌鸲属鸟类
ortografi,正字法
parlament,议会
proletari,同proleto
propozici,单句
psikologi,心理学
suplement,增补
termometr,温标
elektronik,电子学
helikopter,直升飞机
horizontal,水平线
komplement,补语
konsekvenc,自然结果
konstituci,宪法
laboratori,实验室
leuxtenant,陆军中尉
mediterane,地中海
substantiv,名词
universitat,大学
s-ro##,
s-ino##,
sinjorin##,
alk,
aln,
ann,
bed,
boa,
buf,
cim,
col,
dam,
dig,
duk,
fav,
fok,
fut,
gad,
gam,
gri,
guf,
huz,
kan,
ken,
ker,
kil,
kuf,
kul,
kup,
laf,
lir,
lod,
lol,
mac,
mel,
mes,
mev,
muf,
muk,
mul,
nap,
peg,
pol,
pul,
rap,
rif,
rod,
rot,
rub,
rum,
rus,
seb,
sel,
tez,
tul,
ulm,
uln,
unc,
urn,
vil,
abat,
acer,
akar,
alte,
alun,
amel,
anas,鸭属鸟类
angl,
aniz,
ankr,
arcx,
arde,
aren,
atut,
avel,
aviz,
azot,
bast,
bert,
blat,
bram,
bran,
burd,
cedr,
citr,
cxam,
cxan,
dogm,
drak,
drog,
ebon,
eter,
fabl,
falk,
fibr,
flan,
flok,
flut,
fraj,
ftiz,
gajl,
gips,
glan,
glim,
graf,
gril,
gros,
gurd,
ibis,
idol,
kalk,
kand,
kard,
karo,
kask,
kaze,
kegl,
klap,
klav,
kluz,
kojn,
koks,
konk,
kren,
krep,
krop,
krup,
lake,
laks,
legi,
lent,
lepr,
lian,
lien,
link,
liut,
lojt,
lorn,
lumb,
lutr,
magi,
mana,
mari,
mask,
masx,
mecx,
mejl,
ment,
merl,
mesi,
mili,
mirh,
mirt,
misi,
mops,
most,
nicx,
omar,
opal,
ostr,
paru,
pecx,
pelv,
perk,
pest,
petr,
pini,
pips,
plik,
plot,
popl,
pram,
sakr,
salm,
sepi,
sofi,
sorp,
spat,
spin,
stab,
step,
stip,
stof,
stup,
sxak,
sxal,
sxam,
taft,
talp,
tetr,
tibi,
tili,
tine,
torf,
trab,
tref,
tril,
trip,
trog,
tron,
truf,
trul,
trut,
turd,
turk,
turt,
uter,
uxat,
vafl,
vals,
vekt,
zebr,
altar,
ambos,
anton,
ardez,
argil,
aspid,
balen,
barcx,
boben,
brank,
bubal,
bufed,
cejan,
dativ,
datur,
demon,
denar,
deviz,
domen,
embri,
emili,
ermen,
ermit,
facet,
fazan,
femur,
filik,
flegm,
fokus,
franc,
frank,
fring,
galon,
gazel,
genot,
georg,
gitar,
gland,
grosx,
hebre,
heder,
herez,
herni,
hirud,
hosti,
husar,
hxaos,
idili,
johan,
jozef,
kalik,
kambi,
kamer,
kanab,
kanap,
kapel,
kapon,
kapor,
kapot,
karas,
karob,
katun,
kerub,
kiras,
klaft,
klosx,
koaks,
koleg,
kolon,圆柱
komiz,
komod,
konus,
kopek,
koran,
kramp,
kring,
krisp,
krist,
kupol,
kvarc,
kvart,
lanug,
lauxr,
libel,
liken,
livre,
logxi,
lupol,
lustr,
luter,
medal,
meriz,
moned,
morus,
mosxt,
negoc,
nobel,
novic,
nuanc,
oblat,
okzal,
orden,
orgen,
pagxi,
papav,
pariz,
pauxl,
pavim,
pedik,
percx,
piked,
pilol,
pirit,
pirol,
piroz,
pisxt,
plusx,
poent,
pokal,
polus,
potas,
prujn,
pudel,
pumik,
puncx,
putor,
raben,
rapir,
regol,
rezin,
rostr,
ruben,
safir,
salvi,
sigel,
silab,
silik,
silur,
silvi,
sirop,
skabi,
skadr,
skarp,
skvam,
sorik,
spion,
spron,
stabl,
sturg,
sturn,
sxalm,
sxark,
sxelk,
sxild,
sxind,
sxlim,
taban,
tavol,
tempi,
tetan,
tetra,
timon,
topaz,
torcx,
tromb,
tulip,
ulcer,
urtik,
vanil,
vasal,
velen,
verst,
vezir,
vipur,
vokal,
zenit,
zibel,
zizel,
absces,
absint,
alcion,
amfibi,
ananas,
artrit,
atripl,
berlin,
bismut,
boraks,
buljon,
bulonj,
busxel,
centim,
cikori,
cimbal,
cinabr,
cipres,
cxarpi,
damask,
delfen,
didelf,
embusk,
epolet,
erinac,
ernest,
eskadr,
faktur,
falbal,
fantom,
faring,
fenkol,
ferdek,
fistul,
flanel,
fosfor,
frangx,
furunk,
fusten,
galeri,
gamasx,
german,
granat,
granit,
grenad,
grifel,
gxiraf,
haladz,
hamstr,
hispan,
hximer,
hxoler,
ingven,
izrael,
jasmen,
kalesx,
kalvin,
kamfor,
kamlot,
kanajl,
kanari,
kantor,
kanvas,
kapsul,
kapucx,
kardel,
karmin,
karpen,
kastor,
kaviar,
kobalt,
kobold,
kolbas,
kolibr,
kolimb,
kolubr,
komuni,
kontor,
kontur,
kornic,
korpus,
koturn,
kraken,
kratag,
krater,
kronik,
kurier,
lampir,
laring,
lavang,
legend,
lekant,
lentug,
levkoj,
likvor,
litani,
london,
magnet,
makzel,
mangan,
markot,
marmor,
marmot,
mastik,
migdal,
miogal,
miozot,
monahx,
morbil,
morter,
muskat,
muslin,
mustel,
nanken,
narcis,
nikola,
notari,
orakol,
paletr,
panter,
parget,
parohx,
parter,
pastel,
patent,
patrol,
pfenig,
pistak,
pistol,
plastr,
platen,
ponard,
porfir,
porter,
primol,
prunel,
purpur,
rekrut,
rempar,
risort,
rosmar,
rozari,
rubrik,
safran,
sambuk,
sankci,
sardel,
sceptr,
selakt,
servic,
servut,
siring,
skapol,
skarab,
skolop,
skurgx,
sofism,
sopran,
spalir,
stefan,
sufiks,
sukcen,
sulfur,
talent,
tambur,
tenden,
teodor,
termin,
testik,
timian,
tombak,
trahxe,
tremol,
tribun,
tropik,
turban,
turkis,
turnir,
urogal,
variol,
viburn,
vikari,
vinagr,
vizier,
volupt,
ablativ,
antimon,
arleken,
arsenik,
artifik,
asparag,
bajonet,
bastion,
beladon,
biskvit,
cxampan,
cxarnir,
diamant,
episkop,
esxafod,
fraksen,
frangol,
fringel,
genitiv,
henriet,
hidrarg,
hiskiam,
histrik,
jugland,
juniper,
kalikot,
kamizol,
kamomil,
kapitan,
kapitel,
kapreol,
kapucen,
karaben,
kartocx,
karusel,
kavalir,
klarnet,
klister,
koklusx,
kolofon,
kompres,
kurator,
kvitanc,
leontod,
leopard,
limonad,
lonicer,
ludovik,
lunatik,
maroken,
marsxal,
meleagr,
membran,
mihxael,
monarhx,
mustard,
negligx,
nikodem,
novjork,
oksigen,
oksikok,
parazit,
pastecx,
pelikan,
perdrik,
poligon,
prefiks,
redakci,
rinocer,
salpetr,
sentenc,
skarlat,
skorbut,
skrofol,
smerald,
sterled,
stertor,
sxiller,
umbilik,
univers,
varsovi,
verdigr,
vertebr,
vespert,
vestibl,
vilhelm,
virtuoz,
vitriol,
zingibr,
akcipitr,
akuzativ,
argument,
arhxaism,
artisxok,
baldaken,
briliant,
diplomat,
distrikt,
elizabet,
fragment,
framason,
frugileg,
hidrogen,
hortulan,
institut,
kantarid,
kariofil,
kartilag,
katarakt,
kocxenil,
kokcinel,
konvulsi,
leksikon,
marcipan,
medalion,
monarhxi,
obstrukc,
paradoks,
parentez,
particip,
pasament,
pastinak,
pergamen,
peritone,
perlamot,
petromiz,
petrosel,
ranunkol,
redaktor,
rezultat,
rosmaren,
sergxent,
sublimat,
tacxment,
terebint,
tornistr,
zamenhof,
aleksandr,
anunciaci,
balustrad,
cxambelan,
cxarlatan,
deklinaci,
diplomati,
ekscelenc,
ekzempler,
entuziasm,
fortepian,
galanteri,
ihxtiokol,
instituci,
instrukci,
kancelari,
kancelier,
kataplasm,
kondolenc,
konjugaci,
konjunkci,
konsonant,
korporaci,
kvaranten,
nominativ,
pentekost,
piedestal,
prepozici,
privilegi,
promontor,
salamandr,
testament,
vermicxel,
interjekci,
supersticx,
vasxington,
violoncxel,
arhxitektur,
interpunkci,
jork,
parok,
navig,
kaos,
kimer,
korus,
monak,
iktiokol,
ald,
alo,
api,
ari,
bas,
car,
dog,
dok,
doz,
ego,
elf,
etn,
faz,
fon,
fuk,
gaz,
gem,
hum,
jod,
jud,
kep,
lat,
lob,
mim,
mit,
muz,
nas,
nav,
niz,
oaz,
opi,
puf,
raj,
ras,
ref,
rit,
rut,
sod,
tif,
tog,
viz,
agat,
agxi,
alen,
ambr,
amor,
aort,
arom,
astm,
astr,
azil,
bard,
bomb,
bosk,
brom,
bust,
cend,
cidr,
cirk,
dali,
dign,
duel,
duet,
ebur,
eden,
egid,
erik,
etik,
etim,
fars,
fili,
fisk,
furi,
gnom,
grog,
gruz,
gxin,
hidr,
hien,
irid,
iris,
istm,
jesu,
junk,
kabl,
kali,
kame,
kast,
klor,
kofr,
kolz,
kont,
krab,
kres,
kupe,
laik,
lama,
lanc,
lens,
lord,
malt,
mani,
medi,
milv,
mitr,
moru,
mosk,
mumi,
naft,
negr,
nimb,
norm,
obol,
ogiv,
orgi,
ozon,
penc,
pleb,
podi,
polk,
pomp,
pore,
rabi,
rism,
romb,
rubl,
sabr,
sagu,
sald,
salv,
sekt,
sfer,
skem,
skol,
slip,
sokl,
sold,
sole,
spad,
sxah,
talk,
teni,
tiar,
tink,
tors,
tost,
trop,
turb,
ukaz,
ulan,
uzur,
verv,
vink,
visk,
vist,
vizi,
zuav,
abism,
adept,
afiks,
afust,
agraf,
akaci,
akciz,
aksel,
albin,
alibi,
aline,
alkov,
amfor,
angin,
angor,
anten,
apati,
apoge,
arkad,
arkiv,
arnik,
atlas,
atlet,
aviad,
balad,
balet,
barak,
baron,
basen,
beril,
bibli,
bigot,
biret,
bitum,
bivak,
brecx,
brocx,
bronk,
cigan,
cikut,
cxifr,
debat,
dekan,
dilem,
diluv,
divan,
dolar,
drakm,
dukat,
edikt,
eklog,
ekzem,
elegi,
elips,
elizi,
emfaz,
epope,
fagot,
fakir,
fatal,
feuxd,
fiakr,
fiask,
final,
fjord,
forum,
fresk,
furor,
galer,
galop,
garol,
goril,
hamak,
harem,
harpi,
helic,
helik,
hisop,
hoboj,
humer,
idiom,
idiot,
ileks,
iluzi,
indig,
jalap,
judism##,
kabal,
kadet,
kalif,
kanon,
karat,
kazin,
kinin,
kirsx,
kloak,
kobaj,
kokon,
kolik,
kolos,
komet,
koral,
korne,
korol,
kozak,
krabr,
kreol,
kript,
kulis,
kumin,
kvast,
kvint,
lagun,
lapis,
larik,
later,
lazur,
legat,
lirik,
madon,
major,
mamut,
medol,
meduz,
melas,
melis,
miasm,
mimoz,
mitul,
moske,
motiv,
natri,
nikel,
nimfe,
noktu,
nomad,
novel,
nunci,
oksid,
oktav,
oniks,
optik,
orbit,
oriol,
ovaci,
pagod,
panel,
panik,
paraf,
patos,
pedal,
pedel,
peoni,
peruk,
pigme,
pirat,
pivot,
polip,
polis,
pomad,
prior,
prism,
psalm,
raket,
rebus,
retin,
retor,
rezed,
ricin,
rokok,
rubus,
rutin,
saliv,
satan,
saten,
seraf,
sifon,
sinap,
sinod,
siren,
skalp,
skerc,
skism,
sonat,
sonet,
spasm,
sperm,
splen,
stopl,
strof,
sutan,
sxose,
sxpat,
taler,
tanin,
tarok,
teism,
teist,
templ,
tenor,
teror,
tindr,
tiran,
tonel,
trofe,
trust,
tunik,
utopi,
vanel,
vinkt,
viper,
viski,
zefir,
advent,
aksiom,
akvari,
algebr,
alkemi,
ambici,
amulet,
anagal,
anarki,
anatom,
ancxov,
anemon,
anilin,
aplomb,
apolog,
arbust,
arhxiv,
asesor,
ateism,
ateist,
auxkci,
balast,
balkon,
balzam,
bandit,
barbar,
barier,
bateri,
batist,
bazalt,
beletr,
bilanc,
bilard,
binokl,
biolog,
blazon,
blokad,
bordel,
braman,
brigad,
buduar,
burnus,
celeri,
cidoni,
ciklon,
ciklop,
dekret,
depesx,
despot,
diabet,
diadem,
diakon,
diplom,
divizi,
dragon,
eklips,
eksces,
ekstaz,
ekvaci,
emblem,
emulsi,
endivi,
epilog,
epitet,
epizod,
erupci,
eskort,
estrad,
etiket,
euxnuk,
ezofag,
faktor,
falang,
fanfar,
feniks,
feston,
feticx,
fleksi,
floren,
format,
frakci,
fregat,
galant,
gangli,
genist,
geolog,
gerani,
gigant,
glazur,
glikoz,
glukoz,
gondol,
grafit,
gulden,
harpun,
hetman,
hipnot,
incens,
indeks,
inflam,
jaguar,
jezuit,
jxaket,
kadavr,
kadenc,
kalibr,
kameli,
kantat,
kanton,
karbon,
karcer,
karier,
kariol,
katedr,
kauxci,
kazern,
kokard,
kolodi,
koloni,
kompas,
kondor,
konjak,
korife,
kornet,
korsar,
korset,
korvet,
kotlet,
kursiv,
laktuk,
lavend,
loteri,
lucern,
maksim,
malari,
marasm,
markiz,
martir,
masagx,
mazurk,
medium,
melodi,
mentor,
merkat,
mespil,
meteor,
metrik,
mikrob,
mirakl,
miriad,
molusk,
monark,
morfin,
mozaik,
munici,
nektar,
orkide,
pacxul,
parodi,
pavian,
pedant,
pepsin,
petard,
piastr,
pistil,
podagr,
ponton,
portal,
portik,
prelat,
prelud,
premis,
profan,
profil,
prolog,
puding,
pupitr,
pustul,
rabarb,
regent,
rektor,
relief,
retort,
romanc,
rotond,
sandal,
santal,
sarong,
satrap,
sektor,
septet,
serajl,
sevrug,
sfinks,
siluet,
simbol,
sinkop,
sintez,
skelet,
sofist,
spektr,
spiral,
sponde,
suflor,
sultan,
sxalup,
sxankr,
sxarad,
taksus,
taktik,
talmud,
tamtam,
tandem,
tapiok,
teolog,
teorem,
terapi,
tercet,
termit,
tonsur,
torped,
trapez,
tribut,
triumf,
turbin,
unison,
uragan,
vampir,
verand,
vermut,
vinjet,
zigzag,
zodiak,
admiral,
aerolit,
aforism,
agronom,
akrobat,
akvarel,
alegori,
alhxemi,
almanak,
ambrozi,
ametist,
amnesti,
anagram,
analogi,
anapest,
anatomi,
angelik,
anomali,
antilop,
antipod,
antitez,
apoteoz,
apozici,
arabesk,
arkaism,
asonanc,
atavism,
atribut,
auxreol,
bankier,
barikad,
bariton,
bastard,
bazilik,
biograf,
biologi,
bisturi,
bombast,
botanik,
celuloz,
ceramik,
cilindr,
cistern,
citadel,
cxevron,
demagog,
diagnoz,
dialekt,
diametr,
difteri,
diftong,
dinamik,
dinamit,
dinasti,
doktrin,
ekspres,
eliksir,
eminenc,
epiderm,
epifani,
epigraf,
epigram,
erudici,
estetik,
etimolog##,
etiolog,
evoluci,
farmaci,
filolog,
filozof,
fonetik,
fronton,
gangren,
gardeni,
gencian,
geodezi,
geograf,
geologi,
geometr,
gerundi,
gilotin,
gimnast,
gimnazi,
guberni,
hiacint,
hipotek,
hipotez,
histeri,
homonim,
hxirurg,
judaism,
jxargon,
kalomel,
kanaben,
kanibal,
kanonik,
kaporal,
karamel,
karavan,
kartusx,
katolik,
kazemat,
komplot,
koncesi,
kontakt,
korsajx,
kreozot,
kriteri,
kvadril,
kvestor,
letargi,
liturgi,
lozangx,
lumbrik,
mahagon,
majolik,
makadam,
makaron,
malakit,
mansard,
margxen,
matador,
mekanik,力学
merlang,
metafor,
minaret,
mirabel,
molekul,
monarki,
monolog,
monopol,
nikotin,
obelisk,
oleandr,
oligark,
omnibus,
onobrik,
optativ,
pacient,
palinur,
pamflet,
panoram,
papirus,
parabol,
parafin,
paskvil,
pasxtel,
patolog,
patrici,
patriot,
pedagog,
pelerin,
pension,
percept,
pilastr,
piramid,
plagiat,
plantag,
polemik,
prefekt,
procesi,
prognoz,
prozodi,
puritan,
retorik,
revizor,
samovar,
sarkasm,
segment,
sekreci,
semafor,
serenad,
sifilis,
simetri,
simfoni,
simptom,
sinagog,
sinedri,
sinonim,
sintaks,
skandal,
skrupul,
stearin,
sugesti,
sxiling,
taburet,
tangent,
teokrat,
teologi,
trombon,
ultimat,
uvertur,
variant,
vazelin,
verdikt,
veteran,
vokativ,
abnegaci,
adjutant,
aeroplan,
agronomi,
akvafort,
akvilegi,
alabastr,
aligator,
ambulanc,
antipati,
antologi,
apostrof,
arbalest,
areometr,
arkeolog,
arkitekt,
artileri,
astrolog,
astronom,
atmosfer,
auxdienc,
balistik,
balzamin,
banderol,
barelief,
batalion,
bazilisk,
biografi,
ceremoni,
dekadenc,
delegaci,
demagogi,
demokrat,
diafragm,
diagonal,
diapazon,
didaktik,
difterit,
diktator,
discxipl,
dispepsi,
ditiramb,
dromedar,
ekstrakt,
epilepsi,
erizipel,
etimologi##,
etiologi,
etnograf,
evangeli,
faksimil,
fakultat,
felieton,
feminism,
feminist,
filologi,
filozofi,
fiziolog,
fonograf,筒式留声机
galantin,
garnitur,
garnizon,
genealog,
geometri,
glicerin,
gliciriz,
grafolog,
gramofon,
gutaperk,
halebard,
harmonik,
hegemoni,
hekatomb,
hierarki,
hipodrom,
honorari,
horoskop,
hortensi,
hxirurgi,
idiotism,
imperial,
indigxen,
inkognit,
intervju,
kalendul,
kardinal,
katafalk,
katakomb,
katedral,
katekist,
kavaleri,
komandit,
konfekci,
konflikt,
kontralt,
kontrast,
konvenci,
kosmetik,
kreditor,
ksilofon,
kvocient,
labirint,
lauxreat,
logaritm,
logogrif,
makaroni,
mandaren,
mandolin,
manifest,
manometr,
margarin,
marionet,
mauxzole,
mekanism,机械原理
melodram,
meridian,
metronom,
metropol,
mikrofon,
miniatur,
monogram,
monomani,
naftalin,
narkotik,
navigaci,
nekrolog,
nepotism,
nihilism,
nihilist,
nostalgi,
numismat,
obligaci,
oligarhx,
oligarki,
optimism,
optimist,
organism,
orografi,
pacifism,
pacifist,
palanken,
panteism,
panteist,
pantomim,
paradigm,
parafraz,
paragraf,
partitur,
patologi,
pedagogi,
perimetr,
peristil,
pesimism,
pesimist,
pleonasm,
poliglot,
preterit,
procedur,
projekci,
proporci,
prospekt,
protokol,
prototip,
prozelit,
psikolog,
referenc,
renesanc,
reputaci,
revelaci,
revolver,
rojalist,
sacerdot,
sakristi,
sarkofag,
seminari,
sensaci,
sfinkter,
silogism,
solecism,
stipendi,
strategi,
subvenci,
talisman,
tamburin,
tarantel,
tarantul,
teleskop,
teokrati,
tipograf,
topograf,
toreador,
transept,
tuberkul,
amfiteatr,
apopleksi,
arbitraci,
arhxeolog,
arhxitekt,
aritmetik,
arkeologi,
arkipelag,
astrologi,
astronomi,
auxditori,
auxtograf,
auxtokrat,
deklaraci,
demokrati,
dialektik,
disciplin,
disenteri,
entomolog,
etnografi,
filantrop,
fiziologi,
fizionomi,
fotografi,
genealogi,
gladiator,
grafologi,
harmonium,
heksametr,
heliotrop,
hidrofobi,
hieroglif,
higrometr,
hipopotam,
homeopati,
ideografi,
imperativ,
imperfekt,
impresari,
indikativ,
infanteri,
infinitiv,
inkvizici,
intendant,
kabriolet,
kandelabr,
karikatur,
kartograf,
kastanjet,
katalepsi,
katastrof,
katehxist,
kompromis,
konduktor,
konkurenc,
kontinent,
kontrabas,
konvolvul,
kosmogoni,
kosmograf,
krizantem,
kronologi,
kronometr,
krucifiks,
kvadratur,
litografi,
lokomobil,
melankoli,
metafizik,
mikrometr,
mikroskop,
mineralog,
monoteism,
neologism,
oligarhxi,
ornitolog,
ostracism,
paleograf,
palisandr,
paroksism,
pentametr,
plutokrat,
politeism,
providenc,
pulcxinel,
purgatori,
recitativ,
reformaci,
rekrement,
repertuar,
rezignaci,
sakrament,
sekundant,
skarlatin,
skolastik,
somnambul,
sortiment,
spekulaci,
spiritism,
spiritist,
stalagmit,
stalaktit,
statistik,
sxovinism,
sxovinist,
tipografi,
topografi,
velociped,
veterinar,
vivisekci,
abiturient,
alternativ,
anakronism,
antropolog,
arhxeologi,
arhxipelag,
aristokrat,
arkitektur,
auxtokrati,
beletristik,
bibliograf,
civilizaci,
dinamometr,
ekskrement,
entomologi,
euxkaristi,
filantropi,
hipertrofi,
ingredienc,
inkvizitor,
kartografi,
koeficient,
kompliment,
kongregaci,
konsistori,
kontraband,
kontribuci,
kosmografi,
kosmopolit,
krestomati,
kvintesenc,
manufaktur,
manuskript,
metamorfoz,
meteorolog,
mineralogi,
naturalism,
numismatik,
ornitologi,
paleografi,
perspektiv,
plutokrati,
pneuxmatik,
prerogativ,
pseuxdonim,
stenografi,
subjunktiv,
superlativ,
tuberkuloz,
admiralitat,
antropologi,
aristokrati,
bibliografi,
cirkumfleks,
demonstraci,
departement,
enciklopedi,
hermafrodit,
hidrostatik,
hidroterapi,
imperialism,
inauxguraci,
kalejdoskop,
kondicional,
konfederaci,
konglomerat,
kontrapunkt,
manifestaci,
metempsikoz,
meteorologi,
observatori,
paleontolog,
pleuxronekt,
protagonist,
protektorat,
pseuxd,
racionalism,
racionalist,
reuxmatism,
temperament,
tragikomedi,
administraci,
demonstrativ,
konservatori,
paleontologi,
paralelogram,
spiritualism,
spiritualist,
trigonometri,
auxtobiografi,
t.e.,
k.t.p.,
kiom,"重复的词根已经移至以下位置

多少"
kiom##,多少
kiom##,多少
dum,在整个某段时间内
dum##,在整个某段时间内
gxis,到
gxis##,到
anstataux,代替
anstataux##,代替
kiu##,谁
kiu,谁
tiu##,那人
tiu##,那人
cxiu,每个人
cxiu##,每个人
neniu,没有人
neniu##,没有人
ambaux,两者
ambaux##,两者
tiu cxi##,
tiu cxi##,
fiks,固定的
fiks##,固定的
fals,假
fals##,假
cxu##,表示疑问
cxu,表示疑问
kial,为什么
kial##,为什么
kiel,怎样
kiel##,怎样
tamen,可是
tamen##,可是
apenaux,至多
apenaux##,至多
kvazaux,好象
kvazaux##,好象
cxirkaux,环绕
cxirkaux##,环绕
precip##,最主要的
precip,最主要的
tut,整个
tut##,整个
rest##,停留
rest,停留
cxiel,天
cxiel##,天
interes,使发生兴趣
interes##,使发生兴趣
lig,绑
lig##,绑
rul,滚动
rul##,滚动
arm##,武装
arm,武装
fos,掘土
fos##,掘土
plant,栽种
plant##,栽种
orient##,东
orient,东
fald,折叠
fald##,折叠
kaj,和
kaj##,和
amas,一大堆
amas##,一大堆
kopi,复制品
kopi##,复制品
fotograf,摄影
fotograf##,摄影
cxar,因为
cxar##,因为
fikci##,虚构
fikci,虚构
nul,零
nul##,零
klar##,清楚
klar,清楚
artikol,冠词
artikol##,冠词
auxgust,八月
auxgust##,八月
por,为
por##,为
opozici,反对
opozici##,反对
fot,
vibr,
oscil,
fluktu,
ad,继续
ad##,act
ag,行为
al,～走向
am,去爱
an,成员
ar,组
as,现在时
at,被动
av,祖父
bo,姻亲
ci,你
da,的
de,～的
di,神
Di,上帝
do,于是
du,二
ec,自然
eg,强大
ej,地方
ek,开始
el,从
em,倾向
en,In 
er,微粒
et,弱
fe##,fairy
fi,切特恶心
fi,卑鄙
ge,両性
ha,啊 
he,嘿！ 
ho,好吧！
ia,某种
id,后代
ie,某处
ig##,
il,工具
in,女性
io,某物
ir,去 
is,过去式
it,被动
iu,某 ~
iu,某人
ja,事实上
je,对
ju,越做越多
ke,你做得越多
l'##,定冠词 la 的缩写
la##,
li,他
lu,租
mi,我
ne,不
ni,我们
nj,女生
nu,嗯
od##,eau
ok,八
ol,多于
on,分数
op,整数
or,金
os,未来时态
ot,被动
ov,蛋
pi,虔诚
po,一个接一个
re,再
se,如果 ~ 然后
si,我自己
te,茶
uj,容器
ul,人
um,无特定含义
ur,野牛
us,条件法
uz,使用
ve##,啊！ 悲伤 悲伤
vi,你
