adiaux,прощай
bis,бис
hura,ура
uxa,уа!
kia,какой
tia,такой
cxia,всё
kies,чей
nenia,никакой
ali,иной
alt,высокий
bel,красивый
bon,хороший
jun,молодой
nov,новый
sam,тот же
fort,сильный
grav,важный
kelk,несколько
last,последний
long,длинный
mult,много
plen,полный
ricx,богатый
rugx,красный
facil,лёгкий
grand,большой
liber,свободный
rapid,быстрый
felicx,счастливый
proksim,близкий
fru,рано
pur,чистый
sol,единственный
ver,правда
cert,точный
nigr,чёрный
varm,жаркий
afabl,любезный
blank,белый
dolcx,сладкий
neces,нужный
propr,свой
simpl,простой
dekstr,правый
kuragx,смелый
trankvil,спокойный
blu,синий
dik,толстый
gaj,весёлый
hel,светлый
kar,дорогой
lac,устал
san,здоровье
sat,сыт
just,справедливость
prav,правильный
pret,готовый
util,полезный
verd,зелёный
apart,отдельный
atent,внимательный
fremd,чужой
gxust,правильный
komun,общий
largx,широкий
agrabl,приятный
divers,разные
intern,внутренний
suficx,достаточный
kontent,доволен
profund,глубокий
mol,мягкий
pez,тяжёлый
sek,сухой
brun,коричневый
egal,равный
flav,жёлтый
griz,серый
kulp,виновный
lert,умелый
rekt,прямой
sagx,мудрый
vast,широкий
ceter,остальной
fresx,свежий
simil,похожий
kapabl,способный
serioz,серьёзный
efektiv,реальный
ordinar,обычный
akr,острый
fam,известный
ies,чей-то
avar,жадный
dens,густой
eben,ровный
fier,гордый
firm,прочный
nepr,необходимый
plat,плоский
plur,много
surd,глухой
vigl,оживлённый
fidel,верный
kviet,тихий
matur,зрелый
sankt,святой
spert,опытный
subit,внезапный
tauxg,полезный
honest,честный
konven,подходящий
plur,много
preciz,точный
strang,странный
delikat,нежный
gxentil,вежливый
komfort,удобный
pacienc,терпеливый
special,особый
gxeneral,общий
konstant,постоянный
lam,хромой
mut,немой
nud,голый
pal,бледный
ruz,хитрый
van,тщетный
acid,кислый
glat,гладкий
kler,образованный
krud,сырой
mild,мягкий
abund,обильный
blind,слепой
blond,блондин
cxarm,очаровательный
etern,вечный
favor,благосклонный
graci,изящный
humil,скромный
lauxt,громкий
sever,строгий
stult,глупый
fortik,крепкий
frenez,сумасшедший
kurioz,курьёзный
privat,частный
sincer,искренний
evident,очевидный
oportun,удобный
prudent,благоразумный
sci/vol##,
diligent,усердный
proksim/um##,
ard,жар
avid,жаждущий
brav,храбрый
ebri,пьян
krut,крутой
naiv,наивный
nobl,благородный
sobr,умеренность
humid,влажный
ident,идентичный
komik,комичный
kripl,калека
kruel,жестокий
moder,умеренный
sagac,проницательный
seren,спокойный
sprit,остроумный
akurat,пунктуальный
fervor,рвение
inklin,склонный
jxaluz,ревнивый
kapric,каприз
modern,современный
modest,скромный
nenies,ничей
normal,нормальный
sovagx,дикий
ekstrem,крайний
elegant,элегантный
eminent,выдающийся
komplet,полный
oficial,официальный
perfekt,совершенный
probabl,вероятный
reciprok,взаимный
indiferent,безразличный
inteligent,умный
amar,горький
imun,иммун
real,реальный
ties,его
unik,уникальный
vant,тщеславие
virg,чистый
aktiv,активный
civil,гражданский
cxies,всех
elast,эластичный
human,человеческий
intim,близкий
kaduk,ветхий
koket,кокетливый
lojal,лояльный
malic,злоба
mir/ind##,
rauxk,хриплый
rigid,жёсткий
sekur,безопасный
solen,величественный
tener,нежный
valid,действительный
abrupt,внезапный
absurd,абсурдный
aktual,актуальный
arbitr,произвольный
auxdac,наглый
ekzakt,точный
furioz,яростный
graved,беременная
klasik,классик
majest,величественный
nervoz,нервный
oblikv,косой
obstin,упрямый
plen/agx##,
social,социальный
subtil,тонкий
tragik,трагичный
absolut,абсолютный
kontant,наличные
popular,популярный
relativ,относительный
sin/don##,
solidar,солидарный
vegetar,вегетарианский
familiar,близкий
grandioz,величественный
kolektiv,коллективный
sin/gard##,
kompetent,компетентный
universal,универсальный
kvit,чист
miop,близорукость
punc,маковый
ranc,прогорклый
cxast,целомудренный
ekstr,особый
masiv,тяжёлый
antikv,древний
arogant,высокомерный
konform,соответствующий
trivial,пустячный
elokvent,красноречивый
kriminal,уголовный
predikat,сказуемое
akut,острый
dual,двойной
hirt,взъерошенный
kalv,лысый
banal,банальный
cinik,циник
gotik,готика
inert,инертный
obtuz,тупой
okult,оккультный
pasiv,пассивный
rigor,строгий
stoik,стоик
analog,аналог
anonim,анонимный
arkaik,архаичный
diafan,полупрозрачный
efemer,мимолётный
erotik,эротика
fiktiv,вымышленный
formal,формальный
frivol,легкомысленный
intens,интенсивный
invers,обратный
konciz,краткий
konkav,вогнутый
mistik,мистический
neuxtr,нейтр.
vulgar,вульгарный
akcesor,аксессуар
apokrif,апокриф
arhxaik,архаичный
burlesk,буффонада
decimal,десятичный
diskret,сдержанный
fanatik,фанатик
grotesk,гротескный
konkret,конкретный
kontinu,непрерывный
liberal,либеральный
monoton,монотонный
negativ,негативный
nominal,номинальный
pozitiv,позитивный
radikal,радикальный
skeptik,скептик
solvent,платежеспособный
abstrakt,абстрактный
auxtonom,автономия
eventual,возможный
inkluziv,включённый
neuxtral,нейтральный
objektiv,объективный
ortodoks,ортодоксальный
primitiv,примитивный
provizor,временный
racional,рациональный
romantik,романтичный
sinoptik,синоптический
spontane,спонтанно
auxtentik,подлинный
definitiv,окончательный
ekskluziv,исключительный
korelativ,коррелят
respektiv,соответствующий
subjektiv,субъективный
transitiv,переходный
spekulativ,спекулятивный
impertinent,наглый
konservativ,консервативный
sentimental,сентиментальный
dek,десять
mil,тыс
sep,семь
ses,шесть
tri,три
unu,один
cent,сто
kvar,четыре
kvin,пять
naux,девять
aux,или
nek,ни
sed,но
kvankam,хотя
plus,плюс
minus,минус
cxe,у
kun,с
per,через
pri,о
pro,из-за
sen,без
sub,под
sur,на
tra,через
apud,рядом
krom,кроме
laux,вдоль
post,после
inter,между
super,над
trans,через
antaux,перед
ekster,вне
preter,мимо
kontraux,против
malgraux,несмотря
gxi,оно
ili,они
kio,что
oni,люди
sxi,она
tio,это
cxio,всё
nenio,ничто
tio cxi##,
dis,раз
mal,анти
cxef,главный
eks,бывш
mis,ошибк
pra,пра
dev,должен
dir,сказать
don,дать
est,быть
far,делать
fin,кончить
hav,иметь
kon,знать
leg,читать
lev,поднять
met,класть
mov,двигать
pet,просить
pov,мочь
rid,смеяться
sci,знать
sid,сидеть
ten,держать
ven,приходить
vid,видеть
viv,жить
vol,хотеть
gxoj,радость
help,помочь
kred,верить
lern,учить
logx,жить
mort,умереть
okaz,случиться
port,нести
pren,взять
sekv,следовать
send,послать
star,стоять
dezir,желать
labor,работать
milit,воевать
montr,показать
parol,говорить
ricev,получить
skrib,писать
sxajn,казаться
vetur,ехать
demand,спрашивать
komenc,начать
kompren,понять
respond,отвечать
bat,бить
fal,падать
kri,кричать
kur,бег
las,отпустить
lum,свет
mir,удивлять
pag,платить
pas,проходить
reg,править
son,звучать
tim,бояться
tir,тянуть
auxd,слышать
brul,гореть
dank,благодарить
dorm,спать
ferm,закрыть
flug,летать
halt,остановить
jxet,бросать
kant,петь
kost,стоить
mank,не хватает
nask,рожать
okup,занятие
pens,думать
perd,терять
prem,давить
prov,проверить
sent,чувствовать
turn,крутить
acxet,купить
atend,ждать
bezon,нуждаться
kresk,расти
mangx,есть
memor,помнить
sercx,искать
trink,пить
konsil,советовать
permes,разрешить
postul,требовать
rakont,рассказывать
rigard,смотреть
rimark,заметить
sxangx,менять
vojagx,путешествовать
konstru,строить
prezent,представить
renkont,встретить
bru,шум
dub,сомневаться
lav,мыть
lud,играть
pen,стараться
vek,будить
vok,звать
aper,появиться
bril,сиять
erar,ошибаться
fest,праздновать
frap,бить
gajn,выиграть
kapt,поймать
kasx,скрыть
kovr,покрыть
kuir,готовить
kusx,лежать
pasx,шаг
plor,плакать
romp,ломать
salt,прыгать
serv,служить
tusx,касаться
vend,продать
zorg,забота
batal,сражаться
elekt,выбрать
esper,надеяться
koler,злость
mezur,измерять
opini,считать
ordon,приказывать
plend,жаловаться
ripoz,отдых
salut,приветствовать
sufer,страдать
akcept,принять
forges,забыть
kalkul,считать
komerc,торговать
konduk,вести
pardon,простить
silent,молчать
trancx,резать
konsent,согласиться
auxskult,слушать
ban,купать
flu,течь
kre,создать
mok,насмехаться
amuz,развлекать
cxes,прекратить
efik,эффективный
gard,охранять
jugx,судить
klin,наклонить
pend,висеть
pusx,толкать
spir,дышать
stud,изучать
sxat,ценить
tond,стричь
traf,попадать
ating,достигать
decid,решать
estim,уважать
invit,пригласить
kurac,лечить
marsx,маршировать
placx,нравиться
ripet,повторить
sxlos,запереть
sxtel,красть
vizit,посетить
arangx,организовать
ekzist,существовать
instru,учить
intenc,намереваться
kompat,жалеть
prefer,предпочитать
prepar,готовить
promen,гулять
promes,обещать
sukces,успех
konserv,сохранить
bol,кипеть
kis,целовать
obe,подчиняться
paf,стрелять
pel,гнать
pik,колоть
pun,наказать
sav,спасать
tus,кашлять
akir,получить
apog,поддерживать
atak,атаковать
bala,мести
blov,дуть
cxas,охотиться
danc,танцевать
eduk,воспитывать
evit,избегать
fleg,ухаживать
glit,скользить
gvid,вести
gxen,мешать
hejt,греть
hont,стыдиться
imag,воображать
imit,подражать
komb,расчесать
mend,заказать
miks,смешать
nagx,плавать
plug,пахать
pres,печатать
soif,жажда
spez,тратить
sxir,рвать
trem,дрожь
trov,найти
venk,побеждать
visx,вытирать
volv,свёртывать
anonc,объявить
aprob,одобрить
avert,предупредить
merit,заслуга
minac,угрожать
pentr,рисовать
posed,владеть
pregx,молить
rifuz,отказать
rilat,связь
ripar,чинить
skrap,скрести
sxerc,шутить
tromp,обмануть
defend,защищать
desegn,рисовать
esting,стирать
inform,сообщить
kompar,сравнить
kondut,вести себя
konfes,признавать
konsci,осознавать
kultur,выращивать
mensog,лгать
rezult,произойти
rikolt,собирать
strecx,напрячь
sxovel,копать
akompan,сопровождать
aparten,принадлежать
bedauxr,сожалеть
konsist,состоять
organiz,организовать
progres,прогресс
respekt,уважать
riprocx,упрекать
diferenc,различие
rekomend,рекомендовать
korespond,переписываться
enu,скучать
fid,доверять
gxu,наслаждаться
hak,рубить
log,привлечь
pek,грешить
pes,взвесить
raz,брить
dron,тонуть
fajf,свистеть
fand,плавить
farm,арендовать
fart,жить
frot,тереть
gxem,стонать
krev,рваться
kudr,шить
mord,кусать
muel,молоть
nutr,кормить
odor,пахнуть
rajd,ехать
solv,решить
taks,оценить
teks,ткать
tent,искушать
urgx,срочный
babil,болтать
detru,разрушить
difin,определить
distr,отвлекать
diven,угадывать
divid,делить
etend,продлить
evolu,развиваться
forgx,ковать
frand,лакомиться
grimp,лазить
hezit,колебаться
krocx,зацепить
lauxd,хвалить
mason,строить
ofert,предложить
ornam,украшать
petol,шалить
songx,сниться
stern,раскатать
supoz,предполагать
sxirm,защищать
sxpar,экономить
sxtop,закрыть
sxuld,долг
sxvel,набухать
toler,терпеть
versx,лить
aspekt,выглядеть
dauxr/ig##,
difekt,повредить
diskut,обсуждать
domagx,жалеть
ekscit,возбудить
ekzerc,тренировать
esplor,исследовать
esprim,выразить
konsol,утешать
murmur,шептать
prezid,председательствовать
signif,значить
skulpt,ваять
traduk,переводить
ekskurs,экскурсия
ekzamen,проверить
komunik,сообщать
koncern,касаться
konstat,подтвердить
protekt,защищать
protest,протестовать
renvers,опрокинуть
surpriz,удивить
konsider,учитывать
persekut,преследовать
reprezent,представлять
bak,печь
ben,благословлять
boj,лаять
bor,бурить
ced,уступить
cit,цитировать
lek,лизать
rab,грабить
rav,очаровать
rem,грести
rev,мечтать
seg,пилить
sku,трясти
ted,надоедать
teg,обшить
abon,подписаться
dung,нанять
envi,завидовать
flar,нюхать
fond,основать
frit,жарить
friz,завить
gest,жест
glad,гладить
glut,глотать
jxur,клясться
kned,месить
macx,жевать
melk,доить
migr,переезжать
munt,монтировать
ofer,жертвовать
pent,раскаяться
pruv,доказывать
pump,качать
putr,гнить
ramp,ползти
risk,рисковать
ronk,храпеть
rost,жарить
sven,обморок
sxov,толкать
sxut,сыпать
tajl,кроить
tord,крутить
tren,тащить
vari,изменяться
velk,увядать
adici,сложить
admir,восхищаться
admon,убеждать
adopt,усыновить
akcel,ускорять
atest,доказать
cxerp,черпать
degel,таять
deleg,делегировать
fleks,гнуть
flirt,развеваться
hered,наследовать
influ,влиять
kares,ласкать
medit,размышлять
nauxz,тошнотворный
osced,зевать
pasxt,пасти
pauxz,пауза
pincx,щипать
plekt,плести
regal,угощать
ribel,бунтовать
sopir,тосковать
sorcx,околдовать
strik,бастовать
sufok,душить
sving,махать
sxarg,заряжать
sxmir,мазать
trakt,обращаться
tremp,замочить
afrank,наклеить
asekur,застраховать
balanc,качаться
barakt,барахтаться
dedicx,посвятить
deklar,объявить
destin,назначить
disput,спорить
escept,исключить
festen,пировать
frakas,разбить
gratul,поздравлять
ilustr,иллюстрировать
import,импортировать
insist,настаивать
instal,установить
instig,поощрять
insult,оскорбить
komand,командовать
komisi,поручить
konfid,доверять
konfit,засахарить
konfuz,смущать
konkur,соревноваться
kritik,критиковать
observ,наблюдать
penetr,проникать
perfid,предать
proced,процесс
raport,доклад
reklam,рекламировать
rezign,отказаться
rezist,сопротивляться
rifugx,спасаться
brak/um##,
civiliz,цивилизовать
cxagren,раздражать
de/pend##,
disting,различать
eksplod,взрыв
garanti,гарантировать
komplez,услуга
kondamn,осуждать
konfirm,подтвердить
konjekt,предположить
konklud,заключить
kontrol,проверять
konvink,убеждать
operaci,оперировать
plen/um##,
pretend,требовать
suspekt,подозревать
turment,мучить
distribu,распределять
fanfaron,хвастать
kontrakt,заключить
mastr/um##,
prokrast,отложить
administr,управлять
el/turn/igx##,
entrepren,предпринимать
dec,соответствовать
juk,зуд
lul,укачивать
vad,бродить
vag,бродить
vet,ставить
vom,рвать
zum,жужжать
ador,поклоняться
agit,подстрекать
akuz,обвинять
alud,намек
bapt,крестить
bind,переплести
blek,ржать
bred,разводить
bucx,забить
cxif,мять
dikt,диктовать
dres,дрессировать
ekip,оснастить
est/ig##,
fast,поститься
flat,льстить
flik,латать
fugx,бежать
fusx,ошибиться
garn,укрепить
grat,чесать
hav/ig##,
izol,изолировать
jung,запрячь
lukt,бороться
mugx,рычать
opon,против
palp,щупать
pekl,солить
pere,гибнуть
pli/ig##,
sark,полоть
sekc,резать
sorb,впитывать
spit,презирать
sucx,сосать
svat,сват
tajp,печатать
tern,чихать
tikl,щекотать
tint,звенеть
trik,вязать
trud,навязывать
vart,воспитывать
adapt,адаптировать
aplik,применять
asert,утверждать
asist,помогать
balot,голосовать
cxe/est##,
delir,бредить
depon,сдать
deput,назначить
enket,исследовать
eskap,сбежать
falcx,косить
flagr,пылать
for/est##,
grinc,скрип
ignor,игнорировать
impet,рывок
incit,злить
indik,указывать
insid,втянуть
inund,затопить
kracx,плевать
liver,поставлять
menci,упомянуть
modif,изменить
ofend,оскорбить
rezon,умозаключать
rivel,разоблачить
start,начать
susur,шелест
sxpin,прясть
trejn,тренировать
vengx,мстить
abstin,воздерживаться
aflikt,огорчать
altern,чередоваться
balbut,заикаться
cirkul,циркулировать
dejxor,дежурить
denunc,обвинить
de/ten##,
dev/ont/ig##,
digest,переваривать
dispon,распоряжаться
dorlot,баловать
eksped,отправить
el/don##,
establ,основать
flustr,шептать
grimac,гримасничать
grumbl,ворчать
implik,запутать
indign,возмущаться
indulg,прощать
infekt,заразить
injekt,вводить
inspir,вдохновлять
invent,изобрести
klopod,стараться
kolizi,столкнуться
kombin,сочетать
kompon,составлять
konsum,потреблять
korekt,исправить
lubrik,смазать
manovr,маневрировать
plongx,нырять
preleg,лекция
propon,предложить
provok,провоцировать
recenz,рецензировать
redakt,редактировать
redukt,уменьшить
revizi,проверить
sxpruc,брызгать
aplauxd,аплодировать
blasfem,богохулить
bon/vol##,
brokant,торговать антиквариатом
eksport,экспортировать
ekzekut,казнить
gust/um##,
iniciat,инициировать
kalumni,клеветать
kompens,компенсировать
komplik,усложнять
kontest,оспорить
manipul,манипулировать
neglekt,игнорировать
persist,упорствовать
prononc,произносить
prosper,процветать
reflekt,отражать
re/form##,
subtrah,вычесть
sxancel,шатать
televid,смотреть телевизор
determin,определить
ekspluat,эксплуатировать
koncentr,сосредоточить
mistifik,одурачить
preskrib,прописать
revoluci,революция
riverenc,поклониться
interpret,переводить
kompromit,компрометировать
multiplik,умножать
propagand,пропагандировать
konversaci,беседовать
interpelaci,интерпеллировать
erp,боронить
kov,высиживать
lut,паять
pep,чирикать
tan,дубить
agac,раздражать
brod,вышивать
brog,ошпарить
cxiz,резать
edif,воспитывать
fajl,точить
krak,треск
kroz,крейсировать
pist,толочь
rasp,тереть
rast,грабить
rigl,запереть
rukt,отрыжка
sibl,шипеть
skiz,набросать
sput,плевать
steb,сшить
stuk,штукатурить
sxim,плесень
torn,точить
trot,рысь
urin,мочиться
varb,вербовать
adult,изменять
afekt,притворяться
akusx,рожать
arest,арестовать
asign,назначить
atenc,вредить
drasx,молотить
drink,пить
ekzil,изгнать
filtr,фильтровать
infuz,заварить
kribr,просеять
parad,марш
rabot,строгать
rafin,очищать
satur,насытить
siegx,осада
skerm,фехтовать
strab,косить
sxmac,чмок
uzurp,узурпировать
veget,расти
border,окаймлять
cxikan,придираться
degrad,понизить
dibocx,разврат
distil,дистиллировать
drapir,драпировать
gargar,полоскать
gravur,гравировать
guvern,воспитывать
ilumin,освещать
inokul,привить
intrig,интриговать
jxongl,фокус
kartav,картавить
kontuz,ушибить
likvid,ликвидировать
makler,брокер
plauxd,хлюп
predik,проповедовать
rembur,набивать
ventol,проветрить
decxifr,расшифровать
degener,деградировать
diskont,дисконтировать
ferment,бродить
kalfatr,конопатить
kolport,торговать
kompost,набирать
konspir,заговор
konvert,обратить
paraliz,парализовать
proklam,провозгласить
singult,икать
cxarpent,плотничать
hipokrit,лицемерить
intermit,прерывать
konstern,ошеломить
marcxand,торговаться
kapitulac,капитулировать
kauxteriz,прижигать
komentari,комментировать
koment,комментировать
poz,позировать
vak,свободный
boks,боксировать
gxir,перевести
kirl,мешать
klak,щелк
kluk,клокотать
knar,скрип
murd,убить
pled,защищать
sond,зондировать
tatu,татуировать
abdik,отречься
abort,аборт
agoni,агония
aklam,приветствовать
amput,ампутировать
aneks,аннексировать
aspir,стремиться
deriv,выводить
feder,объединять
impon,впечатлять
invad,вторгаться
kauxr,сидеть
klacx,сплетничать
klisx,клише
kotiz,платить
marin,мариновать
miaux,мяукать
modul,модулировать
refut,опровергнуть
rikan,насмехаться
streb,стремиться
svarm,рой
sxveb,парить
absorb,увлекать
akapar,скупать
analiz,анализировать
asimil,ассимилировать
asperg,поливать
atribu,назначить
auxgur,гадать
bojkot,бойкотировать
cenzur,цензурировать
dedukt,выводить
deklam,декламировать
dekolt,декольте
indukt,индуцировать
kompil,составлять
konced,допускать
konker,завоевать
korupt,подкупить
kverel,ссориться
lament,скорбить
narkot,наркоз
stimul,стимулировать
strigl,чесать
sxrump,увядать
amortiz,амортизировать
anticip,предвосхищать
apelaci,обжаловать
bankrot,обанкротиться
bombard,бомбить
emancip,освободить
inspekt,инспектировать
katekiz,катехизировать
koincid,совпадать
konfisk,конфисковать
konsekr,освятить
konsult,консультировать
legitim,удостоверить
mobiliz,мобилизовать
pilgrim,паломник
improviz,импровизировать
inauxgur,открыть
karambol,карамболь
katehxiz,катехизис
klasifik,классифицировать
kontribu,способствовать
litograf,литографировать
prostitu,проституировать
centraliz,централизовать
stenograf,стенографировать
ekskomunik,отлучить
karakteriz,характеризовать
ajx,вещь
ant,-ущий
ebl,мог
igx,стать
ind,ценный
int,-авший
ism,изм
ist,ист
obl,кратный
ont,-ущий
estr,начальник
acx,низкокач
cxj##,
end,нужен
ing,ножны
ajn,бы то ни было
cxi##,
ecx##,
for,далеко
iam,однажды
iom,немного
jam,уже
jen,вот
jes,да
kie,где
mem,сам
nun,сейчас
nur,только
pli,более
plu,ещё
tie,там
tre,очень
tro,слишком
tuj,сразу
cxie,везде
jxus,только что
kiam,когда
plej,самый
tial,поэтому
tiam,тогда
tiel,так
tiom,столько
cxiam,всегда
nenie,нигде
ankaux,также
neniam,никогда
baldaux,скоро
hieraux,вчера
hodiaux,сегодня
morgaux,завтра
tie cxi##,
almenaux,по крайней мере
ankoraux,ещё
preskaux,почти
tiel cxi##,
oft,часто
ial,по причине
iel,как-то
volont,добровольно
des,тем больше
neniom,ничего
cxial,всячески
cxiom,всё
ia/foj##,
nenial,без причины
neniel,никак
parker,запомнить
foj,раз
hom,человек
jar,год
kap,голова
kor,сердце
lok,место
man,рука
nom,имя
tag,день
ter,земля
vir,мужчина
voj,путь
afer,дело
amik,друг
form,форма
kamp,поле
land,страна
mond,мир
naci,нация
patr,отец
temp,время
vort,слово
flank,бок
infan,ребёнок
patr/in##,
cxambr,комната
sinjor,господин
akv,вода
arb,дерево
art,искусство
dom,дом
edz,муж
fil,сын
har,волос
hor,час
lit,кровать
mar,море
mon,деньги
mur,стена
pac,мир
pec,кусок
sun,солнце
urb,город
bild,картина
bird,птица
busx,рот
frat,брат
hejm,дом
knab,мальчик
kort,двор
libr,книга
mont,гора
okul,глаз
part,часть
pied,нога
pord,дверь
rajt,право
tabl,стол
vent,ветер
vest,одежда
fingr,палец
frukt,фрукт
kolor,цвет
leter,письмо
lingv,язык
maten,утро
popol,народ
punkt,точка
rimed,средство
valor,ценность
cxeval,конь
famili,семья
frauxl,холостяк
person,человек
semajn,неделя
vesper,вечер
vizagx,лицо
fenestr,окно
aer,воздух
agx,возраст
cel,цель
fer,железо
ide,идея
kat,кот
kol,шея
mez,середина
naz,нос
nub,облако
ord,порядок
pan,хлеб
roz,роза
best,животное
bord,берег
brak,рука
dent,зуб
fajr,огонь
fisx,рыба
flor,цветок
glas,стакан
hund,собака
korp,тело
lakt,молоко
lign,древесина
lini,линия
mark,знак
negx,снег
nokt,ночь
onkl,дядя
orel,ухо
plum,ручка
pluv,дождь
rond,круг
sang,кровь
segx,стул
spec,вид
stat,состояние
supr,верх
sxip,корабль
vitr,стекло
angul,угол
dauxr,продолжать
dolor,боль
gazet,журнал
kauxz,причина
kutim,привычка
minut,минута
monat,месяц
natur,природа
nombr,число
paper,бумага
plank,пол
river,река
somer,лето
staci,станция
strat,улица
suker,сахар
sxton,камень
vagon,вагон
veter,погода
vintr,зима
auxtun,осень
cxapel,шляпа
direkt,направление
kolekt,коллекция
moment,миг
plezur,радость
vilagx,деревня
ekzempl,пример
gxarden,сад
histori,история
printemp,весна
bov,бык
ink,чернила
kaf,кофе
kok,петух
kuk,торт
kuz,кузина
lag,озеро
lim,граница
lun,луна
maj,май
pak,пакет
sak,мешок
sum,сумма
tru,дыра
vin,вино
anim,душа
azen,осёл
benk,скамья
dors,спина
foli,лист
font,источник
fund,дно
genu,колено
gren,зерно
grup,группа
herb,трава
juli,июль
juni,июнь
kart,карта
klas,класс
korb,корзина
kruc,крест
krur,голень
lang,язык
legx,закон
lund,понедельник
mard,вторник
mart,март
ofic,служба
ombr,тень
pagx,страница
pork,свинья
posx,карман
radi,луч
regx,царь
senc,смысл
stel,звезда
sxaf,овца
verk,писать
vocx,голос
adres,адрес
april,апрель
brust,грудь
buter,масло
donac,подарок
glaci,лёд
kuler,ложка
mastr,хозяин
muzik,музыка
numer,номер
posxt,почта
prunt,заём
sabat,суббота
sxtat,государство
sxtup,ступень
teler,тарелка
terur,ужас
vapor,пар
insekt,насекомое
januar,январь
jxauxd,четверг
kovert,конверт
krajon,карандаш
manier,способ
objekt,объект
oktobr,октябрь
plafon,потолок
region,регион
religi,религия
spirit,дух
argxent,серебро
dangxer,опасный
decembr,декабрь
dimancx,воскресенье
februar,февраль
horlogx,часы
merkred,среда
novembr,ноябрь
produkt,продукт
vendred,пятница
septembr,сентябрь
bar,препятствие
bek,клюв
fak,спец
fum,дым
gas,газ
gut,капля
jak,пиджак
kel,подвал
kuv,бочка
lip,губы
nep,внук
nev,племянник
not,заметка
ole,масло
ond,волна
ost,кость
par,пара
pom,яблоко
pot,горшок
rad,колесо
ret,сеть
sal,соль
sap,мыло
sem,семя
sud,юг
sup,суп
sxu,боты
tas,чашка
tol,лен
tuk,ткань
ung,ноготь
val,долина
vic,ряд
barb,борода
bros,щётка
fakt,факт
flag,флаг
fork,вилка
forn,печь
gast,гость
gras,жир
kapr,козёл
karb,уголь
kest,ящик
korn,рог
krim,преступление
lamp,лампа
mebl,мебель
mien,выражение
musx,муха
nord,север
past,паста
pilk,мяч
pint,конец
polv,пыль
pont,мост
prez,цена
rand,край
regn,государство
seri,серия
sign,знак
sort,судьба
spic,специя
vang,щека
vost,хвост
vund,рана
botel,бутылка
buton,кнопка
cifer,цифра
faden,нить
frunt,лоб
hauxt,кожа
honor,честь
insul,остров
kajer,тетрадь
kamen,камин
legom,овощи
liter,буква
metal,металл
pingl,булавка
polic,полиция
polur,полировка
premi,приз
regul,правило
sezon,сезон
sxanc,шанс
sxnur,канат
tabul,доска
viand,мясо
baston,палка
brancx,ветвь
cxemiz,рубашка
doktor,доктор
kravat,галстук
lecion,урок
masxin,машина
milion,миллион
najbar,сосед
parenc,родственник
publik,публичный
scienc,наука
sekret,тайна
skatol,шкатулка
soldat,солдат
spegul,зеркало
sxargx,груз
sxrank,шкаф
tualet,туалет
cxapitr,глава
fromagx,сыр
kondicx,условие
praktik,практика
serpent,змея
sxtrump,чулок
tegment,крыша
telefon,телефон
industri,промышленность
kilogram,килограмм
okcident,запад
pantalon,брюки
abi,пихта
agl,орёл
ber,ягода
bot,сапог
bul,шар
dat,дата
glu,клей
jup,юбка
kav,дыра
lan,шерсть
led,кожа
mod,мода
mor,нравы
pin,сосна
pip,труба
piz,горох
put,колодец
rel,рельс
riz,рис
rok,скала
suk,сок
tem,тема
tub,труба
tur,башня
vat,вата
vaz,сосуд
zon,пояс
arme,армия
bank,банк
bien,земля
bier,пиво
bret,полка
brik,кирпич
cikl,цикл
cxap,шапка
drat,проволока
epok,эпоха
fask,пучок
feri,отдых
film,фильм
flam,пламя
flos,плот
fojn,сено
fulm,молния
glob,шар
grad,степень
gust,вкус
kadr,рамка
krem,крем
kurb,изгиб
kurs,курс
larm,слеза
leon,лев
litr,литр
luks,роскошь
meti,ремесло
metr,метр
najl,гвоздь
nest,гнездо
pajl,солома
plac,площадь
plad,блюдо
plan,план
poet,поэт
pugn,кулак
ring,кольцо
sabl,песок
scen,сцена
skal,шкала
soci,общество
spac,пространство
stal,конюшня
task,задача
tomb,могила
verm,червь
vers,стих
viol,фиалка
agord,настройка
balon,шар
bilet,билет
burgx,буржуа
centr,центр
etagx,этаж
farun,мука
figur,фигура
frost,мороз
gorgx,горло
grund,грунт
haven,гавань
hotel,гостиница
humor,настроение
karot,морковь
katar,катар
kling,лезвие
koton,хлопок
kvant,количество
lepor,заяц
makul,пятно
manik,рукав
membr,член
mizer,жалкий
nebul,туман
organ,орган
parti,партия
pastr,священник
radik,корень
serur,замок
solid,твердый
sonor,звон
strek,линия
sxvit,пот
tabak,табак
tabel,таблица
titol,заглавие
tondr,гром
valiz,чемодан
ventr,живот
alumet,спичка
aparat,аппарат
brasik,капуста
citron,цитрон
cxifon,тряпка
dekliv,склон
dezert,пустыня
elektr,электр
energi,энергия
fiancx,жених
hirund,ласточка
kelner,официант
kvalit,качество
majstr,мастер
mantel,плащ
martel,молоток
matrac,матрас
menton,подбородок
orangx,апельсин
origin,происхождение
potenc,сила
salajr,зарплата
sekund,секунда
societ,общество
stomak,желудок
sxultr,плечо
tapisx,ковёр
tritik,пшеница
aventur,приключение
cigared,сигарета
distanc,дистанция
embaras,смущать
kamarad,товарищ
kaserol,кастрюля
komitat,комитет
kongres,конгресс
kvadrat,квадрат
magazen,склад
pasport,паспорт
politik,политика
registr,реестр
ter/pom##,
akcident,авария
auxtobus,автобус
auxtomat,автомат
cxokolad,шоколад
direktor,директор
instinkt,инстинкт
karakter,характер
kauxcxuk,резина
material,материал
standard,знамя
telegraf,телеграф
restoraci,ресторан
ark,дуга
baz,основ
beb,младенец
bub,шалун
bud,шалаш
fel,мех
hok,крюк
huf,копыто
jur,закон
kas,сейф
kin,кино
kom,запятая
kot,грязь
lup,волк
mam,грудь
map,карта
min,шахта
mus,мышь
net,чистовик
nod,узел
orf,сирота
ort,прямой угол
pat,сковорода
pil,батарея
pir,груша
pup,кукла
rat,крыса
rip,ребро
rob,роба
tip,тип
ton,звук
urs,медведь
var,товар
vel,парус
vit,виноград
abel,пчела
auxt,авто
bluz,блузка
boat,лодка
brov,бровь
cerb,мозг
cxek,чек
cxen,цепь
disk,диск
dram,драма
drap,сукно
dusx,душ
ezok,щука
farb,краска
febr,лихорадка
fend,трещина
foir,ярмарка
fost,столб
frag,клубника
fulg,сажа
funt,фунт
gant,перчатка
geni,гений
glor,слава
golf,залив
hajl,град
hero,герой
kemi,химия
kord,струна
kork,пробка
krad,решётка
kran,кран
kret,мел
kriz,кризис
kron,корона
kugl,пуля
kupr,медь
lift,лифт
list,список
mast,мачта
nadl,игла
nerv,нерв
oliv,олива
park,парк
pasi,страсть
pask,Пасха
pelt,мех
plet,блюдо
poem,поэма
proz,проза
pulm,лёгкое
pulv,порох
rang,ранг
revu,журнал
ritm,ритм
seks,пол
sens,чувство
silk,шёлк
simi,обезьяна
sojl,порог
stil,стиль
stri,полоса
sxel,скорлупа
tend,палатка
verb,глагол
verg,прут
vert,макушка
vidv,вдовец
virt,добродетель
vual,вуаль
vulp,лиса
afisx,афиша
album,альбом
almoz,милостыня
arane,паук
asoci,ассоциация
avenu,проспект
aviad/il##,
barel,бочка
bazar,рынок
betul,берёза
brems,тормоз
butik,магазин
detal,деталь
diabl,дьявол
emoci,эмоция
enigm,загадка
esenc,суть
fauxk,пасть
fizik,физика
framb,малина
grajn,зерно
hxemi,химия
ideal,идеал
juvel,драгоценность
katen,кандалы
kitel,халат
krucx,кувшин
krust,корка
kubut,локоть
kukol,кукушка
kverk,дуб
lamen,пласт
marcx,болото
metod,метод
model,модель
motor,мотор
nivel,уровень
palac,дворец
panj,мама
penik,кисть
piocx,кирка
plumb,свинец
poezi,поэзия
salon,салон
sauxc,соус
sitel,ведро
sklav,раб
sport,спорт
stamp,штамп
stang,шест
stump,пень
sxtal,сталь
sxtof,ткань
teatr,театр
teori,теория
teren,земля
trajn,поезд
trajt,черты
trunk,ствол
venen,яд
vesxt,жилет
abomen,отвращение
angxel,ангел
animal,животное
apetit,аппетит
apotek,аптека
benzin,бензин
bicikl,велосипед
bombon,конфета
cement,цемент
cxeriz,вишня
desert,десерт
fabrik,завод
financ,финансы
funebr,траур
funkci,функция
garagx,гараж
imperi,империя
impost,налог
impres,впечатление
kalkan,пятка
kalson,трусы
kamion,грузовик
kandel,свеча
kanzon,песня
kastel,замок
klient,клиент
kol/um##,
kurten,занавеска
mandat,мандат
mister,тайна
moskit,комар
muskol,мышца
ombrel,зонт
pacxj,папа
parfum,аромат
patron,покровитель
petrol,нефть
posten,пост
pozici,позиция
proces,иск
profit,прибыль
proviz,хранение
pulvor,порошок
recept,рецепт
rekord,рекорд
rezerv,резерв
signal,сигнал
sistem,система
surfac,поверхность
sxofor,водитель
tajlor,портной
trezor,сокровище
trikot,трикотаж
vakcin,вакцина
advokat,адвокат
alkohol,алкоголь
ampleks,размер
brosxur,брошюра
bulvard,бульвар
deficit,дефицит
ekonomi,экономика
elefant,слон
jxurnal,газета
kabinet,кабинет
kapital,капитал
koncert,концерт
krepusk,сумрак
kvartal,район
miliard,миллиард
pejzagx,пейзаж
problem,проблема
profesi,профессия
simpati,сочувствие
student,студент
sxrauxb,винт
tempest,буря
traktor,трактор
tri/angul##,
trotuar,тротуар
adjektiv,прилагательное
dekoraci,украшать
ekvilibr,равновесие
esperant,эсперанто
hospital,больница
intelekt,интеллект
kalendar,календарь
kilometr,километр
komision,комиссия
mehxanik,механик
milimetr,миллиметр
original,оригинал
pretekst,предлог
struktur,структура
telegram,телеграмма
tribunal,суд
bibliotek,библиотека
fundament,основа
ingxenier,инженер
konferenc,конференция
konscienc,совесть
literatur,литература
mehxanism,механизм
rekompenc,награда
respublik,республика
sekretari,секретарь
apartament,квартира
auxtomobil,автомобиль
auxtoritat,авторитет
instrument,инструмент
medikament,лекарство
temperatur,температура
cirkonstanc,обстоятельства
eksperiment,эксперимент
mal/varm/um##,
ajl,чеснок
akn,угорь
aks,ось
akt,акт
ale,аллея
alg,водоросли
apr,кабан
azi,Азия
bal,бал
bet,свекла
buk,пряжка
cep,лук
cir,воск
dot,приданое
ehx,эхо
fab,боб
fac,легкий
fag,бук
fig,инжир
gal,желчь
gru,журавль
gum,резина
hal,зал
jug,ярмо
kal,мозоль
kaz,падеж
kub,куб
lad,жесть
lak,лак
lap,лопух
lin,лён
lot,жребий
luk,люк
mas,масса
mat,коврик
nuk,шея
pap,папа
pav,павлин
pig,сорока
pus,гной
ran,лягушка
ren,почка
rib,смородина
rim,рифма
rol,роль
ros,роса
sag,стрела
sin,ностальгия
ski,лыжи
sof,диван
tig,стебель
tuf,пучок
tun,тон
vip,кнут
akci,акция
atom,атом
aven,овёс
bant,бант
bark,лодка
bask,подол
bend,шнур
blok,блок
bors,биржа
bovl,миска
brid,узда
brut,скот
bukl,локон
bulb,луковица
bulk,булка
cerv,олень
cign,лебедь
cxel,клетка
dand,денди
diet,диета
dorn,шип
etap,этап
etat,спецификация
fecx,осадок
felt,фетр
frak,фрак
fraz,фраза
fung,гриб
garb,сноп
gent,народ
glav,меч
gobi,пескарь
gram,грамм
greg,стадо
grip,грипп
grot,грот
gudr,дёготь
gxib,шишка
hegx,живая изгородь
himn,гимн
hxor,хор
kacx,каша
kagx,клетка
kaka,какао
kakt,кактус
karn,тело
karp,карп
kejl,колышек
kern,ядро
klub,клуб
korv,ворон
kosm,космос
kult,культ
lacx,шнур
lard,сало
larv,личинка
lice,лицей
likv,жидк.
lili,лилия
maiz,кукуруза
malv,мальва
mens,ум
menu,меню
miel,мёд
musk,мох
muze,музей
nuks,орех
oper,опера
oval,овал
palm,пальма
palt,пальто
pane,сбой
perl,жемчуг
pian,пианино
pice,ель
pipr,перец
plag,кара
prun,слива
pudr,пудра
punt,кружево
raci,разум
rent,аренда
ruin,руины
rust,ржавчина
situ,место
sled,сани
sorg,сорго
spik,колос
spur,след
stan,олово
sulk,борозда
takt,такт
tali,туловище
tigr,тигр
tort,пирог
tram,трамвай
trup,труппа
vaks,воск
vejn,вена
vesp,оса
vind,подгузник
zink,цинк
afrik,Африка
agent,агент
akord,согласие
akrid,саранча
aktor,актёр
alarm,тревога
ampol,ампула
angil,угорь
anser,гусь
artik,сустав
bacil,бацилла
bambu,бамбук
banan,банан
brand,бренди
bronz,бронза
buked,букет
cigar,сигара
cikad,цикада
cinam,корица
cindr,пепел
cirkl,круг
civit,гражданин
cxerk,гроб
debet,дебет
diant,гвоздика
dogan,пошлина
efekt,впечатление
ekran,экран
emajl,эмаль
event,событие
fabel,сказка
fasad,фасад
fason,пошив
fluid,жидкость
fotel,кресло
front,фронт
funel,воронка
gxerm,зародыш
hepat,печень
horde,ячмень
infer,ад
ironi,ирония
kaban,хижина
kahel,плитка
kajut,каюта
kamel,верблюд
kanal,канал
kankr,рак
karaf,графин
kokos,кокос
krani,череп
krest,гребень
kukum,огурец
kupon,купон
kusen,подушка
latun,латунь
lauxb,беседка
lekci,лекция
lesiv,щелок
limak,слизень
logik,логика
lotus,лотос
melon,дыня
moral,мораль
muzel,морда
nilon,нейлон
ocean,океан
palat,нёбо
palis,кол
papag,попугай
paser,воробей
pensi,пенсия
peron,крыльцо
pilot,пилот
pland,подошва
plast,пластик
porci,доля
princ,принц
pupil,зрачок
rabat,скидка
rafan,редька
rauxp,личинка
resum,резюме
rimen,ремень
roman,роман
salat,салат
salik,ива
satir,сатира
sciur,белка
sekal,рожь
sekci,раздел
senat,сенат
split,щепка
spong,губка
stadi,этап
statu,статуя
sterk,удобрение
strig,сова
strut,страус
sxink,ветчина
sxtip,щепка
tapet,обои
tarif,тариф
tegol,черепица
tekst,текст
teras,терраса
tomat,томат
tuber,бугор
tunel,туннель
velur,бархат
veruk,бородавка
vezik,киста
volum,том
adverb,наречие
akcent,акцент
alauxd,жаворонок
amator,любитель
amerik,Америка
arteri,артерия
asfalt,асфальт
auxtor,автор
barbir,парикмахер
bugxet,бюджет
bulten,бюллетень
cikatr,шрам
cikoni,аист
cirkel,циркуль
daktil,финик
dialog,диалог
ego/ist##,
eklezi,церковь
emerit,пенсионер
euxrop,Европа
fajenc,фаянс
fazeol,фасоль
fontan,фонтан
formik,муравей
formul,формула
fripon,мошенник
furagx,корм
galosx,галоши
gvardi,гвардия
gxemel,близнец
hangar,ангар
haring,сельдь
hazard,случай
hektar,гектар
herold,вестник
higien,гигиена
impuls,толчок
insign,знак
intest,кишка
jubile,юбилей
karton,картон
kasked,кепка
kavern,пещера
kirurg,хирург
klimat,климат
klinik,клиника
kolegi,колледж
kolomb,голубь
kolumn,колонка
komedi,комедия
konsul,консул
konval,ландыш
kornik,короед
kostum,костюм
kredit,кредит
kukurb,тыква
kunikl,кролик
kurent,ток
lacert,ящерица
licenc,лицензия
maleol,лодыжка
materi,материя
mirtel,мирт
monstr,чудовище
oficir,офицер
orator,оратор
papili,бабочка
pendol,маятник
period,период
persik,персик
pionir,пионер
planed,планета
platan,платан
plural,множеств.
profet,пророк
prolet,пролетарий
pronom,местоимение
reakci,реакция
regxim,режим
rivolu,вращение
ruband,лента
skorpi,скорпион
spinac,шпинат
stamen,тычинка
statur,рост
surtut,пальто
sxakal,шакал
sxauxm,пена
teknik,техника
testud,черепаха
torent,поток
trafik,трафик
tumult,бунт
turism,туризм
turist,турист
vertic,вершина
viktim,жертва
violon,скрипка
vulkan,вулкан
vultur,гриф
abrikot,абрикос
akademi,академия
alfabet,алфавит
alumini,алюминий
ambasad,посольство
anekdot,анекдот
apertur,отверстие
apostol,апостол
asemble,собрание
bagatel,пустяк
bakteri,бактерия
bandagx,бинт
bifstek,бифштекс
budgxet,бюджет
burgxon,почка
central,центр
cirkvit,схема
cxar/um##,
dimensi,измерение
ekvator,экватор
element,элемент
epidemi,эпидемия
fantazi,фантазия
fenomen,феномен
gelaten,желатин
general,генерал
girland,гирлянда
harmoni,гармония
instanc,инстанция
invalid,инвалид
kaldron,котёл
kasxtan,каштан
katalog,каталог
kirurgi,хирургия
kolonel,полковник
komisar,комиссар
kompani,компания
koncept,понятие
konkord,согласие
konkurs,конкурс
koridor,коридор
kristal,кристалл
lantern,фонарь
latitud,широта
medicin,медицина
mineral,минерал
minimum,минимум
ministr,министр
obstakl,препятствие
orkestr,оркестр
pacifik,Тихий океан
palpebr,веко
pantofl,тапок
paradiz,рай
paralel,параллель
plastik,пластика
portret,портрет
princip,принцип
program,программа
projekt,проект
proverb,поговорка
provinc,провинция
rendevu,свидание
sin/ten##,
situaci,ситуация
stadion,стадион
subjekt,субъект
tehxnik,техника
tendenc,тенденция
tinktur,краситель
tradici,традиция
tragedi,трагедия
traktat,договор
trumpet,труба
uniform,форма
vegetal,растение
viadukt,виадук
volumen,объем
zoologi,зоология
atlantik,Атлантика
avantagx,преимущество
bracelet,браслет
cirkuler,циркуляр
dokument,документ
federaci,федерация
generaci,поколение
geografi,география
gramatik,грамматика
gxendarm,жандарм
horizont,горизонт
individu,индивид
kandidat,кандидат
karnaval,карнавал
kategori,категория
komun/um##,
krokodil,крокодил
longitud,долгота
maksimum,максимум
marmelad,мармелад
monument,памятник
parasxut,парашют
pasagxer,пассажир
pland/um##,
porcelan,фарфор
procent,процент
profesor,профессор
radiator,радиатор
regiment,полк
rekt/angul##,
sandvicx,бутерброд
sindikat,профсоюз
singular,единственный
specimen,образец
spektakl,шоу
substanc,вещество
teritori,территория
vertikal,вертикальный
ambasador,посол
auxstrali,Австралия
centimetr,сантиметр
ekspozici,выставка
inspektor,инспектор
kalkan/um##,
konfidenc,доверие
lokomotiv,локомотив
matematik,математика
metalurgi,металлургия
ministeri,министерство
najtingal,соловей
ortografi,орфография
parlament,парламент
proletari,пролетарий
propozici,предложение
psikologi,психология
suplement,дополнение
termometr,термометр
elektronik,электроника
helikopter,вертолёт
horizontal,горизонтальный
komplement,дополнение
konsekvenc,следствие
konstituci,конституция
laboratori,лаборатория
leuxtenant,лейтенант
mediterane,Средиземное
substantiv,существительное
universitat,университет
s-ro##,
s-ino##,
sinjor/in##,
alk,лось
aln,ольха
ann,Анна
bed,грядка
boa,удав
buf,жаба
cim,клоп
col,дюйм
dam,дама
dig,дамба
duk,герцог
fav,лишай
fok,тюлень
fut,фут
gad,треска
gam,гамма
gri,крупа
guf,филин
huz,осётр
kan,тростник
ken,смола
ker,черви
kil,киль
kuf,капюшон
kul,комар
kup,банка
laf,лава
lir,лира
lod,драхма
lol,плевел
mac,маца
mel,барсук
mes,месса
mev,чайка
muf,шарф
muk,слизь
mul,мул
nap,репа
peg,дятел
pol,поляк
pul,блоха
rap,репа
rif,риф
rod,гавань
rot,рота
rub,руины
rum,ром
rus,русский
seb,сало
sel,седло
tez,тезис
tul,тюль
ulm,вяз
uln,локтевой
unc,унция
urn,урна
vil,ворс
abat,аббат
acer,клён
akar,клещ
alte,шток-роза
alun,квасцы
amel,клей
anas,утка
angl,англ
aniz,анис
ankr,якорь
arcx,лук
arde,цапля
aren,арена
atut,козырь
avel,орешник
aviz,уведомление
azot,азот
bast,кора
bert,Берта
blat,таракан
bram,лещ
bran,отруби
burd,шмель
cedr,кедр
citr,цитра
cxam,серна
cxan,курок
dogm,догма
drak,дракон
drog,лекарство
ebon,эбен
eter,эфир
fabl,басня
falk,сокол
fibr,волокно
flan,пудинг
flok,пух
flut,флейта
fraj,икра
ftiz,туберкулёз
gajl,галл
gips,гипс
glan,жёлудь
glim,слюда
graf,граф
gril,сверчок
gros,крыжовник
gurd,шарманка
ibis,ибис
idol,идол
kalk,известь
kand,леденец
kard,чертополох
karo,бубны
kask,шлем
kaze,свертка
kegl,кегля
klap,клапан
klav,клавиша
kluz,шлюз
kojn,клин
koks,бедро
konk,раковина
kren,хрен
krep,креп
krop,зоб
krup,круп
lake,слуга
laks,понос
legi,легион
lent,чечевица
lepr,проказа
lian,лиана
lien,селезёнка
link,рысь
liut,лютня
lojt,налим
lorn,телескоп
lumb,поясница
lutr,выдра
magi,магия
mana,мана
mari,Мария
mask,маска
masx,плести
mecx,фитиль
mejl,миля
ment,мята
merl,дрозд
mesi,мессия
mili,просо
mirh,мирра
mirt,мирт
misi,миссия
mops,мопс
most,сусло
nicx,злокачественный
omar,омар
opal,опал
ostr,устрица
paru,синица
pecx,смола
pelv,таз
perk,окунь
pest,чума
petr,Пётр
pini,сосна
pips,глоссит
plik,болезнь
plot,плотва
popl,тополь
pram,паром
sakr,крестц
salm,лосось
sepi,каракатица
sofi,София
sorp,Рябина
spat,шпат
spin,позвоночник
stab,штаб
step,степь
stip,тростник
stof,ткань
stup,пакля
sxak,шах
sxal,шаль
sxam,замша
taft,тафта
talp,крот
tetr,тетерев
tibi,шейный позвонок
tili,липа
tine,моль
torf,торф
trab,балка
tref,треф
tril,трель
trip,кишки
trog,кормушка
tron,трон
truf,трюфель
trul,кельма
trut,форель
turd,дрозд
turk,турок
turt,горлица
uter,матка
uxat,ват
vafl,вафля
vals,вальс
vekt,рычаг
zebr,зебра
altar,алтарь
ambos,наковальня
anton,Антон
ardez,сланец
argil,глина
aspid,аспид
balen,кит
barcx,борщ
boben,катушка
brank,жабры
bubal,буйвол
bufed,буфет
cejan,василёк
dativ,дательный
datur,дурман
demon,демон
denar,динарий
deviz,девиз
domen,домино
embri,эмбрион
emili,Эмилия
ermen,горностай
ermit,отшельник
facet,грань
fazan,фазан
femur,бедро
filik,папоротник
flegm,спокойствие
fokus,фокус
franc,француз
frank,франк
fring,юрок
galon,галун
gazel,газель
genot,генет
georg,Георг
gitar,гитара
gland,железа
grosx,грош
hebre,еврей
heder,плющ
herez,ересь
herni,грыжа
hirud,пиявка
hosti,хлеб
husar,гусар
hxaos,хаос
idili,идиллия
johan,Йохан
jozef,Йозеф
kalik,чаша
kambi,вексель
kamer,камера
kanab,конопля
kanap,диван
kapel,часовня
kapon,кастрированный петух
kapor,капор
kapot,капюшон
karas,карась
karob,рожковое дерево
katun,ситец
kerub,херувим
kiras,броня
klaft,сажень
klosx,колпак
koaks,кокс
koleg,коллега
kolon,колонна
komiz,продавец
komod,комод
konus,конус
kopek,копейка
koran,Коран
kramp,скоба
kring,крендель
krisp,оборка
krist,Христ
kupol,купол
kvarc,кварц
kvart,кварт
lanug,пух
lauxr,лавр
libel,стрекоза
liken,лишайник
livre,форма
logxi,жить
lupol,хмель
lustr,люстра
luter,Лютер
medal,медаль
meriz,дик. вишня
moned,галка
morus,тутовник
mosxt,господин
negoc,сделка
nobel,дворянин
novic,послушник
nuanc,оттенок
oblat,облатка
okzal,щавель
orden,орден
orgen,орган
pagxi,паж
papav,мак
pariz,Париж
pauxl,Паул
pavim,покрытие
pedik,вошь
percx,окунь
piked,пикет
pilol,таблетка
pirit,пирит
pirol,снегирь
piroz,изжога
pisxt,поршень
plusx,плюш
poent,балл
pokal,чаша
polus,полюс
potas,щелочь
prujn,иней
pudel,пудель
pumik,пемза
puncx,удар
putor,скунс
raben,раввин
rapir,рапира
regol,королек
rezin,смола
rostr,хобот
ruben,рубин
safir,сапфир
salvi,шалфей
sigel,печать
silab,слог
silik,кремний
silur,сом
silvi,сильвия
sirop,сироп
skabi,чесотка
skadr,эскадрон
skarp,шарф
skvam,чешуя
sorik,землеройка
spion,шпион
spron,шпора
stabl,стол
sturg,осётр
sturn,скворец
sxalm,свирель
sxark,акула
sxelk,подтяжки
sxild,щит
sxind,щепка
sxlim,грязь
taban,слепень
tavol,слой
tempi,висок
tetan,столбняк
tetra,тетерев
timon,руль
topaz,топаз
torcx,факел
tromb,торнадо
tulip,тюльпан
ulcer,язва
urtik,крапива
vanil,ваниль
vasal,вассал
velen,пергамент
verst,верста
vezir,визир
vipur,гадюка
vokal,гласный
zenit,зенит
zibel,соболь
zizel,суслик
absces,абсцесс
absint,полынь
alcion,зимородок
amfibi,амфибия
ananas,ананас
artrit,артрит
atripl,солянка
berlin,Берлин
bismut,висмут
boraks,бура
buljon,бульон
bulonj,Булонь
busxel,бушель
centim,сантим
cikori,цикорий
cimbal,тарелка
cinabr,киноварь
cipres,кипарис
cxarpi,бинт
damask,дамаск
delfen,дельфин
didelf,опоссум
embusk,засада
epolet,эполета
erinac,ёж
ernest,Эрнест
eskadr,эскадра
faktur,счёт
falbal,оборка
fantom,призрак
faring,глотка
fenkol,фенхель
ferdek,палуба
fistul,свищ
flanel,фланель
fosfor,фосфор
frangx,франж
furunk,фурункул
fusten,фустян
galeri,галерея
gamasx,гетры
german,немец
granat,гранат
granit,гранит
grenad,граната
grifel,грифель
gxiraf,жираф
haladz,смрад
hamstr,хомяк
hispan,испанец
hximer,химера
hxoler,холера
ingven,пах
izrael,Израиль
jasmen,жасмин
kalesx,карета
kalvin,Кальвин
kamfor,камфора
kamlot,камлот
kanajl,хулиган
kanari,канарейка
kantor,певчий
kanvas,холст
kapsul,капсула
kapucx,капюшон
kardel,щегол
karmin,кармин
karpen,граб
kastor,бобр
kaviar,икра
kobalt,кобальт
kobold,домовой
kolbas,колбаса
kolibr,колибри
kolimb,гагара
kolubr,уж
komuni,причастие
kontor,офис
kontur,контур
kornic,карниз
korpus,корпус
koturn,перепел
kraken,крекер
kratag,боярышник
krater,кратер
kronik,хроника
kurier,курьер
lampir,светляк
laring,гортань
lavang,лавина
legend,легенда
lekant,ромашка
lentug,веснушка
levkoj,левкой
likvor,ликёр
litani,литания
london,Лондон
magnet,магнит
makzel,челюсть
mangan,марганец
markot,парк
marmor,мрамор
marmot,сурок
mastik,шпатлевка
migdal,миндаль
miogal,мускусная крыса
miozot,незабудка
monahx,монах
morbil,корь
morter,раствор
muskat,мускат
muslin,муслин
mustel,ласка
nanken,нанкин
narcis,нарцисс
nikola,Никола
notari,нотариус
orakol,оракул
paletr,палитра
panter,пантера
parget,паркет
parohx,приход
parter,партер
pastel,леденец
patent,патент
patrol,патруль
pfenig,пфенниг
pistak,фисташка
pistol,пистолет
plastr,пластырь
platen,платина
ponard,кинжал
porfir,порфир
porter,портер
primol,примула
prunel,слива
purpur,пурпурный
rekrut,новобранец
rempar,стена
risort,пружина
rosmar,морж
rozari,чётки
rubrik,заголовок
safran,шафран
sambuk,бузина
sankci,санкция
sardel,сардина
sceptr,скипетр
selakt,сливки
servic,сервиз
servut,крепостной
siring,сирень
skapol,лопатка
skarab,скарабей
skolop,кулик
skurgx,плеть
sofism,софизм
sopran,сопрано
spalir,шпалера
stefan,Стефан
sufiks,суффикс
sukcen,янтарь
sulfur,сера
talent,талант
tambur,барабан
tenden,сухожилие
teodor,Теодор
termin,термин
testik,яичко
timian,чабрец
tombak,латунь
trahxe,трахея
tremol,тополь
tribun,трибуна
tropik,тропик
turban,тюрбан
turkis,бирюза
turnir,турнир
urogal,глухарь
variol,оспа
viburn,калина
vikari,викарий
vinagr,уксус
vizier,козырёк
volupt,чувственность
ablativ,аблатив
antimon,сурьма
arleken,шут
arsenik,мышьяк
artifik,уловка
asparag,спаржа
bajonet,штык
bastion,бастион
beladon,белладонна
biskvit,бисквит
cxampan,шампанское
cxarnir,петля
diamant,бриллиант
episkop,епископ
esxafod,эшафот
fraksen,ясень
frangol,крушина
fringel,чиж
genitiv,род. падеж
henriet,Генриетта
hidrarg,ртуть
hiskiam,белена
histrik,дикобраз
jugland,грецкий орех
juniper,можжевельник
kalikot,ситец
kamizol,камисоль
kamomil,ромашка
kapitan,капитан
kapitel,капитель
kapreol,косуля
kapucen,капуцин
karaben,карабин
kartocx,патрон
karusel,карусель
kavalir,рыцарь
klarnet,кларнет
klister,клизма
koklusx,коклюш
kolofon,канифоль
kompres,компресс
kurator,опекун
kvitanc,квитанция
leontod,одуванчик
leopard,леопард
limonad,лимонад
lonicer,жимолость
ludovik,Людовик
lunatik,психопат
maroken,марокен
marsxal,маршал
meleagr,индюк
membran,мембрана
mihxael,Михаил
monarhx,монарх
mustard,горчица
negligx,неглиже
nikodem,Никодем
novjork,Нью-Йорк
oksigen,кислород
oksikok,клюква
parazit,паразит
pastecx,паштет
pelikan,пеликан
perdrik,куропатка
poligon,многоугольник
prefiks,приставка
redakci,редакция
rinocer,носорог
salpetr,селитра
sentenc,пословица
skarlat,алый
skorbut,цинга
skrofol,золотуха
smerald,изумруд
sterled,осётр
stertor,хрип
sxiller,Шиллер
umbilik,пупок
univers,вселенная
varsovi,Варшава
verdigr,пати́на
vertebr,позвонок
vespert,летучая мышь
vestibl,вестибюль
vilhelm,Вильгельм
virtuoz,виртуоз
vitriol,сульфат
zingibr,имбирь
akcipitr,ястреб
akuzativ,винительный
argument,аргумент
arhxaism,архаизм
artisxok,артишок
baldaken,балдахин
briliant,бриллиант
diplomat,дипломат
distrikt,район
elizabet,Елизавета
fragment,фрагмент
framason,фримасон
frugileg,галка
hidrogen,водород
hortulan,овсянка
institut,институт
kantarid,жужелица
kariofil,гвоздика
kartilag,хрящ
katarakt,катаракта
kocxenil,кошениль
kokcinel,божья коровка
konvulsi,судорога
leksikon,лексикон
marcipan,марципан
medalion,медальон
monarhxi,монархия
obstrukc,препятствие
paradoks,парадокс
parentez,скобка
particip,причастие
pasament,бахрома
pastinak,пастернак
pergamen,пергамент
peritone,брюшина
perlamot,перламутр
petromiz,минога
petrosel,петрушка
ranunkol,лютик
redaktor,редактор
rezultat,результат
rosmaren,розмарин
sergxent,сержант
sublimat,сублимат
tacxment,отряд
terebint,терпентин
tornistr,ранец
zamenhof,Заменгоф
aleksandr,Александр
anunciaci,благовещение
balustrad,перила
cxambelan,камергер
cxarlatan,шарлатан
deklinaci,склонение
diplomati,дипломатия
ekscelenc,превосходительство
ekzempler,книга
entuziasm,энтузиазм
fortepian,рояль
galanteri,косметика
ihxtiokol,ихтиолог
instituci,учреждение
instrukci,инструкция
kancelari,канцелярия
kancelier,канцлер
kataplasm,припарка
kondolenc,соболезнования
konjugaci,спряжение
konjunkci,союз
konsonant,согласный
korporaci,корпорация
kvaranten,карантин
nominativ,именительный
pentekost,Пятидесятница
piedestal,пьедестал
prepozici,предлог
privilegi,привилегия
promontor,мыс
salamandr,саламандра
testament,завещание
vermicxel,вермишель
interjekci,междометие
supersticx,суеверие
vasxington,Вашингтон
violoncxel,виолончель
arhxitektur,архитектура
interpunkci,пунктуация
jork,Йорк
parok,приход
navig,плавание
kaos,хаос
kimer,химера
korus,хор
monak,монах
iktiokol,ихтиокол
ald,добавить
alo,алоэ
api,сельдерей
ari,ария
bas,автобус
car,царь
dog,мастиф
dok,док
doz,доза
ego,эго
elf,эльф
etn,этн
faz,фаза
fon,фон
fuk,водоросль
gaz,марля
gem,драгоценный камень
hum,гумус
jod,йод
jud,еврей
kep,кепи
lat,планка
lob,доля
mim,мим
mit,миф
muz,муза
nas,ловить
nav,неф
niz,ястреб
oaz,оазис
opi,опий
puf,пух
raj,скат
ras,раса
ref,риф
rit,ритуал
rut,рута
sod,сода
tif,тиф
tog,тога
viz,виза
agat,агат
agxi,бить
alen,шило
ambr,амбра
amor,Амур
aort,аорта
arom,аромат
astm,астма
astr,астр
azil,убежище
bard,бард
bomb,бомба
bosk,кустарник
brom,бром
bust,торс
cend,цент
cidr,сидр
cirk,цирк
dali,георгин
dign,достоинство
duel,дуэль
duet,дуэт
ebur,слоновая кость
eden,Эдем
egid,эгида
erik,вереск
etik,этика
etim,этимология
fars,фарс
fili,филиал
fisk,казна
furi,Фурия
gnom,гном
grog,грок
gruz,гравий
gxin,джин
hidr,гидра
hien,гиена
irid,ирис
iris,радужка
istm,перешеек
jesu,Иисус
junk,камыш
kabl,кабель
kali,калий
kame,камео
kast,каста
klor,хлор
kofr,чемодан
kolz,капуста
kont,счет
krab,краб
kres,расти
kupe,купе
laik,мирянин
lama,лама
lanc,копьё
lens,линза
lord,лорд
malt,солод
mani,мания
medi,среда
milv,коршун
mitr,Митра
moru,треска
mosk,мускус
mumi,мумия
naft,нафта
negr,негр
nimb,нимб
norm,норма
obol,обол
ogiv,стрела
orgi,оргия
ozon,озон
penc,пенс
pleb,плебс
podi,сцена
polk,полька
pomp,помпезность
pore,лук
rabi,бешенство
rism,связь
romb,ромб
rubl,рубль
sabr,сабля
sagu,саговая мука
sald,баланс
salv,залп
sekt,секта
sfer,сфера
skem,схема
skol,школа
slip,листок
sokl,пьедестал
sold,продан
sole,камбала
spad,шпага
sxah,шах
talk,тальк
teni,цепень
tiar,тиара
tink,линь
tors,торс
tost,тост
trop,троп
turb,волчок
ukaz,указ
ulan,улан
uzur,ростовщичество
verv,пыл
vink,барвинок
visk,омела
vist,подъём
vizi,видение
zuav,зуав
abism,бездна
adept,последователь
afiks,аффикс
afust,лафет
agraf,крючок
akaci,акация
akciz,акциз
aksel,подмышка
albin,альбинос
alibi,алиби
aline,абзац
alkov,альков
amfor,амфора
angin,ангина
angor,мучение
anten,антенна
apati,апатия
apoge,апогей
arkad,аркада
arkiv,архив
arnik,арника
atlas,атлас
atlet,атлет
aviad,авиация
balad,баллада
balet,балет
barak,барак
baron,барон
basen,бассейн
beril,берилл
bibli,библия
bigot,фанатик
biret,бирет
bitum,битум
bivak,бивак
brecx,трещина
brocx,брошь
bronk,бронх
cigan,цыган
cikut,цикута
cxifr,шифр
debat,дебаты
dekan,декан
dilem,дилемма
diluv,потоп
divan,диван
dolar,доллар
drakm,драхма
dukat,дукат
edikt,указ
eklog,эклога
ekzem,экзема
elegi,элегия
elips,эллипс
elizi,элизия
emfaz,подчеркнуть
epope,эпопея
fagot,фагот
fakir,факир
fatal,рок
feuxd,феод
fiakr,экипаж
fiask,провал
final,финал
fjord,фьорд
forum,форум
fresk,фреска
furor,фурор
galer,галера
galop,галоп
garol,сойка
goril,горилла
hamak,гамак
harem,гарем
harpi,гарпия
helic,винт
helik,улитка
hisop,иссоп
hoboj,гобой
humer,плечо
idiom,идиома
idiot,идиот
ileks,падуб
iluzi,иллюзия
indiga,индиго
jalap,ялапа
jud/ism##,
kabal,каббала
kadet,кадет
kalif,халиф
kanon,пушка
karat,карат
kazin,казино
kinin,хинин
kirsx,кирш
kloak,сток
kobaj,морская свинка
kokon,кокон
kolik,колика
kolos,колосс
komet,комета
koral,коралл
korne,роговица
korol,венец
kozak,казак
krabr,оса
kreol,креол
kript,крипта
kulis,кулисы
kumin,тмин
kvast,кисть
kvint,квинта
lagun,лагуна
lapis,селитра
larik,лиственница
later,сторона
lazur,лазурь
legat,легат
lirik,лирика
madon,мадонна
major,майор
mamut,мамонт
medol,мозг
meduz,медуза
melas,патока
melis,мелисса
miasm,миазм
mimoz,мимоза
mitul,удивлять
moske,мечеть
motiv,мотив
natri,натрий
nikel,никель
nimfe,нимфа
noktu,сова
nomad,кочевник
novel,роман
nunci,нунций
oksid,оксид
oktav,октава
oniks,оникс
optik,оптика
orbit,орбита
oriol,иволга
ovaci,овация
pagod,пагода
panel,панель
panik,паника
paraf,параф
patos,пафос
pedal,педаль
pedel,чиновник
peoni,пион
peruk,парик
pigme,пигмей
pirat,пират
pivot,ось
polip,полип
polis,полис
pomad,помада
prior,приор
prism,призма
psalm,псалом
raket,ракета
rebus,ребус
retin,сетчатка
retor,ритор
rezed,резеда
ricin,клещевина
rokok,рококо
rubus,ежевика
rutin,рутина
saliv,слюна
satan,сатана
saten,сатин
seraf,серафим
sifon,сифон
sinap,горчица
sinod,синод
siren,сирена
skalp,трофей
skerc,шутка
skism,раскол
sonat,соната
sonet,сонет
spasm,спазм
sperm,сперма
splen,сплин
stopl,пень
strof,строфа
sutan,сутана
sxose,шоссе
sxpat,плуг
taler,монета
tanin,танин
tarok,таро
teism,теизм
teist,теист
templ,храм
tenor,тенор
teror,террор
tindr,трут
tiran,тиран
tonel,тоннаж
trofe,трофей
trust,доверие
tunik,туника
utopi,утопия
vanel,чибис
vinkt,зажим
viper,гадюка
viski,виски
zefir,бриз
advent,Адвент
aksiom,аксиома
akvari,аквариум
algebr,алгебра
alkemi,алхимия
ambici,амбиция
amulet,амулет
anagal,руриакобе
anarki,анархия
anatom,анатом
ancxov,анчоус
anemon,анемон
anilin,анилин
aplomb,уверенность
apolog,извинение
arbust,куст
arhxiv,архив
asesor,ассесор
ateism,атеизм
ateist,атеист
auxkci,аукцион
balast,балласт
balkon,балкон
balzam,бальзам
bandit,бандит
barbar,варвар
barier,барьер
bateri,батарея
batist,батист
bazalt,базальт
beletr,беллетристика
bilanc,баланс
bilard,бильярд
binokl,бинокль
biolog,биолог
blazon,герб
blokad,блокада
bordel,бордель
braman,брахман
brigad,бригада
buduar,будуар
burnus,бурнус
celeri,сельдерей
cidoni,айва
ciklon,циклон
ciklop,циклоп
dekret,указ
depesx,депеша
despot,деспот
diabet,диабет
diadem,диадема
diakon,дьякон
diplom,диплом
divizi,делить
dragon,дракон
eklips,затмение
eksces,избыток
ekstaz,экстаз
ekvaci,уравнение
emblem,эмблема
emulsi,эмульсия
endivi,эндивий
epilog,эпилог
epitet,эпитет
epizod,эпизод
erupci,извержение
eskort,эскорт
estrad,трибуна
etiket,этикет
euxnuk,евнух
ezofag,пищевод
faktor,фактор
falang,фаланга
fanfar,фанфара
feniks,феникс
feston,гирлянда
feticx,фетиш
fleksi,изменять
floren,флорин
format,формат
frakci,дробь
fregat,фрегат
galant,галантус
gangli,ганглий
genist,папоротник
geolog,геолог
gerani,герань
gigant,гигант
glazur,глазурь
glikoz,глюкоза
glukoz,глюкоза
gondol,гондола
grafit,графит
gulden,гульден
harpun,гарпун
hetman,атаман
hipnot,гипноз
incens,ладан
indeks,индекс
inflam,воспаление
jaguar,ягуар
jezuit,иезуит
jxaket,фрак
kadavr,труп
kadenc,каденция
kalibr,калибр
kameli,камелия
kantat,кантата
kanton,кантон
karbon,углерод
karcer,тюрьма
karier,карьера
kariol,карета
katedr,кафедра
kauxci,залог
kazern,казарма
kokard,кокарда
kolodi,коллодий
koloni,колония
kompas,компас
kondor,кондор
konjak,коньяк
korife,хормейстер
kornet,корнет
korsar,корсар
korset,корсет
korvet,корвет
kotlet,котлета
kursiv,курсив
laktuk,салат
lavend,лаванда
loteri,лотерея
lucern,фонарь
maksim,максима
malari,малярия
marasm,маразм
markiz,маркиз
martir,мученик
masagx,массаж
mazurk,мазурка
medium,медиум
melodi,мелодия
mentor,наставник
merkat,рынок
mespil,мушмула
meteor,метеор
metrik,метрика
mikrob,микроб
mirakl,чудо
miriad,мириады
molusk,моллюск
monark,монарх
morfin,морфин
mozaik,мозаика
munici,боеприпасы
nektar,нектар
orkide,орхидея
pacxul,пачули
parodi,пародия
pavian,павиан
pedant,педант
pepsin,пепсин
petard,петарда
piastr,пьастр
pistil,пестик
podagr,подагра
ponton,понтон
portal,вход
portik,портик
prelat,прелат
prelud,прелюдия
premis,предпосылка
profan,кощунник
profil,профиль
prolog,пролог
puding,пудинг
pupitr,пюпитр
pustul,пустула
rabarb,ревень
regent,регент
rektor,ректор
relief,рельеф
retort,реторта
romanc,романтика
rotond,ротонда
sandal,сандалии
santal,сандал
sarong,саронг
satrap,сатрап
sektor,сектор
septet,септет
serajl,дворец
sevrug,севрюга
sfinks,сфинкс
siluet,силуэт
simbol,символ
sinkop,обморок
sintez,синтез
skelet,скелет
sofist,софист
spektr,спектр
spiral,спираль
sponde,спондей
suflor,суфлёр
sultan,султан
sxalup,шлюпка
sxankr,шанкер
sxarad,шарада
taksus,тис
taktik,тактика
talmud,Талмуд
tamtam,тамтам
tandem,тандем
tapiok,тапиока
teolog,теолог
teorem,теорема
terapi,терапия
tercet,терцет
termit,термит
tonsur,Тонзура
torped,торпеда
trapez,трапеция
tribut,дань
triumf,триумф
turbin,турбина
unison,унисон
uragan,ураган
vampir,вампир
verand,веранда
vermut,вермут
vinjet,виньетка
zigzag,зигзаг
zodiak,зодиак
admiral,адмирал
aerolit,метеорит
aforism,афоризм
agronom,агроном
akrobat,акробат
akvarel,акварель
alegori,аллегория
alhxemi,алхимия
almanak,альманах
ambrozi,амброзия
ametist,аметист
amnesti,амнистия
anagram,анаграмма
analogi,аналогия
anapest,анапест
anatomi,анатомия
angelik,дудник
anomali,аномалия
antilop,антилопа
antipod,Антипод
antitez,антитезис
apoteoz,апофеоз
apozici,аппозиция
arabesk,арабеска
arkaism,архаизм
asonanc,ассонанс
atavism,атавизм
atribut,атрибут
auxreol,ореол
bankier,банкир
barikad,баррикада
bariton,баритон
bastard,ублюдок
bazilik,базилика
biograf,биограф
biologi,биология
bisturi,скальпель
bombast,высокопарность
botanik,ботаника
celuloz,целлюлоза
ceramik,керамика
cilindr,цилиндр
cistern,водоём
citadel,крепость
cxevron,стропила
demagog,демагог
diagnoz,диагноз
dialekt,диалект
diametr,диаметр
difteri,дифтерия
diftong,дифтонг
dinamik,динамика
dinamit,динамит
dinasti,династия
doktrin,доктрина
ekspres,экспресс
eliksir,эликсир
eminenc,преосвященство
epiderm,эпидермис
epifani,Богоявление
epigraf,эпиграф
epigram,эпиграмма
erudici,эрудит
estetik,эстетика
etim/olog##,
etiolog,этиолог
evoluci,эволюция
farmaci,фармация
filolog,филолог
filozof,философ
fonetik,фонетика
fronton,фронтон
gangren,гангрена
gardeni,гардения
gencian,генциан
geodezi,геодезия
geograf,географ
geologi,геология
geometr,геометр
gerundi,герундий
gilotin,гильотина
gimnast,гимнаст
gimnazi,гимназия
guberni,губерния
hiacint,гиацинт
hipotek,ипотека
hipotez,гипотеза
histeri,истерия
homonim,омоним
hxirurg,хирург
judaism,иудаизм
jxargon,жаргон
kalomel,каломель
kanaben,канарейка
kanibal,каннибал
kanonik,каноник
kaporal,капрал
karamel,карамель
karavan,караван
kartusx,картуш
katolik,католик
kazemat,каземат
komplot,заговор
koncesi,уступить
kontakt,контакт
korsajx,корсаж
kreozot,креозот
kriteri,критерий
kvadril,кадриль
kvestor,казначей
letargi,летаргия
liturgi,литургия
lozangx,ромб
lumbrik,червь
mahagon,махагон
majolik,майолика
makadam,макадам
makaron,макарон
malakit,малахит
mansard,мансарда
margxen,поля
matador,тореадор
mekanik,механика
merlang,мерлан
metafor,метафора
minaret,минарет
mirabel,мирабель
molekul,молекула
monarki,монархия
monolog,монолог
monopol,монополия
nikotin,никотин
obelisk,обелиск
oleandr,олеандр
oligark,олигарх
omnibus,дилижанс
onobrik,арахис
optativ,желаемый
pacient,пациент
palinur,лангуст
pamflet,памфлет
panoram,панорама
papirus,папирус
parabol,парабола
parafin,парафин
paskvil,памфлет
pasxtel,пастель
patolog,патолог
patrici,патриций
patriot,патриот
pedagog,педагог
pelerin,пелерина
pension,пансион
percept,восприятие
pilastr,пилястр
piramid,пирамида
plagiat,плагиат
plantag,подорожник
polemik,полемика
prefekt,префект
procesi,обрабатывать
prognoz,прогноз
prozodi,просодия
puritan,пуританин
retorik,риторика
revizor,прокурор
samovar,самовар
sarkasm,сарказм
segment,отрезок
sekreci,секрет
semafor,семафор
serenad,серенада
sifilis,сифилис
simetri,симметрия
simfoni,симфония
simptom,симптом
sinagog,синагога
sinedri,синедрион
sinonim,синоним
sintaks,синтаксис
skandal,скандал
skrupul,тщательный
stearin,стеарин
sugesti,внушать
sxiling,шиллинг
taburet,табурет
tangent,тангенс
teokrat,теократ
teologi,теология
trombon,тромбон
ultimat,ультиматум
uvertur,увертюра
variant,вариант
vazelin,вазелин
verdikt,приговор
veteran,ветеран
vokativ,звательный
abnegaci,самоотречение
adjutant,адъютант
aeroplan,самолёт
agronomi,агрономия
akvafort,гравюра
akvilegi,водосбор
alabastr,алебастр
aligator,аллигатор
ambulanc,скорая
antipati,антипатия
antologi,антология
apostrof,апостроф
arbalest,арбалет
areometr,ареометр
arkeolog,археолог
arkitekt,архитектор
artileri,артиллерия
astrolog,астролог
astronom,астроном
atmosfer,атмосфера
auxdienc,аудиенция
balistik,баллистика
balzamin,бальзамин
banderol,лента
barelief,барельеф
batalion,батальон
bazilisk,василиск
biografi,биография
ceremoni,церемония
dekadenc,упадок
delegaci,делегация
demagogi,демагог
demokrat,демократ
diafragm,диафрагма
diagonal,диагональ
diapazon,камертон
didaktik,дидактика
difterit,дифтерия
diktator,диктатор
discxipl,ученик
dispepsi,диспепсия
ditiramb,дифирамб
dromedar,дромедар
ekstrakt,экстракт
epilepsi,эпилепсия
erizipel,рожа
etimologi##,
etiologi,этиология
etnograf,этнограф
evangeli,Евангелие
faksimil,факсимиле
fakultat,факультет
felieton,фельетон
feminism,феминизм
feminist,феминист
filologi,филология
filozofi,философия
fiziolog,физиолог
fonograf,фонограф
galantin,галантин
garnitur,гарнитур
garnizon,гарнизон
genealog,генеалог
geometri,геометрия
glicerin,глицерин
gliciriz,солодка
grafolog,графолог
gramofon,граммофон
gutaperk,гуттаперча
halebard,алебарда
harmonik,гармоника
hegemoni,гегемония
hekatomb,гекатомба
hierarki,иерархия
hipodrom,ипподром
honorari,гонорар
horoskop,гороскоп
hortensi,гортензия
hxirurgi,хирургия
idiotism,идиома
imperial,имперский
indigxen,абориген
inkognit,инкогнито
intervju,интервью
kalendul,календула
kardinal,кардинал
katafalk,катафалк
katakomb,катакомбы
katedral,собор
katekist,катехизатор
kavaleri,кавалерия
komandit,Товарищество
konfekci,одежда
konflikt,конфликт
kontralt,контральто
kontrast,контраст
konvenci,соглашение
kosmetik,косметика
kreditor,кредитор
ksilofon,ксилофон
kvocient,частное
labirint,лабиринт
lauxreat,лауреат
logaritm,логарифм
logogrif,логогриф
makaroni,макароны
mandaren,чиновник
mandolin,мандолина
manifest,объявление
manometr,манометр
margarin,маргарин
marionet,марионетка
mauxzole,мавзолей
mekanism,механизм
melodram,мелодрама
meridian,меридиан
metronom,метроном
metropol,метрополия
mikrofon,микрофон
miniatur,миниатюра
monogram,монограмма
monomani,мономан
naftalin,нафталин
narkotik,наркотик
navigaci,навигация
nekrolog,некролог
nepotism,кумовство
nihilism,нигилизм
nihilist,нигилист
nostalgi,тоска
numismat,нумизмат
obligaci,облигация
oligarhx,олигарх
oligarki,олигархия
optimism,оптимизм
optimist,оптимист
organism,организм
orografi,орография
pacifism,пацифизм
pacifist,пацифист
palanken,паланкейн
panteism,пантеизм
panteist,пантеист
pantomim,пантомима
paradigm,парадигма
parafraz,перефраз
paragraf,параграф
partitur,партитура
patologi,патология
pedagogi,педагогика
perimetr,периметр
peristil,перистиль
pesimism,пессимизм
pesimist,пессимист
pleonasm,плеоназм
poliglot,полиглот
preterit,прошедшее
procedur,процедура
projekci,проецировать
proporci,доля
prospekt,проспект
protokol,протокол
prototip,прототип
prozelit,новообращённый
psikolog,психолог
referenc,ссылка
renesanc,Ренессанс
reputaci,репутация
revelaci,откровение
revolver,револьвер
rojalist,роялист
sacerdot,священник
sakristi,ризница
sarkofag,саркофаг
seminari,семинар
sensaci,сенсация
sfinkter,сфинктер
silogism,силлогизм
solecism,ошибка
stipendi,стипендия
strategi,стратегия
subvenci,субсидия
talisman,талисман
tamburin,бубен
tarantel,тарантелла
tarantul,тарантул
teleskop,телескоп
teokrati,теократия
tipograf,типограф
topograf,топограф
toreador,тореадор
transept,трансепт
tuberkul,туберкул
amfiteatr,амфитеатр
apopleksi,инсульт
arbitraci,арбитраж
arhxeolog,археолог
arhxitekt,архитектор
aritmetik,арифметика
arkeologi,археология
arkipelag,архипелаг
astrologi,астрология
astronomi,астрономия
auxditori,аудитория
auxtograf,автограф
auxtokrat,автократ
deklaraci,декларация
demokrati,демократия
dialektik,диалектика
disciplin,дисциплина
disenteri,дизентерия
entomolog,энтомолог
etnografi,этнография
filantrop,филантроп
fiziologi,физиология
fizionomi,физиономия
fotografi,фотографировать
genealogi,генеалогия
gladiator,гладиатор
grafologi,графология
harmonium,гармониум
heksametr,гекзаметр
heliotrop,гелиотроп
hidrofobi,гидрофобия
hieroglif,иероглиф
higrometr,гигрометр
hipopotam,бегемот
homeopati,гомеопат
ideografi,идеография
imperativ,повелительное
imperfekt,имперфект
impresari,импресарио
indikativ,изъявительное
infanteri,пехота
infinitiv,инфинитив
inkvizici,инквизиция
intendant,дворецкий
kabriolet,кабриолет
kandelabr,канделябр
karikatur,карикатура
kartograf,картограф
kastanjet,кастаньеты
katalepsi,каталепсия
katastrof,катастрофа
katehxist,катехизатор
kompromis,компромисс
konduktor,проводник
konkurenc,конкуренция
kontinent,континент
kontrabas,контрабас
konvolvul,вьюнок
kosmogoni,космогония
kosmograf,космограф
krizantem,хризантема
kronologi,хронология
kronometr,хронометр
krucifiks,распятие
kvadratur,квадратура
litografi,литография
lokomobil,локомобиль
melankoli,меланхолия
metafizik,метафизика
mikrometr,микрометр
mikroskop,микроскоп
mineralog,минералог
monoteism,монотеизм
neologism,неологизм
oligarhxi,олигархия
ornitolog,орнитолог
ostracism,остракизм
paleograf,палеограф
palisandr,палисандр
paroksism,припадок
pentametr,пентаметр
plutokrat,плутократ
politeism,политеизм
providenc,провидение
pulcxinel,Пульчинелла
purgatori,чистилище
recitativ,речитатив
reformaci,реформация
rekrement,шлак
repertuar,репертуар
rezignaci,смириться
sakrament,таинство
sekundant,секундант
skarlatin,скарлатина
skolastik,схоластика
somnambul,лунатик
sortiment,ассортимент
spekulaci,спекулировать
spiritism,спиритизм
spiritist,медиум
stalagmit,сталагмит
stalaktit,сталактит
statistik,статистика
sxovinism,шовинизм
sxovinist,шовинист
tipografi,типография
topografi,топография
velociped,велосипед
veterinar,ветеринар
vivisekci,вивисекция
abiturient,абитуриент
alternativ,альтернатива
anakronism,анахронизм
antropolog,антрополог
arhxeologi,археология
arhxipelag,архипелаг
aristokrat,аристократ
arkitektur,архитектура
auxtokrati,автократия
beletristik,беллетристика
bibliograf,библиограф
civilizaci,цивилизация
dinamometr,динамометр
ekskrement,экскременты
entomologi,энтомология
euxkaristi,евхаристия
filantropi,филантропия
hipertrofi,гипертрофия
ingredienc,ингредиент
inkvizitor,инквизитор
kartografi,картография
koeficient,коэффициент
kompliment,комплимент
kongregaci,конгрегация
konsistori,консистория
kontraband,контрабанда
kontribuci,взнос
kosmografi,космография
kosmopolit,космополит
krestomati,хрестоматия
kvintesenc,квинтэссенция
manufaktur,мануфактура
manuskript,рукопись
metamorfoz,превращение
meteorolog,метеоролог
mineralogi,минералогия
naturalism,натурализм
numismatik,нумизматика
ornitologi,орнитология
paleografi,палеография
perspektiv,перспектива
plutokrati,плутократия
pneuxmatik,шина
prerogativ,прерогатива
pseuxdonim,псевдоним
stenografi,стенография
subjunktiv,сослагательное
superlativ,превосходная степень
tuberkuloz,туберкулёз
admiralitat,адмиралтейство
antropologi,антропология
aristokrati,аристократия
bibliografi,библиография
cirkumfleks,циркумфлекс
demonstraci,доказывать
departement,департамент
enciklopedi,энциклопедия
hermafrodit,гермафродит
hidrostatik,гидростатика
hidroterapi,гидротерапия
imperialism,империализм
inauxguraci,церемония
kalejdoskop,калейдоскоп
kondicional,условное наклонение
konfederaci,конфедерация
konglomerat,конгломерат
kontrapunkt,контрапункт
manifestaci,демонстрация
metempsikoz,переселение
meteorologi,метеорология
observatori,обсерватория
paleontolog,палеонтолог
pleuxronekt,камбала
protagonist,протагонист
protektorat,протекторат
pseuxd,псевдоним
racionalism,рационализм
racionalist,рационалист
reuxmatism,ревматизм
temperament,темперамент
tragikomedi,трагикомедия
administraci,администрация
demonstrativ,указательное слово
konservatori,консерватория
paleontologi,палеонтология
paralelogram,параллелограмм
spiritualism,идеализм
spiritualist,идеалист
trigonometri,тригонометрия
auxtobiografi,автобиография
t.e.,то есть
k.t.p.,и т.д.
kiom,сколько
kiom##,
kiom##,
dum,во время
dum##,
gxis,до
gxis##,
anstataux,вместо
anstataux##,
kiu##,
kiu,кто
tiu##,
tiu##,
cxiu,каждый
cxiu##,
neniu,никто
neniu##,
ambaux,оба
ambaux##,
tiu cxi##,
tiu cxi##,
fiks,фиксировать
fiks##,
fals,ложный
fals##,
cxu##,
cxu,ли
kial,почему
kial##,
kiel,как
kiel##,
tamen,однако
tamen##,
apenaux,едва
apenaux##,
kvazaux,как будто
kvazaux##,
cxirkaux,вокруг
cxirkaux##,
precip##,
precip,особенно
tut,весь
tut##,
rest##,
rest,остаток
cxiel,разно
cxiel##,
interes,заинтересовать
interes##,
lig,связывать
lig##,
rul,катить
rul##,
arm##,
arm,оружие
fos,копать
fos##,
plant,сажать
plant##,
orient##,
orient,восток
fald,склад
fald##,
kaj,и
kaj##,
amas,масса
amas##,
kopi,копировать
kopi##,
fotograf,снимать
fotograf##,
cxar,потому
cxar##,
fikci##,
fikci,вымысел
nul,ноль
nul##,
klar##,
klar,ясный
artikol,статья
artikol##,
auxgust,август
auxgust##,
por,для
por##,
opozici,оппозиция
opozici##,
fot,фото
vibr,вибрировать
oscil,колебаться
fluktu,колебаться
indigo,индиго
ad,продолжение
ad,деяние
ag,действовать
al,к
am,любить
an,член
ar,группа
as,ет
at,емый
av,дед
bo,свёк-
ci,ты
da,давать
de,из
di,бог
Di,Бог
do,там
du,два
ec,-ость
eg,могучий
ej,место
ek,нач
el,из
em,склонность
en,в
er,частица
et,маленький
fe,фея
fi,фи
fi,подлый
ge,со
ha,ах
he,эй
ho,ого
ia,некоторый
id,потомок
ie,где-то
ig,заставить
il,инструмент
in,ка
io,что-то
ir,идти
is,был
it,-ен
iu,некто
iu,кто-то
ja,действительно
je,на
ju,чем
ke,что
l',л'
la,определённый артикль
li,он
lu,арендовать
mi,я
ne,не
ni,мы
nj,ня
nu,ну
od,ода
ok,восемь
ol,чем
on,-он
op,опы
or,золото
os,буду
ot,-ущ-
ov,яйцо
pi,благочестивый
po,по
re,снова
se,если
si,себя
te,чай
uj,сосуд
ul,чел
um,ум
ur,тур
us,бы
uz,использовать
ve,увы
vi,вы
