世界语单词,词性与重要性,候选汉字1,候选汉字2
adiaux,間7,再见,别
bis,間o,,再
hura,間o,,欢
uxa,擬f,,叫
kia,形1,何a,样
tia,形1,,此
cxia,形1,全a,全
kies,形1,何有,的
nenia,形1,无a,无
ali,形2,异,的
alt,形2,高,高
bel,形2,美,丽
bon,形2,好,良
jun,形2,青,年
nov,形2,新,新
sam,形2,同,一
fort,形2,强,强
grav,形2,重,要
kelk,形2,几,几
last,形2,末,尾
long,形2,长,长
mult,形2,多,多
plen,形2,满,满
ricx,形2,富,富
rugx,形2,红,红
facil,形2,易,易
grand,形2,大,大
liber,形2,自由,放
rapid,形2,速,速
felicx,形2,幸,乐
proksim,形2,近,近
fru,形3,早,早
pur,形3,净,纯
sol,形3,独,独
ver,形3,真,实
cert,形3,确,确
nigr,形3,黑,黑
varm,形3,暖,温
afabl,形3,和蔼,和
blank,形3,白,白
dolcx,形3,甜,柔
neces,形3,必,要
propr,形3,私,特
simpl,形3,简,易
dekstr,形3,右,正
kuragx,形3,勇,勇
trankvil,形3,安,静
blu,形4,蓝,蓝
dik,形4,粗,厚
gaj,形4,乐,乐
hel,形4,光,明
kar,形4,爱,爱
lac,形4,累,疲
san,形4,健,健
sat,形4,饱,满
just,形4,正,正
prav,形4,法,法
pret,形4,备,备
util,形4,用,用
verd,形4,绿,绿
apart,形4,独,异
atent,形4,注意,心
fremd,形4,异,外
gxust,形4,正,正
komun,形4,共,共
largx,形4,宽,宽
agrabl,形4,愉快,悦
divers,形4,多,多
intern,形4,内,内
suficx,形4,后缀,补
kontent,形4,满,满
profund,形4,深,深
mol,形5,柔,软
pez,形5,重,重
sek,形5,旱,干
brun,形5,棕,色
egal,形5,平,等
flav,形5,黄,黄
griz,形5,灰,灰
kulp,形5,罪,责
lert,形5,巧,能
rekt,形5,直,直
sagx,形5,智,明
vast,形5,阔,宽
ceter,形5,余,余
fresx,形5,新,新
simil,形5,似,似
kapabl,形5,能,能
serioz,形5,严肃,重
efektiv,形5,有效,效
ordinar,形5,平凡,常
akr,形6,锋,尖
fam,形6,名,名
ies,形6,有,有
avar,形6,贪,心
dens,形6,密,密
eben,形6,平,平
fier,形6,傲,傲
firm,形6,坚,坚
nepr,形6,必,要
plat,形6,平,平
plur,形6,多,多
surd,形6,聋,听
vigl,形6,活,活
fidel,形6,忠,信
kviet,形6,静,静
matur,形6,成熟,成
sankt,形6,圣,圣
spert,形6,经,熟
subit,形6,突,急
tauxg,形6,用,益
honest,形6,诚,正
konven,形6,适,合
plur,形6,多,多
preciz,形6,精,确
strang,形6,怪,奇
delikat,形6,精致,弱
gxentil,形6,雅,雅
komfort,形6,舒适,安
pacienc,形6,耐心,忍
special,形6,特,特
gxeneral,形6,总,通
konstant,形6,恒,定
lam,形7,瘸,行
mut,形7,变,变
nud,形7,裸,露
pal,形7,苍,苍
ruz,形7,狡,诈
van,形7,虚,空
acid,形7,酸,酸
glat,形7,滑,滑
kler,形7,智,明
krud,形7,原,原
mild,形7,温,和
abund,形7,丰,富
blind,形7,盲,不
blond,形7,金,色
cxarm,形7,魅,人
etern,形7,永,不
favor,形7,爱,爱
graci,形7,雅,雅
humil,形7,卑,谦
lauxt,形7,响,高
sever,形7,严,严
stult,形7,愚,笨
fortik,形7,坚,强
frenez,形7,疯,乱
kurioz,形7,好奇,奇
privat,形7,私,自
sincer,形7,诚,诚
evident,形7,显,明
oportun,形7,适,宜
prudent,形7,慎,思
sci/vol##,形7,求,求
diligent,形7,勤,勤
proksim/um##,形7,近,近
ard,形8,热,热
avid,形8,渴,求
brav,形8,勇,敢
ebri,形8,醉,醉
krut,形8,峻,峻
naiv,形8,天真,纯
nobl,形8,贵,贵
sobr,形8,节,节
humid,形8,湿,湿
ident,形8,一,一
komik,形8,滑稽,笑
kripl,形8,残,缺
kruel,形8,残,心
moder,形8,适,适
sagac,形8,聪,敏
seren,形8,静,静
sprit,形8,灵,巧
akurat,形8,准,时
fervor,形8,热,心
inklin,形8,倾,向
jxaluz,形8,嫉妒,心
kapric,形8,变,变
modern,形8,现,新
modest,形8,谦,谦
nenies,形8,无,有
normal,形8,常,常
sovagx,形8,野,生
ekstrem,形8,极,极
elegant,形8,雅,雅
eminent,形8,卓越,显
komplet,形8,完,全
oficial,形8,官,公
perfekt,形8,完美,完
probabl,形8,可能,似
reciprok,形8,互,互
indiferent,形8,漠,不
inteligent,形8,智,智
amar,形9,苦,苦
imun,形9,免疫,免
real,形9,实,实
ties,形9,的,的
unik,形9,唯,特
vant,形9,虚,虚
virg,形9,童,纯
aktiv,形9,活,动
civil,形9,文,民
cxies,形9,所有,的
elast,形9,弹,性
human,形9,人,人
intim,形9,亲,情
kaduk,形9,衰,衰
koket,形9,撩,风
lojal,形9,忠,忠
malic,形9,恶,恶
mir/ind##,形9,奇,奇
rauxk,形9,哑,哑
rigid,形9,硬,固
sekur,形9,安,安
solen,形9,威,严
tener,形9,温,温
valid,形9,有效,认
abrupt,形9,突,变
absurd,形9,荒谬,不
aktual,形9,当前,行
arbitr,形9,任,意
auxdac,形9,助,助
ekzakt,形9,准,确
furioz,形9,愤,怒
graved,形9,孕,孕
klasik,形9,典,古
majest,形9,威,高
nervoz,形9,紧张,不
oblikv,形9,斜,斜
obstin,形9,固执,硬
plen/agx##,形9,成,成
social,形9,社,会
subtil,形9,细,巧
tragik,形9,悲,悲
absolut,形9,绝,全
kontant,形9,现金,满
popular,形9,流行,广
relativ,形9,相,相
sin/don##,形9,献,献
solidar,形9,团结,共
vegetar,形9,素,食
familiar,形9,亲,亲
grandioz,形9,宏,大
kolektiv,形9,集,集
sin/gard##,形9,专,心
kompetent,形9,专,精
universal,形9,普,全
kvit,形f,清,清
miop,形f,近,视
punc,形f,红,红
ranc,形f,败,衰
cxast,形f,贞,贞
ekstr,形f,额,特
masiv,形f,巨,大
antikv,形f,古,古
arogant,形f,傲,高
konform,形f,一致,合
trivial,形f,琐,微
elokvent,形f,雄辩,辩
kriminal,形f,犯罪,法
predikat,形f,述,述
akut,形o,锐,利
dual,形o,双,双
hirt,形o,毛,毛
kalv,形o,秃,发
banal,形o,平凡,常
cinik,形o,讽,讽
gotik,形o,哥特式,古
inert,形o,惰,惰
obtuz,形o,钝,笨
okult,形o,秘,密
pasiv,形o,被,受
rigor,形o,严,规
stoik,形o,坚,坚
analog,形o,仿,似
anonim,形o,匿,名
arkaik,形o,古,古
diafan,形o,透明,明
efemer,形o,瞬,速
erotik,形o,色,情
fiktiv,形o,虚,幻
formal,形o,正,规
frivol,形o,轻,不
intens,形o,烈,烈
invers,形o,逆,反
konciz,形o,简,简
konkav,形o,凹,凹
mistik,形o,神秘,秘
neuxtr,形o,中,中
vulgar,形o,俗,粗
akcesor,形o,配,件
apokrif,形o,伪,造
arhxaik,形o,古,古
burlesk,形o,滑稽,笑
decimal,形o,十,数
diskret,形o,谨慎,密
fanatik,形o,狂,忠
grotesk,形o,怪,怪
konkret,形o,具,实
kontinu,形o,续,持
liberal,形o,自由,容
monoton,形o,单调,单
negativ,形o,否,的
nominal,形o,名,名
pozitiv,形o,积极,信
radikal,形o,根,革
skeptik,形o,怀疑,疑
solvent,形o,偿,清
abstrakt,形o,抽象,思
auxtonom,形o,自治,自
eventual,形o,可能,机
inkluziv,形o,包括,性
neuxtral,形o,中,公
objektiv,形o,客观,实
ortodoks,形o,正,教
primitiv,形o,原始,原
provizor,形o,代,暂
racional,形o,理,理
romantik,形o,浪漫,情
sinoptik,形o,气象,要
spontane,形o,自发,自
auxtentik,形o,真,实
definitiv,形o,定,定
ekskluziv,形o,独家,特
korelativ,形o,相关,相
respektiv,形o,各,各
subjektiv,形o,主观,自
transitiv,形o,变,变
spekulativ,形o,推测,想
impertinent,形o,无礼,不
konservativ,形o,保守,守
sentimental,形o,情,情
dek,数1,,十
mil,数1,,千
sep,数1,,一
ses,数1,,六
tri,数1,,三
unu,数1,,一
cent,数1,,百
kvar,数1,,方
kvin,数1,,五
naux,数1,,九
aux,接1,,助
nek,接1,无,无
sed,接1,,然
kvankam,接1,,然
plus,接8,增,增
minus,接8,减,减
cxe,前1,处,地
kun,前1,共,同
per,前1,凭,借
pri,前1,关,于
pro,前1,因,因
sen,前1,无,不
sub,前1,下,下
sur,前1,上,上
tra,前1,通,通
apud,前1,旁,近
krom,前1,外,外
laux,前1,依,合
post,前1,后,后
inter,前1,间,中
super,前1,超,上
trans,前1,隔,对
antaux,前1,前,前
ekster,前1,外,外
preter,前1,经过,过
kontraux,前1,反,对
malgraux,前7,,然
gxi,代1,,女
ili,代1,们,们
kio,代1,何o,何
oni,代1,人,们
sxi,代1,她,女
tio,代1,,此
cxio,代1,全o,全
nenio,代1,无o,无
tio cxi##,代1,这,此
dis,頭1,散,散
mal,頭1,非,非
cxef,頭1,首,长
eks,頭9,前,前
mis,頭9,误,错
pra,頭9,原,古
dev,動2,必,必
dir,動2,说,述
don,動2,赠,赠
est,動2,是,现
far,動2,做,行
fin,動2,结束,止
hav,動2,有,有
kon,動2,识,知
leg,動2,阅,阅
lev,動2,举,起
met,動2,置,放
mov,動2,动,动
pet,動2,求,求
pov,動2,能,能
rid,動2,笑,笑
sci,動2,知,知
sid,動2,坐,坐
ten,動2,持,持
ven,動2,来,来
vid,動2,见,见
viv,動2,生,生
vol,動2,愿,望
gxoj,動2,快,喜
help,動2,帮,助
kred,動2,信,信
lern,動2,学,学
logx,動2,住,住
mort,動2,死,世
okaz,動2,发生,行
port,動2,运,运
pren,動2,拿,取
sekv,動2,跟,随
send,動2,送,送
star,動2,立,立
dezir,動2,希望,求
labor,動2,工,工
milit,動2,战,战
montr,動2,显示,示
parol,動2,说,述
ricev,動2,接,领
skrib,動2,书,绘
sxajn,動2,显,现
vetur,動2,行,行
demand,動2,要求,问
komenc,動2,开始,开
kompren,動2,理解,解
respond,動2,答,回
bat,動3,击,打
fal,動3,跌,落
kri,動3,喊,呼
kur,動3,跑,行
las,動3,放,放
lum,動3,光,光
mir,動3,奇,奇
pag,動3,付,付
pas,動3,通过,过
reg,動3,治,治
son,動3,声,声
tim,動3,恐,畏
tir,動3,拉,引
auxd,動3,听,听
brul,動3,燃,动
dank,動3,谢,谢
dorm,動3,睡,睡
ferm,動3,关闭,闭
flug,動3,飞,空
halt,動3,停,止
jxet,動3,投,投
kant,動3,歌,歌
kost,動3,成本,价
mank,動3,缺,缺
nask,動3,生,生
okup,動3,占,占
pens,動3,思,思
perd,動3,丢,失
prem,動3,压,压
prov,動3,试,试
sent,動3,感,感
turn,動3,转,转
acxet,動3,买,购
atend,動3,等,待
bezon,動3,需,要
kresk,動3,成,长
mangx,動3,吃,食
memor,動3,记,记
sercx,動3,搜索,探
trink,動3,喝,饮
konsil,動3,建议,导
permes,動3,允,允
postul,動3,要求,求
rakont,動3,故事,述
rigard,動3,看,视
rimark,動3,注意,识
sxangx,動3,变,换
vojagx,動3,旅,游
konstru,動3,建,建
prezent,動3,展示,示
renkont,動3,遇,见
bru,動4,噪,扰
dub,動4,疑,疑
lav,動4,洗,洗
lud,動4,玩,玩
pen,動4,勤,力
vek,動4,醒,醒
vok,動4,召,唤
aper,動4,露,现
bril,動4,光,光
erar,動4,误,错
fest,動4,庆,庆
frap,動4,击,打
gajn,動4,赢,得
kapt,動4,捕,获
kasx,動4,藏,藏
kovr,動4,覆,覆
kuir,動4,烹,制
kusx,動4,卧,卧
pasx,動4,走,行
plor,動4,哭,泪
romp,動4,破,裂
salt,動4,跳,跳
serv,動4,服务,助
tusx,動4,触,触
vend,動4,售,售
zorg,動4,照顾,护
batal,動4,战,战
elekt,動4,选择,选
esper,動4,希望,愿
koler,動4,怒,怒
mezur,動4,量,测
opini,動4,观点,想
ordon,動4,命令,令
plend,動4,怨,不
ripoz,動4,休,养
salut,動4,问,招
sufer,動4,痛,苦
akcept,動4,接受,收
forges,動4,忘,忘
kalkul,動4,算,算
komerc,動4,贸,商
konduk,動4,指挥,导
pardon,動4,赦,解
silent,動4,静,静
trancx,動4,切,断
konsent,動4,同意,许
auxskult,動4,聆,听
ban,動5,浴,水
flu,動5,流,流
kre,動5,创,造
mok,動5,嘲,笑
amuz,動5,乐,乐
cxes,動5,止,止
efik,動5,效,效
gard,動5,守,守
jugx,動5,裁判,裁
klin,動5,斜,斜
pend,動5,悬,悬
pusx,動5,按,压
spir,動5,气,气
stud,動5,学,究
sxat,動5,喜,爱
tond,動5,剪,发
traf,動5,中,中
ating,動5,达,达
decid,動5,决,定
estim,動5,尊敬,敬
invit,動5,请,请
kurac,動5,治,治
marsx,動5,行,行
placx,動5,喜,爱
ripet,動5,重,复
sxlos,動5,锁,锁
sxtel,動5,盗,窃
vizit,動5,参,访
arangx,動5,整,理
ekzist,動5,存在,存
instru,動5,教,教
intenc,動5,意,划
kompat,動5,同情,怜
prefer,動5,偏好,爱
prepar,動5,准备,备
promen,動5,散步,巡
promes,動5,诺,承
sukces,動5,成功,成
konserv,動5,保存,保
bol,動6,玻璃,玻
kis,動6,吻,吻
obe,動6,服,顺
paf,動6,射,射
pel,動6,驱,走
pik,動6,刺,刺
pun,動6,罚,处
sav,動6,救,救
tus,動6,咳,咳
akir,動6,获,获
apog,動6,支持,助
atak,動6,攻,击
bala,動6,扫,清
blov,動6,风,风
cxas,動6,猎,寻
danc,動6,舞,动
eduk,動6,教育,学
evit,動6,避,避
fleg,動6,护,护
glit,動6,滑,滑
gvid,動6,导,导
gxen,動6,阻,碍
hejt,動6,热,温
hont,動6,羞,羞
imag,動6,想,想
imit,動6,仿,模
komb,動6,梳,理
mend,動6,订,购
miks,動6,混,合
nagx,動6,泳,水
plug,動6,耕,耕
pres,動6,印,印
soif,動6,渴,渴
spez,動6,支,出
sxir,動6,撕,分
trem,動6,颤,动
trov,動6,发现,见
venk,動6,胜利,胜
visx,動6,清,净
volv,動6,卷,绕
anonc,動6,告,告
aprob,動6,批准,许
avert,動6,警,警
merit,動6,功绩,得
minac,動6,威胁,迫
pentr,動6,画,画
posed,動6,持,有
pregx,動6,祈,求
rifuz,動6,拒,弃
rilat,動6,关系,联
ripar,動6,修,修
skrap,動6,刮,除
sxerc,動6,笑,笑
tromp,動6,欺,骗
defend,動6,防,守
desegn,動6,画,画
esting,動6,灭,除
inform,動6,通,告
kompar,動6,比,比
kondut,動6,行为,行
konfes,動6,忏,认
konsci,動6,意识,觉
kultur,動6,文化,养
mensog,動6,谎,言
rezult,動6,结果,现
rikolt,動6,收获,获
strecx,動6,张,张
sxovel,動6,铲,掘
akompan,動6,伴,伴
aparten,動6,属,属
bedauxr,動6,悔,悔
konsist,動6,构,合
organiz,動6,组织,立
progres,動6,发展,进
respekt,動6,尊敬,敬
riprocx,動6,责,责
diferenc,動6,差,异
rekomend,動6,推荐,议
korespond,動6,通,应
enu,動7,厌,不
fid,動7,信,信
gxu,動7,乐,乐
hak,動7,砍,断
log,動7,吸,引
pek,動7,罪,行
pes,動7,秤,重
raz,動7,刮,毛
dron,動7,溺,沉
fajf,動7,哨,奏
fand,動7,熔,化
farm,動7,农,作
fart,動7,健,健
frot,動7,擦,磨
gxem,動7,呻,泣
krev,動7,求,求
kudr,動7,缝,编
mord,動7,咬,咬
muel,動7,磨,碎
nutr,動7,营养,养
odor,動7,臭,臭
rajd,動7,骑,航
solv,動7,解,解
taks,動7,评,定
teks,動7,织,织
tent,動7,引,诱
urgx,動7,急,急
babil,動7,聊,话
detru,動7,毁,毁
difin,動7,定义,定
distr,動7,散,散
diven,動7,洞,透
divid,動7,分,分
etend,動7,延,展
evolu,動7,发展,新
forgx,動7,锻,锻
frand,動7,尝,美
grimp,動7,攀,攀
hezit,動7,犹,不
krocx,動7,钩,挂
lauxd,動7,赞,赞
mason,動7,砌,建
ofert,動7,提供,献
ornam,動7,装饰,饰
petol,動7,调皮,闹
songx,動7,梦,梦
stern,動7,展,铺
supoz,動7,假设,想
sxirm,動7,保,护
sxpar,動7,节,节
sxtop,動7,堵,堵
sxuld,動7,债,债
sxvel,動7,胀,张
toler,動7,容,容
versx,動7,灌,注
aspekt,動7,观,视
dauxr/ig##,動7,持,持
difekt,動7,损,损
diskut,動7,讨论,论
domagx,動7,悔,惜
ekscit,動7,激,发
ekzerc,動7,练,练
esplor,動7,探,探
esprim,動7,表达,表
konsol,動7,安慰,慰
murmur,動7,低,语
prezid,動7,主,主
signif,動7,意,意
skulpt,動7,雕,彫
traduk,動7,翻译,译
ekskurs,動7,旅,游
ekzamen,動7,考试,查
komunik,動7,沟通,示
koncern,動7,涉,关
konstat,動7,确认,察
protekt,動7,保,护
protest,動7,抗议,议
renvers,動7,翻,转
surpriz,動7,惊,惊
konsider,動7,考虑,思
persekut,動7,迫害,追
reprezent,動7,代表,示
bak,動8,烤,炉
ben,動8,福,福
boj,動8,吠,叫
bor,動8,孔,孔
ced,動8,让,让
cit,動8,引,引
lek,動8,尝,啜
rab,動8,抢,夺
rav,動8,星,星
rem,動8,船,舟
rev,動8,梦,想
seg,動8,切,分
sku,動8,摇,动
ted,動8,厌,厌
teg,動8,盖,盖
abon,動8,订,购
dung,動8,雇,工
envi,動8,羡,慕
flar,動8,嗅,香
fond,動8,创,建
frit,動8,炸,油
friz,動8,卷,曲
gest,動8,手势,动
glad,動8,烫,平
glut,動8,吞,吞
jxur,動8,誓,誓
kned,動8,捏,塑
macx,動8,磨,碎
melk,動8,挤,取
migr,動8,迁,移
munt,動8,组,装
ofer,動8,献,献
pent,動8,后悔,悔
pruv,動8,证,证
pump,動8,泵,取
putr,動8,腐,坏
ramp,動8,爬,进
risk,動8,冒,险
ronk,動8,鼾,睡
rost,動8,烤,锻
sven,動8,昏,晕
sxov,動8,推,推
sxut,動8,撒,布
tajl,動8,裁,分
tord,動8,扭,曲
tren,動8,牵,引
vari,動8,变,变
velk,動8,枯,枯
adici,動8,增,加
admir,動8,赞,敬
admon,動8,警告,劝
adopt,動8,收养,养
akcel,動8,加,速
atest,動8,证,证
cxerp,動8,取,取
degel,動8,融,融
deleg,動8,派,派
fleks,動8,弯,弯
flirt,動8,飘,动
hered,動8,继,承
influ,動8,影响,引
kares,動8,抚,爱
medit,動8,冥想,思
nauxz,動8,恶,恶
osced,動8,哈,困
pasxt,動8,牧,养
pauxz,動8,停,停
pincx,動8,捏,夹
plekt,動8,编织,编
regal,動8,宴,宴
ribel,動8,反,抗
sopir,動8,思,念
sorcx,動8,魔,法
strik,動8,罢,工
sufok,動8,窒,阻
sving,動8,挥,动
sxarg,動8,装,装
sxmir,動8,涂,涂
trakt,動8,处理,用
tremp,動8,浸,浸
afrank,動8,贴,贴
asekur,動8,保险,保
balanc,動8,摇,动
barakt,動8,挣扎,力
dedicx,動8,献,献
deklar,動8,宣,明
destin,動8,定,定
disput,動8,争,辩
escept,動8,排除,除
festen,動8,宴,会
frakas,動8,破,碎
gratul,動8,祝,祝
ilustr,動8,画,图
import,動8,进,入
insist,動8,坚,坚
instal,動8,安装,置
instig,動8,煽,激
insult,動8,侮辱,辱
komand,動8,指挥,指
komisi,動8,委,托
konfid,動8,信,信
konfit,動8,蜜饯,渍
konfuz,動8,混,乱
konkur,動8,竞,争
kritik,動8,批评,责
observ,動8,观,察
penetr,動8,穿,入
perfid,動8,背叛,叛
proced,動8,程序,行
raport,動8,报告,报
reklam,動8,广告,示
rezign,動8,放弃,弃
rezist,動8,抵抗,持
rifugx,動8,避,逃
brak/um##,動8,抱,抱
civiliz,動8,文明,教
cxagren,動8,怒,怒
de/pend##,動8,依,靠
disting,動8,辨,别
eksplod,動8,爆,裂
garanti,動8,保,保
komplez,動8,善,善
kondamn,動8,定罪,处
konfirm,動8,确认,证
konjekt,動8,猜测,测
konklud,動8,结论,定
kontrol,動8,控,查
konvink,動8,说服,动
operaci,動8,手术,手
plen/um##,動8,满,满
pretend,動8,企图,求
suspekt,動8,疑,疑
turment,動8,折磨,扰
distribu,動8,分,分
fanfaron,動8,夸,自
kontrakt,動8,合同,约
mastr/um##,動8,管,理
prokrast,動8,延,延
administr,動8,管理,理
el/turn/igx##,動8,闪,过
entrepren,動8,创办,行
dec,動9,等,相
juk,動9,痒,痒
lul,動9,摇篮,抚
vad,動9,走,行
vag,動9,漂,游
vet,動9,赌,赌
vom,動9,呕,吐
zum,動9,嗡,鸣
ador,動9,崇拜,敬
agit,動9,动,动
akuz,動9,控,告
alud,動9,暗示,示
bapt,動9,洗,教
bind,動9,绑,订
blek,動9,哭,泪
bred,動9,养,养
bucx,動9,杀,杀
cxif,動9,皱,皱
dikt,動9,记录,述
dres,動9,训练,训
ekip,動9,装备,装
est/ig##,動9,引,引
fast,動9,斋,斋
flat,動9,阿,言
flik,動9,补,补
fugx,動9,逃,避
fusx,動9,败,失
garn,動9,固,固
grat,動9,抓,揉
hav/ig##,動9,有,给
izol,動9,隔,离
jung,動9,绑,紧
lukt,動9,斗,斗
mugx,動9,哭,泣
opon,動9,反,反
palp,動9,摸,摸
pekl,動9,腌,腌
pere,動9,毁,毁
pli/ig##,動9,增,增
sark,動9,除,草
sekc,動9,割,断
sorb,動9,吸,收
spit,動9,宅,房
sucx,動9,吸,取
svat,動9,媒,合
tajp,動9,打,入
tern,動9,嚏,喷
tikl,動9,挠,痒
tint,動9,铃,响
trik,動9,织,编
trud,動9,强迫,强
vart,動9,护,护
adapt,動9,适,适
aplik,動9,应,用
asert,動9,断,表
asist,動9,助,助
balot,動9,投票,决
cxe/est##,動9,箱,到
delir,動9,狂,乱
depon,動9,存,存
deput,動9,代表,代
enket,動9,调查,查
eskap,動9,逃,逃
falcx,動9,割,除
flagr,動9,飘扬,动
for/est##,動9,缺,失
grinc,動9,摩擦,声
ignor,動9,忽,视
impet,動9,冲,冲
incit,動9,激,激
indik,動9,指,示
insid,動9,陷,伏
inund,動9,洪,泛
kracx,動9,呕,气
liver,動9,供,发
menci,動9,述,述
modif,動9,改,改
ofend,動9,侮辱,辱
rezon,動9,理,论
rivel,動9,揭,露
start,動9,开始,动
susur,動9,哗,清
sxpin,動9,织,结
trejn,動9,训练,练
vengx,動9,复仇,复
abstin,動9,节,节
aflikt,動9,痛苦,苦
altern,動9,交替,换
balbut,動9,结,不
cirkul,動9,循环,转
dejxor,動9,守,守
denunc,動9,举报,告
de/ten##,動9,持,持
dev/ont/ig##,動9,诺,承
digest,動9,消化,解
dispon,動9,配置,置
dorlot,動9,宠,养
eksped,動9,快递,送
el/don##,動9,发,发
establ,動9,建,立
flustr,動9,悄,语
grimac,動9,皱,脸
grumbl,動9,抱怨,不
implik,動9,纠,纏
indign,動9,愤,怒
indulg,動9,宽,宽
infekt,動9,感,感
injekt,動9,注,注
inspir,動9,启发,启
invent,動9,发,出
klopod,動9,努,力
kolizi,動9,撞,撞
kombin,動9,组合,合
kompon,動9,组成,配
konsum,動9,消费,用
korekt,動9,纠正,改
lubrik,動9,润滑,油
manovr,動9,操,动
plongx,動9,跳,入
preleg,動9,讲,讲
propon,動9,建议,议
provok,動9,挑衅,引
recenz,動9,评论,评
redakt,動9,编辑,改
redukt,動9,减,减
revizi,動9,审查,改
sxpruc,動9,喷,射
aplauxd,動9,掌,赞
blasfem,動9,亵渎,嘲
bon/vol##,動9,愿,请
brokant,動9,古董,古
eksport,動9,出,出
ekzekut,動9,执行,行
gust/um##,動9,味,味
iniciat,動9,发起,发
kalumni,動9,诽谤,责
kompens,動9,补,补
komplik,動9,复杂,难
kontest,動9,辩,辩
manipul,動9,操作,用
neglekt,動9,忽,不
persist,動9,坚,不
prononc,動9,发,音
prosper,動9,繁,盛
reflekt,動9,反射,反
re/form##,動9,改,改
subtrah,動9,减,减
sxancel,動9,晃,动
televid,動9,电视,视
determin,動9,决定,定
ekspluat,動9,剥削,采
koncentr,動9,集,聚
mistifik,動9,迷惑,迷
preskrib,動9,处方,定
revoluci,動9,革命,变
riverenc,動9,敬,敬
interpret,動9,翻译,解
kompromit,動9,泄露,险
multiplik,動9,乘,增
propagand,動9,宣传,传
konversaci,動9,交谈,谈
interpelaci,動9,询,问
erp,動f,耕,农
kov,動f,孵,育
lut,動f,焊,焊
pep,動f,鸣,歌
tan,動f,鞣,皮
agac,動f,甜,情
brod,動f,绣,花
brog,動f,灌,热
cxiz,動f,雕,刻
edif,動f,建,导
fajl,動f,磨,光
krak,動f,爆,响
kroz,動f,航,游
pist,動f,磨,粉
rasp,動f,磨,碎
rast,動f,探,寻
rigl,動f,锁,锁
rukt,動f,呃,肠
sibl,動f,嘶,清
skiz,動f,草图,图
sput,動f,吐,唾
steb,動f,缝,合
stuk,動f,涂,涂
sxim,動f,霉,霉
torn,動f,旋,削
trot,動f,跑,奔
urin,動f,尿,解
varb,動f,募,集
adult,動f,成,通
afekt,動f,假装,装
akusx,動f,生,生
arest,動f,逮捕,捕
asign,動f,分,定
atenc,動f,害,害
drasx,動f,碾,打
drink,動f,喝,饮
ekzil,動f,放逐,弃
filtr,動f,滤,净
infuz,動f,注,灌
kribr,動f,筛,审
parad,動f,行,行
rabot,動f,刨,平
rafin,動f,炼,净
satur,動f,饱,满
siegx,動f,围,围
skerm,動f,剑,剑
strab,動f,斜,斜
sxmac,動f,响,击
uzurp,動f,篡,占
veget,動f,植物,林
border,動f,边,界
cxikan,動f,挑剔,挑
degrad,動f,降,降
dibocx,動f,沉,乐
distil,動f,蒸馏,化
drapir,動f,幕,布
gargar,動f,漱,口
gravur,動f,雕刻,刻
guvern,動f,统治,政
ilumin,動f,照,光
inokul,動f,接种,输
intrig,動f,阴谋,谋
jxongl,動f,魔法,法
kartav,動f,哑,音
kontuz,動f,伤,伤
likvid,動f,清算,清
makler,動f,经,销
plauxd,動f,溅,响
predik,動f,宣,示
rembur,動f,填,填
ventol,動f,通,气
decxifr,動f,解,解
degener,動f,退化,退
diskont,動f,折扣,减
ferment,動f,发酵,化
kalfatr,動f,机,器
kolport,動f,传,传
kompost,動f,堆肥,土
konspir,動f,谋,谋
konvert,動f,改,改
paraliz,動f,瘫,瘫
proklam,動f,宣,告
singult,動f,嗝,动
cxarpent,動f,木匠,造
hipokrit,動f,伪,装
intermit,動f,间,断
konstern,動f,惊,惊
marcxand,動f,讲,价
kapitulac,動f,投降,从
kauxteriz,動f,蚀,蚀
komentari,動f,评论,评
koment,動n,评论,评
poz,動o,姿,姿
vak,動o,空,空
boks,動o,拳,斗
gxir,動o,转,转
kirl,動o,搅,合
klak,動o,点击,击
kluk,動o,鸡,鸣
knar,動o,响,酒
murd,動o,杀,杀
pled,動o,辩,辩
sond,動o,探,查
tatu,動o,刺青,刻
abdik,動o,退,退
abort,動o,堕胎,产
agoni,動o,痛,苦
aklam,動o,欢,欢
amput,動o,截肢,断
aneks,動o,并,并
aspir,動o,追求,志
deriv,動o,衍,变
feder,動o,联,合
impon,動o,强,强
invad,動o,侵,入
kauxr,動o,蹲,坐
klacx,動o,骂,骂
klisx,動o,印,印
kotiz,動o,缴,付
marin,動o,醃,渍
miaux,動o,喵,猫
modul,動o,调,调
refut,動o,驳,驳
rikan,動o,讽,笑
streb,動o,努,力
svarm,動o,群,群
sxveb,動o,漂,飘
absorb,動o,吸收,迷
akapar,動o,买,购
analiz,動o,分析,析
asimil,動o,同化,合
asperg,動o,灌,水
atribu,動o,赋予,承
auxgur,動o,预测,示
bojkot,動o,抵制,绝
cenzur,動o,审查,查
dedukt,動o,推,推
deklam,動o,朗,述
dekolt,動o,开,开
indukt,動o,归纳,导
kompil,動o,编,编
konced,動o,许,容
konker,動o,征,征
korupt,動o,腐败,贿
kverel,動o,争,争
lament,動o,悲,哀
narkot,動o,麻醉,镇
stimul,動o,刺激,激
strigl,動o,梳,理
sxrump,動o,萎,枯
amortiz,動o,摊销,销
anticip,動o,预,先
apelaci,動o,上诉,示
bankrot,動o,破产,败
bombard,動o,炸,击
emancip,動o,解,放
inspekt,動o,检查,查
katekiz,動o,教理,教
koincid,動o,巧,合
konfisk,動o,没收,收
konsekr,動o,祭祀,净
konsult,動o,咨,询
legitim,動o,证,证
mobiliz,動o,动员,集
pilgrim,動o,朝圣,访
improviz,動o,即兴,造
inauxgur,動o,开,开
karambol,動o,撞,撞
katehxiz,動o,教堂,教
klasifik,動o,分类,分
kontribu,動o,贡献,助
litograf,動o,石版,印
prostitu,動o,娼,女
centraliz,動o,中心,集
stenograf,動o,速,记
ekskomunik,動o,除,除
karakteriz,動o,特,性
ajx,尾1,物,物
ant,尾1,,行
ebl,尾1,能,能
igx,尾1,成,现
ind,尾1,价,价
int,尾1,,能
ism,尾1,义,主
ist,尾1,家,师
obl,尾1,倍,倍
ont,尾1,,将
estr,尾1,长,长
acx,尾9,劣,劣
cxj##,尾9,少,子
end,尾9,必,要
ing,尾9,壳,壳
ajn,副1,,独
cxi##,副1,近,近
ecx##,副1,超,若
for,副1,离,离
iam,副1,i时,在
iom,副1,i量,少
jam,副1,,时
jen,副1,,空
jes,副1,是,允
kie,副1,何e,地
mem,副1,自,思
nun,副1,今,今
nur,副1,仅,专
pli,副1,于,于
plu,副1,增,加
tie,副1,,地
tre,副1,极,奇
tro,副1,过,过
tuj,副1,即,速
cxie,副1,全e,画
jxus,副1,当下,时
kiam,副1,何am,时
plej,副1,最,最
tial,副1,ti因,此
tiam,副1,ti时,时
tiel,副1,ti方,此
tiom,副1,ti量,极
cxiam,副1,全时,常
nenie,副1,无e,无
ankaux,副1,再,再
neniam,副1,无am,不
baldaux,副1,即,即
hieraux,副1,昨,往
hodiaux,副1,今天,今
morgaux,副1,明天,天
tie cxi##,副1,处,地
almenaux,副1,至少,至
ankoraux,副1,未,尚
preskaux,副1,几,近
tiel cxi##,副1,如,此
oft,副2,常,常
ial,副6,i因,由
iel,副6,i方,方
volont,副6,愿,心
des,副7,增,加
neniom,副8,无量,无
cxial,副9,全因,全
cxiom,副9,全量,全
ia/foj##,副9,偶尔,时
nenial,副9,无因,不
neniel,副9,无方,不
parker,副f,留心,记
foj,名2,次,次
hom,名2,人,人
jar,名2,年,年
kap,名2,头,首
kor,名2,心,心
lok,名2,位置,地
man,名2,手,手
nom,名2,名,名
tag,名2,日,日
ter,名2,土,土
vir,名2,男,子
voj,名2,路,道
afer,名2,事,事
amik,名2,朋,友
form,名2,型,型
kamp,名2,田,地
land,名2,土,国
mond,名2,世界,地
naci,名2,民,民
patr,名2,父,父
temp,名2,时间,时
vort,名2,词,词
flank,名2,侧,边
infan,名2,童,子
patr/in##,名2,母,母
cxambr,名2,室,室
sinjor,名2,先生,士
akv,名3,水,水
arb,名3,树,木
art,名3,艺术,技
dom,名3,宅,舍
edz,名3,夫,夫
fil,名3,子,子
har,名3,毛,毛
hor,名3,时,时
lit,名3,床,床
mar,名3,海,海
mon,名3,钱,财
mur,名3,墙,墙
pac,名3,和,和
pec,名3,片,片
sun,名3,日,日
urb,名3,城,城
bild,名3,画,画
bird,名3,鸟,雀
busx,名3,嘴,口
frat,名3,兄弟,兄
hejm,名3,家,舍
knab,名3,童,童
kort,名3,庭,庭
libr,名3,书,书
mont,名3,山,山
okul,名3,眼,视
part,名3,部分,分
pied,名3,脚,行
pord,名3,门,门
rajt,名3,权,权
tabl,名3,桌,台
vent,名3,风,风
vest,名3,背心,服
fingr,名3,指,指
frukt,名3,果,果
kolor,名3,色,色
leter,名3,信,函
lingv,名3,语,语
maten,名3,晨,晨
popol,名3,民,民
punkt,名3,点,点
rimed,名3,方法,法
valor,名3,价,功
cxeval,名3,马,马
famili,名3,家,家
frauxl,名3,光棍,子
person,名3,人,人
semajn,名3,周,周
vesper,名3,夜,夜
vizagx,名3,脸,容
fenestr,名3,窗,窗
aer,名4,气,气
agx,名4,岁,年
cel,名4,目标,目
fer,名4,铁,铁
ide,名4,观,思
kat,名4,猫,猫
kol,名4,颈,环
mez,名4,中,中
naz,名4,谜,秘
nub,名4,云,云
ord,名4,序,列
pan,名4,饼,饼
roz,名4,玫瑰,花
best,名4,动,物
bord,名4,岸,岸
brak,名4,臂,臂
dent,名4,牙,牙
fajr,名4,火,火
fisx,名4,鱼,鱼
flor,名4,花,花
glas,名4,杯,杯
hund,名4,狗,牧
korp,名4,身,体
lakt,名4,乳,奶
lign,名4,木,木
lini,名4,线,线
mark,名4,标,标
negx,名4,雪,雪
nokt,名4,夜,夜
onkl,名4,叔,叔
orel,名4,耳,听
plum,名4,笔,笔
pluv,名4,雨,雨
rond,名4,圆,环
sang,名4,血,血
segx,名4,性,性
spec,名4,类,种
stat,名4,状,国
supr,名4,顶,顶
sxip,名4,船,船
vitr,名4,玻,璃
angul,名4,角,角
dauxr,名4,持,持
dolor,名4,痛,痛
gazet,名4,报纸,报
kauxz,名4,因,因
kutim,名4,习惯,常
minut,名4,分,时
monat,名4,月,月
natur,名4,自,自
nombr,名4,号,数
paper,名4,纸,纸
plank,名4,板,地
river,名4,河,河
somer,名4,夏,季
staci,名4,站,站
strat,名4,道路,道
suker,名4,糖,糖
sxton,名4,石,石
vagon,名4,车厢,车
veter,名4,风,风
vintr,名4,冬,寒
auxtun,名4,秋,秋
cxapel,名4,帽,帽
direkt,名4,指,向
kolekt,名4,集,集
moment,名4,瞬,速
plezur,名4,乐,乐
vilagx,名4,村,村
ekzempl,名4,例,范
gxarden,名4,园,园
histori,名4,史,史
printemp,名4,春,春
bov,名5,牛,牛
ink,名5,墨,墨
kaf,名5,咖,啡
kok,名5,鸡,雀
kuk,名5,糕,糕
kuz,名5,亲,亲
lag,名5,湖,湖
lim,名5,界,界
lun,名5,月,星
maj,名5,五,春
pak,名5,包,包
sak,名5,包,袋
sum,名5,总,总
tru,名5,洞,洞
vin,名5,酒,酒
anim,名5,灵魂,心
azen,名5,驴,畜
benk,名5,凳,椅
dors,名5,背,背
foli,名5,叶,叶
font,名5,源,泉
fund,名5,基,底
genu,名5,膝,膝
gren,名5,谷,米
grup,名5,群,集
herb,名5,草,草
juli,名5,七月,夏
juni,名5,六,夏
kart,名5,卡,卡
klas,名5,班,类
korb,名5,篮,筐
kruc,名5,十,交
krur,名5,腿,步
lang,名5,舌,舌
legx,名5,法,法
lund,名5,一,月
mard,名5,火,辰
mart,名5,春,春
ofic,名5,职,职
ombr,名5,影,影
pagx,名5,页,页
pork,名5,猪,豚
posx,名5,袋,袋
radi,名5,射,波
regx,名5,王,王
senc,名5,心,心
stel,名5,星,星
sxaf,名5,羊,羊
verk,名5,作品,文
vocx,名5,声,声
adres,名5,地址,地
april,名5,四月,春
brust,名5,胸,胸
buter,名5,黄油,油
donac,名5,赠,赠
glaci,名5,冰,冰
kuler,名5,勺,勺
mastr,名5,老板,主
muzik,名5,音乐,乐
numer,名5,数,数
posxt,名5,邮,邮
prunt,名5,借,贷
sabat,名5,安息日,日
sxtat,名5,国,国
sxtup,名5,阶,级
teler,名5,盘,盘
terur,名5,恐,恐
vapor,名5,汽,蒸
insekt,名5,虫,虫
januar,名5,一月,月
jxauxd,名5,木,木
kovert,名5,信封,夹
krajon,名5,铅笔,笔
manier,名5,方式,法
objekt,名5,物,物
oktobr,名5,十月,秋
plafon,名5,顶,顶
region,名5,区域,区
religi,名5,宗教,教
spirit,名5,灵魂,气
argxent,名5,银,银
dangxer,名5,险,险
decembr,名5,十二月,月
dimancx,名5,日,日
februar,名5,二月,春
horlogx,名5,钟,时
merkred,名5,水,日
novembr,名5,十一月,秋
produkt,名5,产品,品
vendred,名5,周五,日
septembr,名5,九月,秋
bar,名6,障,难
bek,名6,嘴,喙
fak,名6,科,域
fum,名6,烟,烟
gas,名6,气,气
gut,名6,滴,滴
jak,名6,夹克,服
kel,名6,地下室,室
kuv,名6,桶,桶
lip,名6,唇,唇
nep,名6,孙,孙
nev,名6,亲,亲
not,名6,记录,记
ole,名6,油,油
ond,名6,波,波
ost,名6,骨,骨
par,名6,对,双
pom,名6,苹果,子
pot,名6,壶,器
rad,名6,轮,轮
ret,名6,网,网
sal,名6,盐,盐
sap,名6,皂,皂
sem,名6,种,种
sud,名6,南,南
sup,名6,汤,汤
sxu,名6,靴,鞋
tas,名6,碗,茶
tol,名6,织,织
tuk,名6,布,布
ung,名6,爪,爪
val,名6,谷,地
vic,名6,村,区
barb,名6,须,须
bros,名6,刷,刷
fakt,名6,事,实
flag,名6,旗,旗
fork,名6,叉,分
forn,名6,炉,炉
gast,名6,客,客
gras,名6,脂,油
kapr,名6,羊,山
karb,名6,炭,煤
kest,名6,箱,箱
korn,名6,角,角
krim,名6,罪,法
lamp,名6,灯,灯
mebl,名6,家,具
mien,名6,面,容
musx,名6,虫,虫
nord,名6,北,北
past,名6,食,餐
pilk,名6,球,球
pint,名6,尖,尖
polv,名6,尘,尘
pont,名6,桥,桥
prez,名6,价,价
rand,名6,边,缘
regn,名6,国,国
seri,名6,系,列
sign,名6,标,标
sort,名6,命,天
spic,名6,料,料
vang,名6,颊,面
vost,名6,尾,尾
vund,名6,伤,伤
botel,名6,瓶,瓶
buton,名6,钮,钮
cifer,名6,数字,数
faden,名6,线,线
frunt,名6,额,额
hauxt,名6,皮,肤
honor,名6,荣誉,信
insul,名6,岛,岛
kajer,名6,本,本
kamen,名6,炉,暖
legom,名6,蔬,菜
liter,名6,字,字
metal,名6,金属,金
pingl,名6,乒,球
polic,名6,警,警
polur,名6,污染,光
premi,名6,奖,奖
regul,名6,规,法
sezon,名6,季,时
sxanc,名6,机遇,机
sxnur,名6,绳,绳
tabul,名6,桌,台
viand,名6,肉,肉
baston,名6,杖,杖
brancx,名6,枝,枝
cxemiz,名6,衬,衫
doktor,名6,医,医
kravat,名6,领带,带
lecion,名6,课,教
masxin,名6,机,机
milion,名6,万,亿
najbar,名6,邻,邻
parenc,名6,亲,亲
publik,名6,公,民
scienc,名6,科,学
sekret,名6,秘,密
skatol,名6,箱,盒
soldat,名6,兵,兵
spegul,名6,镜,镜
sxargx,名6,货,货
sxrank,名6,柜,柜
tualet,名6,厕,间
cxapitr,名6,章,章
fromagx,名6,酪,酪
kondicx,名6,条件,规
praktik,名6,实践,实
serpent,名6,蛇,蛇
sxtrump,名6,靴,鞋
tegment,名6,屋,顶
telefon,名6,电话,话
industri,名6,工,工
kilogram,名6,克,量
okcident,名6,西,西
pantalon,名6,裤,裤
abi,名7,树,林
agl,名7,鹰,者
ber,名7,果,果
bot,名7,靴,靴
bul,名7,球,石
dat,名7,日,时
glu,名7,粘,胶
jup,名7,裙,裙
kav,名7,洞,洞
lan,名7,毛,毛
led,名7,革,革
mod,名7,潮,流
mor,名7,风俗,风
pin,名7,松,林
pip,名7,管,管
piz,名7,豆,豆
put,名7,井,水
rel,名7,轨,轨
riz,名7,米,米
rok,名7,岩,岩
suk,名7,汁,液
tem,名7,题,题
tub,名7,管,管
tur,名7,塔,塔
vat,名7,岩,岩
vaz,名7,瓶,碗
zon,名7,带,带
arme,名7,军,队
bank,名7,银,资
bien,名7,土地,园
bier,名7,啤,酒
bret,名7,架,架
brik,名7,砖,砖
cikl,名7,周期,环
cxap,名7,帽,帽
drat,名7,线,线
epok,名7,纪元,年
fask,名7,捆,束
feri,名7,假,假
film,名7,影,片
flam,名7,火,火
flos,名7,筏,筏
fojn,名7,草,草
fulm,名7,雷,雷
glob,名7,球,球
grad,名7,级,度
gust,名7,味,味
kadr,名7,框,框
krem,名7,霜,霜
kurb,名7,弯,曲
kurs,名7,课,班
larm,名7,泪,泪
leon,名7,狮,物
litr,名7,升,升
luks,名7,奢,奢
meti,名7,职业,工
metr,名7,尺,量
najl,名7,钉,钉
nest,名7,巢,洞
pajl,名7,草,草
plac,名7,场,地
plad,名7,盘,盘
plan,名7,计划,划
poet,名7,诗,文
pugn,名7,拳,拳
ring,名7,环,果
sabl,名7,沙,沙
scen,名7,舞台,场
skal,名7,刻度,度
soci,名7,社,友
spac,名7,空间,地
stal,名7,厩,马
task,名7,任务,务
tomb,名7,墓,墓
verm,名7,虫,虫
vers,名7,诗,诗
viol,名7,花,花
agord,名7,和,和
balon,名7,球,球
bilet,名7,票,票
burgx,名7,城,富
centr,名7,中,中
etagx,名7,楼,台
farun,名7,面,面
figur,名7,形,态
frost,名7,霜,寒
gorgx,名7,喉,喉
grund,名7,土,地
haven,名7,港,港
hotel,名7,酒店,店
humor,名7,幽默,心
karot,名7,萝卜,萝
katar,名7,感冒,病
kling,名7,刀,刀
koton,名7,棉,棉
kvant,名7,量,量
lepor,名7,兔,兔
makul,名7,斑,污
manik,名7,袖,袖
membr,名7,成员,分
mizer,名7,悲,苦
nebul,名7,雾,雾
organ,名7,器官,器
parti,名7,派,派
pastr,名7,祭司,师
radik,名7,根,根
serur,名7,锁,锁
solid,名7,固,固
sonor,名7,声,音
strek,名7,线,线
sxvit,名7,汗,汗
tabak,名7,烟,烟
tabel,名7,桌,表
titol,名7,标题,名
tondr,名7,雷,雷
valiz,名7,箱,包
ventr,名7,腹,肠
alumet,名7,火柴,火
aparat,名7,设备,装
brasik,名7,菜,菜
citron,名7,柠,果
cxifon,名7,破烂,布
dekliv,名7,坡,坡
dezert,名7,沙漠,地
elektr,名7,电,电
energi,名7,能,能
fiancx,名7,未婚夫,人
hirund,名7,燕,燕
kelner,名7,侍,员
kvalit,名7,质,质
majstr,名7,大师,家
mantel,名7,外套,服
martel,名7,锤,锤
matrac,名7,垫,垫
menton,名7,下巴,下
orangx,名7,橙,果
origin,名7,源,初
potenc,名7,权力,力
salajr,名7,薪,资
sekund,名7,秒,时
societ,名7,社会,会
stomak,名7,胃,肠
sxultr,名7,肩,肩
tapisx,名7,毯,品
tritik,名7,麦,麦
aventur,名7,冒险,探
cigared,名7,烟,烟
distanc,名7,距,距
embaras,名7,窘,不
kamarad,名7,朋友,友
kaserol,名7,锅,锅
komitat,名7,委,委
kongres,名7,会,会
kvadrat,名7,正方,方
magazen,名7,商店,货
pasport,名7,护照,证
politik,名7,政,政
registr,名7,登,记
ter/pom##,名7,土,薯
akcident,名7,事故,事
auxtobus,名7,巴士,车
auxtomat,名7,自动,自
cxokolad,名7,巧克力,力
direktor,名7,经理,长
instinkt,名7,本能,觉
karakter,名7,性,性
kauxcxuk,名7,橡,胶
material,名7,材,料
standard,名7,标,旗
telegraf,名7,电,报
restoraci,名7,餐,店
ark,名8,弧,形
baz,名8,基,基
beb,名8,婴,儿
bub,名8,顽,小
bud,名8,葡,果
fel,名8,毛,毛
hok,名8,勾,钩
huf,名8,蹄,蹄
jur,名8,法,法
kas,名8,库,箱
kin,名8,影,影
kom,名8,食,食
kot,名8,土,土
lup,名8,狼,狼
mam,名8,乳,乳
map,名8,图,图
min,名8,矿,矿
mus,名8,鼠,鼠
net,名8,净,净
nod,名8,结,结
orf,名8,孤,孤
ort,名8,角,方
pat,名8,锅,锅
pil,名8,电,电
pir,名8,果,果
pup,名8,偶,人
rat,名8,鼠,鼠
rip,名8,折,骨
rob,名8,机,机
tip,名8,范,范
ton,名8,音,曲
urs,名8,熊,熊
var,名8,品,品
vel,名8,帆,海
vit,名8,藤,树
abel,名8,蜜蜂,虫
auxt,名8,车,车
bluz,名8,衬衫,服
boat,名8,船,艇
brov,名8,眉,眉
cerb,名8,脑,脑
cxek,名8,支,票
cxen,名8,链,锁
disk,名8,盘,碟
dram,名8,剧,剧
drap,名8,布,旗
dusx,名8,淋,洗
ezok,名8,鱼,鱼
farb,名8,颜,料
febr,名8,热,发
fend,名8,裂,裂
foir,名8,市场,市
fost,名8,基,基
frag,名8,莓,果
fulg,名8,闪电,煤
funt,名8,磅,量
gant,名8,手套,手
geni,名8,才,才
glor,名8,荣,荣
golf,名8,湾,湾
hajl,名8,雹,冰
hero,名8,英,士
kemi,名8,化,化
kord,名8,绳,带
kork,名8,塞,塞
krad,名8,网,格
kran,名8,龙头,阀
kret,名8,石灰,墙
kriz,名8,危,难
kron,名8,冠,权
kugl,名8,弹,弹
kupr,名8,铜,铜
lift,名8,升,升
list,名8,目,表
mast,名8,桅,杆
nadl,名8,针,针
nerv,名8,神,神
oliv,名8,橄榄,果
park,名8,园,园
pasi,名8,爱,情
pask,名8,节,日
pelt,名8,皮,皮
plet,名8,盘,盆
poem,名8,诗,诗
proz,名8,散,文
pulm,名8,肺,肺
pulv,名8,粉,粉
rang,名8,位,位
revu,名8,刊,刊
ritm,名8,节奏,节
seks,名8,性,性
sens,名8,感,觉
silk,名8,丝,丝
simi,名8,猴,猴
sojl,名8,屋,舍
stil,名8,风格,式
stri,名8,条,条
sxel,名8,壳,壳
tend,名8,篷,帐
verb,名8,动,动
verg,名8,枝,枝
vert,名8,顶,顶
vidv,名8,鳏,孤
virt,名8,德,德
vual,名8,纱,掩
vulp,名8,狐,狐
afisx,名8,海报,告
album,名8,册,集
almoz,名8,施,助
arane,名8,蜘,网
asoci,名8,协会,会
avenu,名8,大道,道
aviad/il##,名8,飞,机
barel,名8,桶,桶
bazar,名8,市场,商
betul,名8,桦,树
brems,名8,刹,制
butik,名8,店,店
detal,名8,细,细
diabl,名8,魔,恶
emoci,名8,情,情
enigm,名8,谜,秘
esenc,名8,本质,实
fauxk,名8,口,口
fizik,名8,物理,物
framb,名8,莓,果
grajn,名8,谷,粒
hxemi,名8,化,合
ideal,名8,理,志
juvel,名8,宝,金
katen,名8,锁链,束
kitel,名8,制服,服
krucx,名8,壶,水
krust,名8,壳,层
kubut,名8,肘,臂
kukol,名8,鸟,雀
kverk,名8,橡,树
lamen,名8,片,片
marcx,名8,沼,地
metod,名8,方法,法
model,名8,模型,示
motor,名8,发动机,动
nivel,名8,水平,度
palac,名8,宫,宫
panj,名8,母,母
penik,名8,笔,画
piocx,名8,锄,锄
plumb,名8,铅,铅
poezi,名8,诗,文
salon,名8,厅,室
sauxc,名8,酱,酱
sitel,名8,桶,桶
sklav,名8,奴隷,工
sport,名8,运动,球
stamp,名8,印,印
stang,名8,杆,棒
stump,名8,桩,桩
sxtal,名8,钢,钢
sxtof,名8,反,物
teatr,名8,剧,剧
teori,名8,理论,理
teren,名8,土地,地
trajn,名8,火车,车
trajt,名8,特征,特
trunk,名8,干,干
venen,名8,毒,毒
vesxt,名8,衣,服
abomen,名8,厌,责
angxel,名8,天使,天
animal,名8,动物,物
apetit,名8,食欲,食
apotek,名8,药,药
benzin,名8,汽油,油
bicikl,名8,车,车
bombon,名8,糖,糖
cement,名8,水泥,料
cxeriz,名8,樱桃,果
desert,名8,沙漠,地
fabrik,名8,工厂,厂
financ,名8,财政,资
funebr,名8,丧,痛
funkci,名8,功能,能
garagx,名8,库,车
imperi,名8,帝,国
impost,名8,税,税
impres,名8,印象,印
kalkan,名8,踵,跟
kalson,名8,裤,裤
kamion,名8,卡车,车
kandel,名8,蜡,蜡
kanzon,名8,歌,歌
kastel,名8,城堡,城
klient,名8,客,客
kol/um##,名8,领,服
kurten,名8,帘,帘
mandat,名8,委托,书
mister,名8,神秘,秘
moskit,名8,蚊,虫
muskol,名8,肌,肌
ombrel,名8,伞,伞
pacxj,名8,父,父
parfum,名8,香,香
patron,名8,赞助人,者
petrol,名8,石油,油
posten,名8,岗,位
pozici,名8,位置,位
proces,名8,程序,程
profit,名8,利,利
proviz,名8,储,存
pulvor,名8,粉,粉
recept,名8,配方,方
rekord,名8,记录,录
rezerv,名8,保,留
signal,名8,信,示
sistem,名8,系统,程
surfac,名8,表,面
sxofor,名8,司机,车
tajlor,名8,裁缝,师
trezor,名8,金库,宝
trikot,名8,针织,织
vakcin,名8,疫苗,疫
advokat,名8,律师,法
alkohol,名8,酒,酒
ampleks,名8,范围,度
brosxur,名8,册,册
bulvard,名8,大道,路
deficit,名8,赤字,缺
ekonomi,名8,经济,经
elefant,名8,象,象
jxurnal,名8,报,报
kabinet,名8,内阁,政
kapital,名8,资,资
koncert,名8,会,乐
krepusk,名8,黄昏,明
kvartal,名8,区,区
miliard,名8,亿,巨
pejzagx,名8,景,景
problem,名8,问题,难
profesi,名8,职业,职
simpati,名8,同情,感
student,名8,学生,生
sxrauxb,名8,螺,固
tempest,名8,风暴,风
traktor,名8,拖拉机,机
tri/angul##,名8,三,形
trotuar,名8,人行道,道
adjektiv,名8,形容词,词
dekoraci,名8,装饰,饰
ekvilibr,名8,平衡,平
esperant,名8,语,语
hospital,名8,医院,中
intelekt,名8,智,智
kalendar,名8,历,历
kilometr,名8,公里,程
komision,名8,审查,查
mehxanik,名8,机械,器
milimetr,名8,毫米,米
original,名8,原,原
pretekst,名8,借口,装
struktur,名8,结构,构
telegram,名8,电报,报
tribunal,名8,法庭,法
bibliotek,名8,馆,书
fundament,名8,基,基
ingxenier,名8,工,师
konferenc,名8,会,会
konscienc,名8,良心,心
literatur,名8,文,文
mehxanism,名8,机械,器
rekompenc,名8,奖励,金
respublik,名8,国,国
sekretari,名8,秘书,员
apartament,名8,公寓,房
auxtomobil,名8,汽车,车
auxtoritat,名8,权,权
instrument,名8,器,器
medikament,名8,药,药
temperatur,名8,温,温
cirkonstanc,名8,环境,境
eksperiment,名8,实验,试
mal/varm/um##,名8,病,不
ajl,名9,蒜,蒜
akn,名9,痘,疹
aks,名9,轴,轴
akt,名9,剧,剧
ale,名9,荫,道
alg,名9,藻,水
apr,名9,猪,猪
azi,名9,亚,亚
bal,名9,舞,舞
bet,名9,植,林
buk,名9,扣,扣
cep,名9,葱,料
cir,名9,鞋,鞋
dot,名9,资,金
ehx,名9,响,响
fab,名9,豆,豆
fac,名9,脸,容
fag,名9,橡,木
fig,名9,果,果
gal,名9,胆,液
gru,名9,鹤,鸟
gum,名9,橡,胶
hal,名9,环,环
jug,名9,汁,汁
kal,名9,病,病
kaz,名9,情况,事
kub,名9,块,方
lad,名9,板,板
lak,名9,漆,漆
lap,名9,蔬,生
lin,名9,麻,麻
lot,名9,彩,彩
luk,名9,窗,窗
mas,名9,块,块
mat,名9,垫,垫
nuk,名9,颈,后
pap,名9,教宗,教
pav,名9,鸟,华
pig,名9,鸟,鸟
pus,名9,脓,病
ran,名9,蛙,蛙
ren,名9,肾,尿
rib,名9,果,果
rim,名9,诗,诗
rol,名9,角,位
ros,名9,露,露
sag,名9,箭,箭
sin,名9,思,念
ski,名9,滑,雪
sof,名9,沙,沙
tig,名9,茎,茎
tuf,名9,簇,束
tun,名9,单,单
vip,名9,鞭,鞭
akci,名9,股,股
atom,名9,原子,子
aven,名9,麦,麦
bant,名9,饰,饰
bark,名9,船,艇
bask,名9,篮,篮
bend,名9,绳,带
blok,名9,块,块
bors,名9,交,市
bovl,名9,碗,碗
brid,名9,马,马
brut,名9,畜,畜
bukl,名9,卷,卷
bulb,名9,球茎,球
bulk,名9,饼,面
cerv,名9,鹿,狍
cign,名9,鹅,禽
cxel,名9,细胞,细
dand,名9,帅,子
diet,名9,食,食
dorn,名9,针,刺
etap,名9,阶段,程
etat,名9,账,细
fecx,名9,沉,积
felt,名9,毡,布
frak,名9,西装,服
fraz,名9,句,语
fung,名9,菌,菌
garb,名9,雅,雅
gent,名9,民,民
glav,名9,剑,刀
gobi,名9,鱼,鱼
gram,名9,克,量
greg,名9,群,群
grip,名9,流感,炎
grot,名9,洞,洞
gudr,名9,沥青,材
gxib,名9,肿,物
hegx,名9,墙,墙
himn,名9,赞,歌
hxor,名9,合,唱
kacx,名9,痒,酒
kagx,名9,笼,笼
kaka,名9,可,巧
kakt,名9,仙人掌,生
karn,名9,肉,体
karp,名9,鲤,鱼
kejl,名9,橛,木
kern,名9,核,核
klub,名9,俱,会
korv,名9,鸦,鸟
kosm,名9,宇宙,星
kult,名9,宗教,敬
lacx,名9,绳,带
lard,名9,脂,油
larv,名9,幼虫,虫
lice,名9,校,学
likv,名9,液,液
lili,名9,花,花
maiz,名9,玉米,物
malv,名9,紫罗兰,栽
mens,名9,思,智
menu,名9,菜单,单
miel,名9,蜜,糖
musk,名9,苔,苔
muze,名9,馆,馆
nuks,名9,核,果
oper,名9,剧,剧
oval,名9,椭,形
palm,名9,棕,棕
palt,名9,外套,服
pane,名9,停,停
perl,名9,珠,珠
pian,名9,琴,音
pice,名9,木,木
pipr,名9,椒,椒
plag,名9,灾,苦
prun,名9,李,果
pudr,名9,粉,粉
punt,名9,点,边
raci,名9,理,理
rent,名9,租,费
ruin,名9,废,废
rust,名9,锈,锈
situ,名9,位置,地
sled,名9,橇,雪
sorg,名9,谷,谷
spik,名9,穗,穗
spur,名9,迹,迹
stan,名9,金,金
sulk,名9,沟,沟
takt,名9,拍,律
tali,名9,躯,体
tigr,名9,虎,虎
tort,名9,派,糕
tram,名9,电,车
trup,名9,团,团
vaks,名9,蜡,蜡
vejn,名9,脉,血
vesp,名9,蜂,蜂
vind,名9,尿布,裤
zink,名9,锌,锌
afrik,名9,非,民
agent,名9,代,代
akord,名9,和,和
akrid,名9,蝗,虫
aktor,名9,演员,演
alarm,名9,警,警
ampol,名9,药,药
angil,名9,鱼,鱼
anser,名9,鹅,雁
artik,名9,关,接
bacil,名9,细菌,菌
bambu,名9,竹,竹
banan,名9,香蕉,果
brand,名9,酒,酒
bronz,名9,铜,铜
buked,名9,花,花
cigar,名9,卷烟,烟
cikad,名9,蝉,虫
cinam,名9,桂,桂
cindr,名9,灰,灰
cirkl,名9,圆,环
civit,名9,市,民
cxerk,名9,棺,棺
debet,名9,债,债
diant,名9,花,植
dogan,名9,税,税
efekt,名9,效,效
ekran,名9,屏,示
emajl,名9,琺,漆
event,名9,事件,事
fabel,名9,寓言,文
fasad,名9,立面,面
fason,名9,款式,设
fluid,名9,液,液
fotel,名9,椅,椅
front,名9,前,面
funel,名9,漏,输
gxerm,名9,胚芽,生
hepat,名9,肝,肝
horde,名9,谷,麦
infer,名9,冥,界
ironi,名9,讽,笑
kaban,名9,屋子,屋
kahel,名9,砖,砖
kajut,名9,舱,室
kamel,名9,骆驼,沙
kanal,名9,渠,水
kankr,名9,蟹,蟹
karaf,名9,瓶,水
kokos,名9,椰,果
krani,名9,颅,骨
krest,名9,峰,起
kukum,名9,黄瓜,瓜
kupon,名9,券,券
kusen,名9,垫,垫
latun,名9,铜,金
lauxb,名9,园,园
lekci,名9,课,教
lesiv,名9,损,损
limak,名9,蜗牛,虫
logik,名9,逻辑,理
lotus,名9,莲,花
melon,名9,瓜,瓜
moral,名9,德,德
muzel,名9,鼻,鼻
nilon,名9,尼,料
ocean,名9,海,海
palat,名9,腭,腭
palis,名9,桩,杆
papag,名9,鹦鹉,鹦
paser,名9,鸟,鸟
pensi,名9,金,金
peron,名9,台,梯
pilot,名9,飞行员,员
pland,名9,计划,板
plast,名9,塑,材
porci,名9,份,份
princ,名9,王,王
pupil,名9,学,学
rabat,名9,折扣,减
rafan,名9,萝卜,萝
rauxp,名9,虫,虫
resum,名9,摘要,要
rimen,名9,带,带
roman,名9,小说,小
salat,名9,沙,菜
salik,名9,柳,柳
satir,名9,讽,笑
sciur,名9,鼠,鼠
sekal,名9,黑麦,谷
sekci,名9,段,分
senat,名9,参,政
split,名9,分,片
spong,名9,海绵,海
stadi,名9,阶段,阶
statu,名9,像,像
sterk,名9,肥,肥
strig,名9,鸮,枭
strut,名9,鸵,禽
sxink,名9,料,料
sxtip,名9,屑,木
tapet,名9,纸,画
tarif,名9,税,税
tegol,名9,顶,顶
tekst,名9,文章,文
teras,名9,台,台
tomat,名9,番茄,茄
tuber,名9,块茎,块
tunel,名9,隧,隧
velur,名9,绒,绒
veruk,名9,疣,斑
vezik,名9,囊,泡
volum,名9,册,本
adverb,名9,副,辅
akcent,名9,重,音
alauxd,名9,鸟,雀
amator,名9,爱好者,者
amerik,名9,美,国
arteri,名9,动脉,脉
asfalt,名9,沥青,道
auxtor,名9,著,作
barbir,名9,理,发
bugxet,名9,预算,预
bulten,名9,报,报
cikatr,名9,疤,伤
cikoni,名9,鹳,鸟
cirkel,名9,圆,环
daktil,名9,果,果
dialog,名9,对话,谈
ego/ist##,名9,自私,自
eklezi,名9,教堂,堂
emerit,名9,退,老
euxrop,名9,欧,欧
fajenc,名9,瓷,瓷
fazeol,名9,豆,豆
fontan,名9,泉,泉
formik,名9,蚁,虫
formul,名9,公式,式
fripon,名9,骗子,者
furagx,名9,旗,旗
galosx,名9,罩,鞋
gvardi,名9,守,队
gxemel,名9,双,对
hangar,名9,库,库
haring,名9,鲱,海
hazard,名9,风险,险
hektar,名9,公顷,地
herold,名9,使者,人
higien,名9,卫生,卫
impuls,名9,冲动,动
insign,名9,徽,章
intest,名9,肠,肠
jubile,名9,庆,庆
karton,名9,纸,纸
kasked,名9,帽,帽
kavern,名9,洞,洞
kirurg,名9,外,医
klimat,名9,气候,气
klinik,名9,诊所,中
kolegi,名9,大学,学
kolomb,名9,鸽,鸟
kolumn,名9,柱,队
komedi,名9,喜剧,剧
konsul,名9,领事,事
konval,名9,铃兰,花
kornik,名9,啄木鸟,鸟
kostum,名9,服装,服
kredit,名9,贷,信
kukurb,名9,瓜,瓜
kunikl,名9,兔,物
kurent,名9,电流,流
lacert,名9,蜥,蜥
licenc,名9,许,证
maleol,名9,踝,骨
materi,名9,物,料
mirtel,名9,莓,果
monstr,名9,怪,物
oficir,名9,官,军
orator,名9,演,者
papili,名9,蝴蝶,蝶
pendol,名9,摆,动
period,名9,时期,期
persik,名9,桃,果
pionir,名9,先锋,者
planed,名9,球,星
platan,名9,梧,树
plural,名9,群,合
profet,名9,先知,者
prolet,名9,无产者,工
pronom,名9,代,语
reakci,名9,反应,反
regxim,名9,政,政
rivolu,名9,革命,变
ruband,名9,带,带
skorpi,名9,蝎,蝎
spinac,名9,菠菜,菜
stamen,名9,雄蕊,生
statur,名9,身高,态
surtut,名9,大衣,衣
sxakal,名9,豺,豺
sxauxm,名9,泡,泡
teknik,名9,技,技
testud,名9,龟,龟
torent,名9,急,流
trafik,名9,交通,行
tumult,名9,混乱,动
turism,名9,旅,游
turist,名9,旅,者
vertic,名9,顶,峰
viktim,名9,受害者,者
violon,名9,小提琴,音
vulkan,名9,火山,岩
vultur,名9,秃鹰,者
abrikot,名9,杏,果
akademi,名9,学,学
alfabet,名9,字母,字
alumini,名9,铝,铝
ambasad,名9,馆,处
anekdot,名9,轶,事
apertur,名9,孔,口
apostol,名9,使徒,者
asemble,名9,集会,会
bagatel,名9,琐,小
bakteri,名9,细菌,菌
bandagx,名9,绷带,带
bifstek,名9,牛,牛
budgxet,名9,预算,资
burgxon,名9,堡,芽
central,名9,中,中
cirkvit,名9,电路,线
cxar/um##,名9,车,推
dimensi,名9,维度,度
ekvator,名9,赤道,带
element,名9,元素,分
epidemi,名9,疫,病
fantazi,名9,幻想,想
fenomen,名9,现象,象
gelaten,名9,凝,凝
general,名9,将,军
girland,名9,环,环
harmoni,名9,和,和
instanc,名9,裁,法
invalid,名9,残,者
kaldron,名9,锅,锅
kasxtan,名9,栗,栗
katalog,名9,目录,册
kirurgi,名9,外科,科
kolonel,名9,上校,长
komisar,名9,官,官
kompani,名9,公司,公
koncept,名9,概念,思
konkord,名9,和,和
konkurs,名9,竞赛,赛
koridor,名9,走廊,廊
kristal,名9,水晶,石
lantern,名9,灯,灯
latitud,名9,纬度,宽
medicin,名9,药,疗
mineral,名9,矿物,石
minimum,名9,最,微
ministr,名9,大臣,长
obstakl,名9,障,障
orkestr,名9,乐团,团
pacifik,名9,和,安
palpebr,名9,睑,盖
pantofl,名9,拖,鞋
paradiz,名9,天堂,地
paralel,名9,平行,等
plastik,名9,塑,塑
portret,名9,肖像,画
princip,名9,原则,准
program,名9,程序,程
projekt,名9,项目,划
proverb,名9,谚语,言
provinc,名9,省,区
rendevu,名9,约会,会
sin/ten##,名9,态,态
situaci,名9,情况,态
stadion,名9,场,场
subjekt,名9,对象,题
tehxnik,名9,技,工
tendenc,名9,趋势,性
tinktur,名9,染剂,色
tradici,名9,传统,规
tragedi,名9,悲剧,悲
traktat,名9,条约,约
trumpet,名9,喇叭,号
uniform,名9,制服,服
vegetal,名9,植物,园
viadukt,名9,桥,桥
volumen,名9,体积,量
zoologi,名9,动物学,学
atlantik,名9,洋,海
avantagx,名9,优势,益
bracelet,名9,手镯,手
cirkuler,名9,传,告
dokument,名9,文件,文
federaci,名9,联盟,联
generaci,名9,代,代
geografi,名9,地理,地
gramatik,名9,语法,语
gxendarm,名9,兵,兵
horizont,名9,天际,天
individu,名9,个,独
kandidat,名9,候选,者
karnaval,名9,嘉年华,节
kategori,名9,类,类
komun/um##,名9,共,共
krokodil,名9,鳄,龙
longitud,名9,长度,度
maksimum,名9,最高,极
marmelad,名9,果酱,酱
monument,名9,碑,碑
parasxut,名9,降落伞,降
pasagxer,名9,乘客,客
pland/um##,名9,底,底
porcelan,名9,瓷,瓷
procent,名9,率,比
profesor,名9,教授,教
radiator,名9,暖气片,器
regiment,名9,团,队
rekt/angul##,名9,矩形,形
sandvicx,名9,三,面
sindikat,名9,工会,联
singular,名9,单,一
specimen,名9,样品,样
spektakl,名9,剧,剧
substanc,名9,物质,物
teritori,名9,领土,地
vertikal,名9,垂直,立
ambasador,名9,大使,使
auxstrali,名9,澳,大
centimetr,名9,厘米,米
ekspozici,名9,展,展
inspektor,名9,督,查
kalkan/um##,名9,踵,跟
konfidenc,名9,信,信
lokomotiv,名9,火车,车
matematik,名9,数学,数
metalurgi,名9,冶,金
ministeri,名9,部,部
najtingal,名9,夜莺,鸟
ortografi,名9,法,字
parlament,名9,议会,法
proletari,名9,无产者,工
propozici,名9,提,议
psikologi,名9,心理,思
suplement,名9,补充,充
termometr,名9,计,温
elektronik,名9,电子,技
helikopter,名9,直升机,直
horizontal,名9,横,平
komplement,名9,补充,补
konsekvenc,名9,结果,果
konstituci,名9,宪法,法
laboratori,名9,室,验
leuxtenant,名9,中尉,长
mediterane,名9,地中海,海
substantiv,名9,名,名
universitat,名9,大学,学
s-ro##,名b,先生,师
s-ino##,名b,女,女
sinjor/in##,名b,女士,女
alk,名f,,鹿
aln,名f,,木
ann,名f,,女
bed,名f,,地
boa,名f,,蛇
buf,名f,,囊
cim,名f,,虫
col,名f,,米
dam,名f,,女
dig,名f,,堤
duk,名f,,爵
fav,名f,,病
fok,名f,,海
fut,名f,,米
gad,名f,,鱼
gam,名f,,音
gri,名f,,收
guf,名f,,枭
huz,名f,,鱼
kan,名f,,船
ken,名f,,剂
ker,名f,,心
kil,名f,,海
kuf,名f,,帽
kul,名f,,虫
kup,名f,,医
laf,名f,,岩
lir,名f,,乐
lod,名f,,泥
lol,名f,,植
mac,名f,,饼
mel,名f,,貉
mes,名f,,拜
mev,名f,,海
muf,名f,,霉
muk,名f,,液
mul,名f,,畜
nap,名f,,萝
peg,名f,,啄
pol,名f,,民
pul,名f,,跳
rap,名f,,萝
rif,名f,,海
rod,名f,,港
rot,名f,,队
rub,名f,,碎
rum,名f,,酒
rus,名f,,民
seb,名f,,油
sel,名f,,鞍
tez,名f,,论
tul,名f,,编
ulm,名f,,松
uln,名f,,骨
unc,名f,,单
urn,名f,,罐
vil,名f,,毛
abat,名f,,师
acer,名f,,枫
akar,名f,,虫
alte,名f,,高
alun,名f,,铝
amel,名f,,剂
anas,名f,,鸭
angl,名f,,人
aniz,名f,,香
ankr,名f,,泊
arcx,名f,,乐
arde,名f,,光
aren,名f,,场
atut,名f,,宝
avel,名f,,果
aviz,名f,,告
azot,名f,,化
bast,名f,,皮
bert,名f,,丽
blat,名f,,虫
bram,名f,,望
bran,名f,,农
burd,名f,,虫
cedr,名f,,松
citr,名f,,乐
cxam,名f,,鹿
cxan,名f,,锤
dogm,名f,,教
drak,名f,,龙
drog,名f,,药
ebon,名f,,黑
eter,名f,,剂
fabl,名f,,事
falk,名f,,者
fibr,名f,,织
flan,名f,,饼
flok,名f,,絮
flut,名f,,琴
fraj,名f,,卵
ftiz,名f,,病
gajl,名f,,植
gips,名f,,石
glan,名f,,果
glim,名f,,石
graf,名f,,贵
gril,名f,,虫
gros,名f,,果
gurd,名f,,琴
ibis,名f,,雀
idol,名f,,星
kalk,名f,,石
kand,名f,,糖
kard,名f,,卡
karo,名f,,形
kask,名f,,盔
kaze,名f,,凝
kegl,名f,,柱
klap,名f,,阀
klav,名f,,键
kluz,名f,,水
kojn,名f,,形
koks,名f,,腰
konk,名f,,贝
kren,名f,,香
krep,名f,,织
krop,名f,,鸟
krup,名f,,病
lake,名f,,湖
laks,名f,,弱
legi,名f,,队
lent,名f,,镜
lepr,名f,,病
lian,名f,,缠
lien,名f,,内
link,名f,,猫
liut,名f,,琴
lojt,名f,,鱼
lorn,名f,,望
lumb,名f,,腰
lutr,名f,,水
magi,名f,,术
mana,名f,,思
mari,名f,,莉
mask,名f,,面
masx,名f,,罩
mecx,名f,,芯
mejl,名f,,程
ment,名f,,智
merl,名f,,雀
mesi,名f,,者
mili,名f,,子
mirh,名f,,胶
mirt,名f,,果
misi,名f,,任
mops,名f,,犬
most,名f,,汁
nicx,名f,,建
omar,名f,,蟹
opal,名f,,石
ostr,名f,,海
paru,名f,,鸟
pecx,名f,,化
pelv,名f,,盆
perk,名f,,鱼
pest,名f,,病
petr,名f,,石
pini,名f,,松
pips,名f,,雀
plik,名f,,病
plot,名f,,鱼
popl,名f,,林
pram,名f,,船
sakr,名f,,圣
salm,名f,,渔
sepi,名f,,物
sofi,名f,,明
sorp,名f,,木
spat,名f,,矿
spin,名f,,骨
stab,名f,,军
step,名f,,地
stip,名f,,树
stof,名f,,布
stup,名f,,麻
sxak,名f,,棋
sxal,名f,,巾
sxam,名f,,革
taft,名f,,织
talp,名f,,物
tetr,名f,,鸟
tibi,名f,,骨
tili,名f,,树
tine,名f,,虫
torf,名f,,煤
trab,名f,,建
tref,名f,,牌
tril,名f,,波
trip,名f,,肠
trog,名f,,养
tron,名f,,座
truf,名f,,菌
trul,名f,,刀
trut,名f,,鱼
turd,名f,,雀
turk,名f,,族
turt,名f,,龟
uter,名f,,子
uxat,名f,,光
vafl,名f,,点
vals,名f,,舞
vekt,名f,,棒
zebr,名f,,马
altar,名f,,台
ambos,名f,,台
anton,名f,,托
ardez,名f,,岩
argil,名f,,土
aspid,名f,,蛇
balen,名f,,鲸
barcx,名f,,汤
boben,名f,,圈
brank,名f,,鳃
bubal,名f,,牛
bufed,名f,,餐
cejan,名f,,花
dativ,名f,,予
datur,名f,,种
demon,名f,,鬼
denar,名f,,财
deviz,名f,,言
domen,名f,,地
embri,名f,,生
emili,名f,,婷
ermen,名f,,林
ermit,名f,,者
facet,名f,,面
fazan,名f,,雉
femur,名f,,骨
filik,名f,,蕨
flegm,名f,,冷
fokus,名f,,聚
franc,名f,,人
frank,名f,,货
fring,名f,,鸟
galon,名f,,商
gazel,名f,,鹿
genot,名f,,传
georg,名f,,佐
gitar,名f,,弦
gland,名f,,腺
grosx,名f,,货
hebre,名f,,民
heder,名f,,藤
herez,名f,,异
herni,名f,,疝
hirud,名f,,生
hosti,名f,,饼
husar,名f,,兵
hxaos,名f,,
idili,名f,,田
johan,名f,,若
jozef,名f,,赛
kalik,名f,,杯
kambi,名f,,换
kamer,名f,,机
kanab,名f,,麻
kanap,名f,,沙
kapel,名f,,堂
kapon,名f,,止
kapor,名f,,草
kapot,名f,,衣
karas,名f,,鱼
karob,名f,,果
katun,名f,,布
kerub,名f,,天
kiras,名f,,装
klaft,名f,,寻
klosx,名f,,罩
koaks,名f,,焦
koleg,名f,,者
kolon,名f,,柱
komiz,名f,,员
komod,名f,,柜
konus,名f,,尖
kopek,名f,,币
koran,名f,,典
kramp,名f,,紧
kring,名f,,环
krisp,名f,,纹
krist,名f,,圣
kupol,名f,,顶
kvarc,名f,,石
kvart,名f,,室
lanug,名f,,毛
lauxr,名f,,树
libel,名f,,虫
liken,名f,,苔
livre,名f,,服
logxi,名f,,剧
lupol,名f,,苦
lustr,名f,,灯
luter,名f,,教
medal,名f,,章
meriz,名f,,果
moned,名f,,币
morus,名f,,果
mosxt,名f,,的
negoc,名f,,销
nobel,名f,,贵
novic,名f,,新
nuanc,名f,,味
oblat,名f,,药
okzal,名f,,种
orden,名f,,章
orgen,名f,,乐
pagxi,名f,,史
papav,名f,,粟
pariz,名f,,都
pauxl,名f,,罗
pavim,名f,,路
pedik,名f,,虫
percx,名f,,鱼
piked,名f,,哨
pilol,名f,,药
pirit,名f,,矿
pirol,名f,,雀
piroz,名f,,痛
pisxt,名f,,件
plusx,名f,,布
poent,名f,,点
pokal,名f,,杯
polus,名f,,废
potas,名f,,钾
prujn,名f,,霜
pudel,名f,,罐
pumik,名f,,岩
puncx,名f,,料
putor,名f,,豹
raben,名f,,师
rapir,名f,,剑
regol,名f,,则
rezin,名f,,胶
rostr,名f,,管
ruben,名f,,石
safir,名f,,石
salvi,名f,,植
sigel,名f,,封
silab,名f,,字
silik,名f,,硅
silur,名f,,鱼
silvi,名f,,雀
sirop,名f,,液
skabi,名f,,病
skadr,名f,,队
skarp,名f,,巾
skvam,名f,,鳞
sorik,名f,,鼠
spion,名f,,谍
spron,名f,,促
stabl,名f,,台
sturg,名f,,鱼
sturn,名f,,鸟
sxalm,名f,,笛
sxark,名f,,海
sxelk,名f,,裤
sxild,名f,,护
sxind,名f,,建
sxlim,名f,,土
taban,名f,,虫
tavol,名f,,台
tempi,名f,,侧
tetan,名f,,病
tetra,名f,,鸟
timon,名f,,棍
topaz,名f,,石
torcx,名f,,灯
tromb,名f,,风
tulip,名f,,花
ulcer,名f,,溃
urtik,名f,,草
vanil,名f,,香
vasal,名f,,臣
velen,名f,,毒
verst,名f,,解
vezir,名f,,长
vipur,名f,,蛇
vokal,名f,,音
zenit,名f,,顶
zibel,名f,,葱
zizel,名f,,鼠
absces,名f,,肿
absint,名f,,蒿
alcion,名f,,鸟
amfibi,名f,,生
ananas,名f,,果
artrit,名f,,关
atripl,名f,,植
berlin,名f,,区
bismut,名f,,铋
boraks,名f,,剂
buljon,名f,,汤
bulonj,名f,,区
busxel,名f,,量
centim,名f,,币
cikori,名f,,苣
cimbal,名f,,琴
cinabr,名f,,矿
cipres,名f,,培
cxarpi,名f,,布
damask,名f,,锦
delfen,名f,,海
didelf,名f,,袋
embusk,名f,,击
epolet,名f,,章
erinac,名f,,刺
ernest,名f,,斯
eskadr,名f,,舰
faktur,名f,,单
falbal,名f,,边
fantom,名f,,灵
faring,名f,,管
fenkol,名f,,种
ferdek,名f,,海
fistul,名f,,管
flanel,名f,,布
fosfor,名f,,肥
frangx,名f,,饰
furunk,名f,,病
fusten,名f,,布
galeri,名f,,馆
gamasx,名f,,袜
german,名f,,人
granat,名f,,果
granit,名f,,岩
grenad,名f,,弹
grifel,名f,,笔
gxiraf,名f,,动
haladz,名f,,恶
hamstr,名f,,鼠
hispan,名f,,人
hximer,名f,,时
hxoler,名f,,疫
ingven,名f,,沟
izrael,名f,,国
jasmen,名f,,花
kalesx,名f,,车
kalvin,名f,,畜
kamfor,名f,,香
kamlot,名f,,织
kanajl,名f,,匪
kanari,名f,,鸟
kantor,名f,,唱
kanvas,名f,,布
kapsul,名f,,囊
kapucx,名f,,帽
kardel,名f,,鸟
karmin,名f,,红
karpen,名f,,木
kastor,名f,,者
kaviar,名f,,味
kobalt,名f,,蓝
kobold,名f,,幻
kolbas,名f,,肠
kolibr,名f,,鸟
kolimb,名f,,水
kolubr,名f,,蛇
komuni,名f,,社
kontor,名f,,室
kontur,名f,,形
kornic,名f,,豆
korpus,名f,,军
koturn,名f,,鸟
kraken,名f,,食
kratag,名f,,林
krater,名f,,口
kronik,名f,,史
kurier,名f,,员
lampir,名f,,虫
laring,名f,,喉
lavang,名f,,滑
legend,名f,,事
lekant,名f,,花
lentug,名f,,点
levkoj,名f,,花
likvor,名f,,酒
litani,名f,,求
london,名f,,东
magnet,名f,,磁
makzel,名f,,下
mangan,名f,,化
markot,名f,,园
marmor,名f,,石
marmot,名f,,土
mastik,名f,,建
migdal,名f,,籽
miogal,名f,,貂
miozot,名f,,花
monahx,名f,,单
morbil,名f,,病
morter,名f,,泥
muskat,名f,,香
muslin,名f,,布
mustel,名f,,貂
nanken,名f,,布
narcis,名f,,花
nikola,名f,,内
notari,名f,,法
orakol,名f,,示
paletr,名f,,板
panter,名f,,豹
parget,名f,,面
parohx,名f,,伞
parter,名f,,剧
pastel,名f,,糖
patent,名f,,权
patrol,名f,,巡
pfenig,名f,,币
pistak,名f,,豆
pistol,名f,,枪
plastr,名f,,膏
platen,名f,,金
ponard,名f,,刀
porfir,名f,,石
porter,名f,,酒
primol,名f,,花
prunel,名f,,果
purpur,名f,,紫
rekrut,名f,,兵
rempar,名f,,墙
risort,名f,,泉
rosmar,名f,,海
rozari,名f,,珠
rubrik,名f,,目
safran,名f,,香
sambuk,名f,,草
sankci,名f,,许
sardel,名f,,鱼
sceptr,名f,,杖
selakt,名f,,乳
servic,名f,,子
servut,名f,,工
siring,名f,,花
skapol,名f,,肩
skarab,名f,,虫
skolop,名f,,鹬
skurgx,名f,,打
sofism,名f,,理
sopran,名f,,女
spalir,名f,,园
stefan,名f,,兵
sufiks,名f,,尾
sukcen,名f,,琥
sulfur,名f,,硫
talent,名f,,才
tambur,名f,,琴
tenden,名f,,向
teodor,名f,,德
termin,名f,,语
testik,名f,,生
timian,名f,,香
tombak,名f,,金
trahxe,名f,,解
tremol,名f,,动
tribun,名f,,台
tropik,名f,,热
turban,名f,,巾
turkis,名f,,矿
turnir,名f,,赛
urogal,名f,,雉
variol,名f,,病
viburn,名f,,花
vikari,名f,,助
vinagr,名f,,醋
vizier,名f,,帽
volupt,名f,,乐
ablativ,名f,,格
antimon,名f,,反
arleken,名f,,演
arsenik,名f,,毒
artifik,名f,,计
asparag,名f,,菜
bajonet,名f,,刀
bastion,名f,,地
beladon,名f,,色
biskvit,名f,,点
cxampan,名f,,泡
cxarnir,名f,,接
diamant,名f,,石
episkop,名f,,圣
esxafod,名f,,台
fraksen,名f,,木
frangol,名f,,花
fringel,名f,,鸟
genitiv,名f,,属
henriet,名f,,名
hidrarg,名f,,金
hiskiam,名f,,植
histrik,名f,,刺
jugland,名f,,果
juniper,名f,,松
kalikot,名f,,布
kamizol,名f,,衣
kamomil,名f,,花
kapitan,名f,,长
kapitel,名f,,节
kapreol,名f,,鹿
kapucen,名f,,僧
karaben,名f,,枪
kartocx,名f,,药
karusel,名f,,转
kavalir,名f,,战
klarnet,名f,,明
klister,名f,,肠
koklusx,名f,,病
kolofon,名f,,胶
kompres,名f,,缩
kurator,名f,,管
kvitanc,名f,,凭
leontod,名f,,花
leopard,名f,,豹
limonad,名f,,饮
lonicer,名f,,花
ludovik,名f,,德
lunatik,名f,,者
maroken,名f,,皮
marsxal,名f,,军
meleagr,名f,,禽
membran,名f,,层
mihxael,名f,,尔
monarhx,名f,,王
mustard,名f,,料
negligx,名f,,裙
nikodem,名f,,德
novjork,名f,,都
oksigen,名f,,氧
oksikok,名f,,花
parazit,名f,,虫
pastecx,名f,,饼
pelikan,名f,,鸟
perdrik,名f,,雀
poligon,名f,,形
prefiks,名f,,首
redakci,名f,,编
rinocer,名f,,兽
salpetr,名f,,剂
sentenc,名f,,言
skarlat,名f,,红
skorbut,名f,,病
skrofol,名f,,病
smerald,名f,,石
sterled,名f,,鱼
stertor,名f,,喘
sxiller,名f,,技
umbilik,名f,,穴
univers,名f,,星
varsovi,名f,,都
verdigr,名f,,绿
vertebr,名f,,柱
vespert,名f,,飞
vestibl,名f,,门
vilhelm,名f,,伟
virtuoz,名f,,家
vitriol,名f,,酸
zingibr,名f,,姜
akcipitr,名f,,鹰
akuzativ,名f,,控
argument,名f,,论
arhxaism,名f,,旧
artisxok,名f,,植
baldaken,名f,,帐
briliant,名f,,光
diplomat,名f,,员
distrikt,名f,,区
elizabet,名f,,利
fragment,名f,,片
framason,名f,,会
frugileg,名f,,鸟
hidrogen,名f,,氢
hortulan,名f,,者
institut,名f,,学
kantarid,名f,,虫
kariofil,名f,,香
kartilag,名f,,软
katarakt,名f,,流
kocxenil,名f,,色
kokcinel,名f,,虫
konvulsi,名f,,动
leksikon,名f,,辞
marcipan,名f,,糖
medalion,名f,,章
monarhxi,名f,,君
obstrukc,名f,,阻
paradoks,名f,,常
parentez,名f,,注
particip,名f,,分
pasament,名f,,想
pastinak,名f,,菜
pergamen,名f,,文
peritone,名f,,膜
perlamot,名f,,宝
petromiz,名f,,鱼
petrosel,名f,,香
ranunkol,名f,,花
redaktor,名f,,编
rezultat,名f,,果
rosmaren,名f,,香
sergxent,名f,,兵
sublimat,名f,,高
tacxment,名f,,队
terebint,名f,,油
tornistr,名f,,包
zamenhof,名f,,者
aleksandr,名f,,雄
anunciaci,名f,,示
balustrad,名f,,栏
cxambelan,名f,,随
cxarlatan,名f,,医
deklinaci,名f,,变
diplomati,名f,,交
ekscelenc,名f,,贵
ekzempler,名f,,样
entuziasm,名f,,热
fortepian,名f,,音
galanteri,名f,,妆
ihxtiokol,名f,,带
instituci,名f,,机
instrukci,名f,,教
kancelari,名f,,政
kancelier,名f,,法
kataplasm,名f,,敷
kondolenc,名f,,哀
konjugaci,名f,,变
konjunkci,名f,,词
konsonant,名f,,音
korporaci,名f,,会
kvaranten,名f,,封
nominativ,名f,,名
pentekost,名f,,日
piedestal,名f,,台
prepozici,名f,,词
privilegi,名f,,权
promontor,名f,,海
salamandr,名f,,士
testament,名f,,遗
vermicxel,名f,,面
interjekci,名f,,词
supersticx,名f,,术
vasxington,名f,,政
violoncxel,名f,,乐
arhxitektur,名f,,图
interpunkci,名f,,号
jork,名i,,都
parok,名i,,教
navig,名i,,航
kaos,名n,,乱
kimer,名n,,幻
korus,名n,,唱
monak,名n,,僧
iktiokol,名n,,鱼
ald,名o,,乐
alo,名o,,植
api,名o,,菜
ari,名o,,曲
bas,名o,,音
car,名o,,大
dog,名o,,犬
dok,名o,,码
doz,名o,,药
ego,名o,,自
elf,名o,,灵
etn,名o,,族
faz,名o,,阶
fon,名o,,景
fuk,名o,,藻
gaz,名o,,布
gem,名o,,石
hum,名o,,土
jod,名o,,变
jud,名o,,者
kep,名o,,帽
lat,名o,,建
lob,名o,,狼
mim,名o,,演
mit,名o,,幻
muz,名o,,文
nas,名o,,渔
nav,名o,,船
niz,名o,,雕
oaz,名o,,地
opi,名o,,药
puf,名o,,张
raj,名o,,海
ras,名o,,类
ref,名o,,海
rit,名o,,礼
rut,名o,,园
sod,名o,,剂
tif,名o,,病
tog,名o,,装
viz,名o,,证
agat,名o,,石
agxi,名o,,商
alen,名o,,尖
ambr,名o,,香
amor,名o,,爱
aort,名o,,血
arom,名o,,香
astm,名o,,气
astr,名o,,星
azil,名o,,院
bard,名o,,吟
bomb,名o,,弹
bosk,名o,,林
brom,名o,,溴
bust,名o,,上
cend,名o,,币
cidr,名o,,果
cirk,名o,,圆
dali,名o,,花
dign,名o,,威
duel,名o,,斗
duet,名o,,合
ebur,名o,,牙
eden,名o,,地
egid,名o,,护
erik,名o,,植
etik,名o,,德
etim,名o,,源
fars,名o,,剧
fili,名o,,分
fisk,名o,,库
furi,名o,,报
gnom,名o,,灵
grog,名o,,酒
gruz,名o,,石
gxin,名o,,酒
hidr,名o,,龙
hien,名o,,兽
irid,名o,,花
iris,名o,,目
istm,名o,,地
jesu,名o,,主
junk,名o,,植
kabl,名o,,线
kali,名o,,钾
kame,名o,,演
kast,名o,,城
klor,名o,,剂
kofr,名o,,箱
kolz,名o,,植
kont,名o,,账
krab,名o,,蟹
kres,名o,,信
kupe,名o,,室
laik,名o,,人
lama,名o,,师
lanc,名o,,枪
lens,名o,,理
lord,名o,,贵
malt,名o,,芽
mani,名o,,迷
medi,名o,,域
milv,名o,,者
mitr,名o,,宗
moru,名o,,鱼
mosk,名o,,香
mumi,名o,,体
naft,名o,,油
negr,名o,,黑
nimb,名o,,光
norm,名o,,规
obol,名o,,品
ogiv,名o,,建
orgi,名o,,宴
ozon,名o,,保
penc,名o,,笔
pleb,名o,,民
podi,名o,,台
polk,名o,,舞
pomp,名o,,丽
pore,名o,,菜
rabi,名o,,病
rism,名o,,合
romb,名o,,形
rubl,名o,,财
sabr,名o,,兵
sagu,名o,,粉
sald,名o,,存
salv,名o,,击
sekt,名o,,派
sfer,名o,,球
skem,名o,,图
skol,名o,,学
slip,名o,,纸
sokl,名o,,台
sold,名o,,品
sole,名o,,鱼
spad,名o,,剑
sxah,名o,,王
talk,名o,,矿
teni,名o,,虫
tiar,名o,,冠
tink,名o,,鱼
tors,名o,,架
tost,名o,,庆
trop,名o,,喻
turb,名o,,速
ukaz,名o,,诏
ulan,名o,,兵
uzur,名o,,占
verv,名o,,热
vink,名o,,花
visk,名o,,生
vist,名o,,游
vizi,名o,,幻
zuav,名o,,兵
abism,名o,,渊
adept,名o,,者
afiks,名o,,词
afust,名o,,架
agraf,名o,,扣
akaci,名o,,槐
akciz,名o,,税
aksel,名o,,凹
albin,名o,,白
alibi,名o,,明
aline,名o,,段
alkov,名o,,室
amfor,名o,,罐
angin,名o,,炎
angor,名o,,苦
anten,名o,,线
apati,名o,,不
apoge,名o,,巅
arkad,名o,,商
arkiv,名o,,记
arnik,名o,,植
atlas,名o,,图
atlet,名o,,动
aviad,名o,,航
balad,名o,,歌
balet,名o,,剧
barak,名o,,强
baron,名o,,贵
basen,名o,,池
beril,名o,,石
bibli,名o,,经
bigot,名o,,者
biret,名o,,帽
bitum,名o,,材
bivak,名o,,营
brecx,名o,,裂
brocx,名o,,针
bronk,名o,,管
cigan,名o,,者
cikut,名o,,草
cxifr,名o,,密
debat,名o,,辩
dekan,名o,,长
dilem,名o,,难
diluv,名o,,灾
divan,名o,,沙
dolar,名o,,币
drakm,名o,,资
dukat,名o,,金
edikt,名o,,令
eklog,名o,,诗
ekzem,名o,,疹
elegi,名o,,哀
elips,名o,,省
elizi,名o,,省
emfaz,名o,,注
epope,名o,,诗
fagot,名o,,樂
fakir,名o,,者
fatal,名o,,命
feuxd,名o,,史
fiakr,名o,,车
fiask,名o,,败
final,名o,,终
fjord,名o,,海
forum,名o,,会
fresk,名o,,画
furor,名o,,流
galer,名o,,艇
galop,名o,,奔
garol,名o,,鸟
goril,名o,,动
hamak,名o,,吊
harem,名o,,女
harpi,名o,,琴
helic,名o,,动
helik,名o,,螺
hisop,名o,,植
hoboj,名o,,音
humer,名o,,骨
idiom,名o,,语
idiot,名o,,笨
ileks,名o,,叶
iluzi,名o,,幻
indig,名o,,蓝
jalap,名o,,药
jud/ism##,名o,,教
kabal,名o,,教
kadet,名o,,军
kalif,名o,,主
kanon,名o,,炮
karat,名o,,量
kazin,名o,,室
kinin,名o,,药
kirsx,名o,,酒
kloak,名o,,污
kobaj,名o,,鼠
kokon,名o,,丝
kolik,名o,,患
kolos,名o,,大
komet,名o,,星
koral,名o,,珊
korne,名o,,角
korol,名o,,冠
kozak,名o,,克
krabr,名o,,蜂
kreol,名o,,合
kript,名o,,密
kulis,名o,,幕
kumin,名o,,香
kvast,名o,,刷
kvint,名o,,音
lagun,名o,,湖
lapis,名o,,盐
larik,名o,,树
later,名o,,边
lazur,名o,,蓝
legat,名o,,教
lirik,名o,,歌
madon,名o,,圣
major,名o,,军
mamut,名o,,物
medol,名o,,意
meduz,名o,,生
melas,名o,,糖
melis,名o,,蜂
miasm,名o,,气
mimoz,名o,,花
mitul,名o,,贝
moske,名o,,教
motiv,名o,,动
natri,名o,,钠
nikel,名o,,材
nimfe,名o,,水
noktu,名o,,鸮
nomad,名o,,牧
novel,名o,,文
nunci,名o,,教
oksid,名o,,化
oktav,名o,,音
oniks,名o,,矿
optik,名o,,光
orbit,名o,,轨
oriol,名o,,鸟
ovaci,名o,,赞
pagod,名o,,堂
panel,名o,,板
panik,名o,,恐
paraf,名o,,文
patos,名o,,情
pedal,名o,,器
pedel,名o,,员
peoni,名o,,花
peruk,名o,,发
pigme,名o,,小
pirat,名o,,者
pivot,名o,,点
polip,名o,,海
polis,名o,,保
pomad,名o,,发
prior,名o,,师
prism,名o,,面
psalm,名o,,歌
raket,名o,,导
rebus,名o,,谜
retin,名o,,网
retor,名o,,史
rezed,名o,,园
ricin,名o,,油
rokok,名o,,贵
rubus,名o,,果
rutin,名o,,常
saliv,名o,,液
satan,名o,,恶
saten,名o,,锦
seraf,名o,,天
sifon,名o,,输
sinap,名o,,菜
sinod,名o,,会
siren,名o,,女
skalp,名o,,品
skerc,名o,,笑
skism,名o,,分
sonat,名o,,奏
sonet,名o,,文
spasm,名o,,动
sperm,名o,,生
splen,名o,,郁
stopl,名o,,止
strof,名o,,句
sutan,名o,,服
sxose,名o,,路
sxpat,名o,,田
taler,名o,,盘
tanin,名o,,物
tarok,名o,,谷
teism,名o,,论
teist,名o,,者
templ,名o,,堂
tenor,名o,,音
teror,名o,,恐
tindr,名o,,焊
tiran,名o,,霸
tonel,名o,,海
trofe,名o,,奖
trust,名o,,信
tunik,名o,,服
utopi,名o,,国
vanel,名o,,鸟
vinkt,名o,,固
viper,名o,,蛇
viski,名o,,酒
zefir,名o,,风
advent,名o,,现
aksiom,名o,,理
akvari,名o,,水
algebr,名o,,数
alkemi,名o,,术
ambici,名o,,志
amulet,名o,,符
anagal,名o,,草
anarki,名o,,治
anatom,名o,,学
ancxov,名o,,鱼
anemon,名o,,花
anilin,名o,,料
aplomb,名o,,安
apolog,名o,,错
arbust,名o,,植
arhxiv,名o,,文
asesor,名o,,法
ateism,名o,,主
ateist,名o,,者
auxkci,名o,,售
balast,名o,,底
balkon,名o,,台
balzam,名o,,乳
bandit,名o,,盗
barbar,名o,,人
barier,名o,,栏
bateri,名o,,电
batist,名o,,布
bazalt,名o,,岩
beletr,名o,,文
bilanc,名o,,表
bilard,名o,,球
binokl,名o,,镜
biolog,名o,,生
blazon,名o,,记
blokad,名o,,封
bordel,名o,,楼
braman,名o,,教
brigad,名o,,队
buduar,名o,,室
burnus,名o,,服
celeri,名o,,菜
cidoni,名o,,果
ciklon,名o,,旋
ciklop,名o,,巨
dekret,名o,,令
depesx,名o,,急
despot,名o,,王
diabet,名o,,血
diadem,名o,,冠
diakon,名o,,辅
diplom,名o,,证
divizi,名o,,队
dragon,名o,,龙
eklips,名o,,日
eksces,名o,,过
ekstaz,名o,,喜
ekvaci,名o,,式
emblem,名o,,标
emulsi,名o,,乳
endivi,名o,,园
epilog,名o,,结
epitet,名o,,称
epizod,名o,,节
erupci,名o,,发
eskort,名o,,队
estrad,名o,,台
etiket,名o,,礼
euxnuk,名o,,监
ezofag,名o,,食
faktor,名o,,分
falang,名o,,阵
fanfar,名o,,响
feniks,名o,,不
feston,名o,,庆
feticx,名o,,物
fleksi,名o,,变
floren,名o,,资
format,名o,,印
frakci,名o,,分
fregat,名o,,舰
galant,名o,,花
gangli,名o,,神
genist,名o,,植
geolog,名o,,地
gerani,名o,,花
gigant,名o,,大
glazur,名o,,釉
glikoz,名o,,糖
glukoz,名o,,糖
gondol,名o,,拉
grafit,名o,,绘
gulden,名o,,货
harpun,名o,,具
hetman,名o,,军
hipnot,名o,,心
incens,名o,,香
indeks,名o,,引
inflam,名o,,炎
jaguar,名o,,动
jezuit,名o,,者
jxaket,名o,,服
kadavr,名o,,尸
kadenc,名o,,音
kalibr,名o,,量
kameli,名o,,花
kantat,名o,,曲
kanton,名o,,区
karbon,名o,,料
karcer,名o,,室
karier,名o,,职
kariol,名o,,车
katedr,名o,,堂
kauxci,名o,,金
kazern,名o,,营
kokard,名o,,章
kolodi,名o,,剂
koloni,名o,,区
kompas,名o,,航
kondor,名o,,者
konjak,名o,,酒
korife,名o,,长
kornet,名o,,乐
korsar,名o,,船
korset,名o,,衣
korvet,名o,,艇
kotlet,名o,,排
kursiv,名o,,斜
laktuk,名o,,菜
lavend,名o,,香
loteri,名o,,彩
lucern,名o,,灯
maksim,名o,,言
malari,名o,,病
marasm,名o,,衰
markiz,名o,,贵
martir,名o,,士
masagx,名o,,推
mazurk,名o,,曲
medium,名o,,媒
melodi,名o,,调
mentor,名o,,导
merkat,名o,,场
mespil,名o,,果
meteor,名o,,气
metrik,名o,,诗
mikrob,名o,,生
mirakl,名o,,奇
miriad,名o,,不
molusk,名o,,海
monark,名o,,王
morfin,名o,,芬
mozaik,名o,,拼
munici,名o,,弹
nektar,名o,,露
orkide,名o,,花
pacxul,名o,,植
parodi,名o,,剧
pavian,名o,,长
pedant,名o,,学
pepsin,名o,,生
petard,名o,,爆
piastr,名o,,货
pistil,名o,,雌
podagr,名o,,病
ponton,名o,,桥
portal,名o,,口
portik,名o,,廊
prelat,名o,,教
prelud,名o,,导
premis,名o,,条
profan,名o,,渎
profil,名o,,貌
prolog,名o,,序
puding,名o,,糕
pupitr,名o,,台
pustul,名o,,疹
rabarb,名o,,树
regent,名o,,政
rektor,名o,,学
relief,名o,,雕
retort,名o,,反
romanc,名o,,情
rotond,名o,,圆
sandal,名o,,鞋
santal,名o,,香
sarong,名o,,衣
satrap,名o,,使
sektor,名o,,形
septet,名o,,乐
serajl,名o,,阁
sevrug,名o,,鱼
sfinks,名o,,物
siluet,名o,,形
simbol,名o,,象
sinkop,名o,,失
sintez,名o,,合
skelet,名o,,骨
sofist,名o,,学
spektr,名o,,谱
spiral,名o,,旋
sponde,名o,,诗
suflor,名o,,剧
sultan,名o,,王
sxalup,名o,,海
sxankr,名o,,病
sxarad,名o,,游
taksus,名o,,松
taktik,名o,,战
talmud,名o,,教
tamtam,名o,,乐
tandem,名o,,双
tapiok,名o,,粉
teolog,名o,,者
teorem,名o,,定
terapi,名o,,疗
tercet,名o,,诗
termit,名o,,虫
tonsur,名o,,发
torped,名o,,弹
trapez,名o,,形
tribut,名o,,税
triumf,名o,,胜
turbin,名o,,机
unison,名o,,合
uragan,名o,,风
vampir,名o,,血
verand,名o,,台
vermut,名o,,酒
vinjet,名o,,花
zigzag,名o,,弯
zodiak,名o,,星
admiral,名o,,舰
aerolit,名o,,星
aforism,名o,,言
agronom,名o,,家
akrobat,名o,,者
akvarel,名o,,画
alegori,名o,,喻
alhxemi,名o,,术
almanak,名o,,历
ambrozi,名o,,露
ametist,名o,,宝
amnesti,名o,,赦
anagram,名o,,字
analogi,名o,,类
anapest,名o,,诗
anatomi,名o,,学
angelik,名o,,草
anomali,名o,,异
antilop,名o,,羚
antipod,名o,,相
antitez,名o,,反
apoteoz,名o,,颂
apozici,名o,,词
arabesk,名o,,图
arkaism,名o,,古
asonanc,名o,,和
atavism,名o,,遗
atribut,名o,,质
auxreol,名o,,光
bankier,名o,,理
barikad,名o,,网
bariton,名o,,音
bastard,名o,,子
bazilik,名o,,堂
biograf,名o,,者
biologi,名o,,生
bisturi,名o,,器
bombast,名o,,夸
botanik,名o,,植
celuloz,名o,,物
ceramik,名o,,陶
cilindr,名o,,筒
cistern,名o,,水
citadel,名o,,防
cxevron,名o,,屋
demagog,名o,,者
diagnoz,名o,,定
dialekt,名o,,方
diametr,名o,,径
difteri,名o,,病
diftong,名o,,音
dinamik,名o,,力
dinamit,名o,,爆
dinasti,名o,,族
doktrin,名o,,学
ekspres,名o,,急
eliksir,名o,,药
eminenc,名o,,名
epiderm,名o,,层
epifani,名o,,日
epigraf,名o,,铭
epigram,名o,,言
erudici,名o,,博
estetik,名o,,美
etim/olog##,名o,,字
etiolog,名o,,者
evoluci,名o,,变
farmaci,名o,,药
filolog,名o,,家
filozof,名o,,学
fonetik,名o,,音
fronton,名o,,门
gangren,名o,,病
gardeni,名o,,园
gencian,名o,,胆
geodezi,名o,,地
geograf,名o,,师
geologi,名o,,地
geometr,名o,,师
gerundi,名o,,名
gilotin,名o,,器
gimnast,名o,,师
gimnazi,名o,,学
guberni,名o,,区
hiacint,名o,,花
hipotek,名o,,权
hipotez,名o,,论
histeri,名o,,发
homonim,名o,,同
hxirurg,名o,,医
judaism,名o,,者
jxargon,名o,,语
kalomel,名o,,心
kanaben,名o,,雀
kanibal,名o,,者
kanonik,名o,,教
kaporal,名o,,长
karamel,名o,,糖
karavan,名o,,队
kartusx,名o,,建
katolik,名o,,教
kazemat,名o,,防
komplot,名o,,谋
koncesi,名o,,权
kontakt,名o,,接
korsajx,名o,,衣
kreozot,名o,,剂
kriteri,名o,,准
kvadril,名o,,舞
kvestor,名o,,员
letargi,名o,,睡
liturgi,名o,,礼
lozangx,名o,,形
lumbrik,名o,,虫
mahagon,名o,,木
majolik,名o,,陶
makadam,名o,,道
makaron,名o,,面
malakit,名o,,矿
mansard,名o,,室
margxen,名o,,边
matador,名o,,者
mekanik,名o,,动
merlang,名o,,海
metafor,名o,,喻
minaret,名o,,塔
mirabel,名o,,果
molekul,名o,,分
monarki,名o,,王
monolog,名o,,自
monopol,名o,,独
nikotin,名o,,物
obelisk,名o,,碑
oleandr,名o,,花
oligark,名o,,者
omnibus,名o,,车
onobrik,名o,,果
optativ,名o,,愿
pacient,名o,,耐
palinur,名o,,虾
pamflet,名o,,报
panoram,名o,,景
papirus,名o,,纸
parabol,名o,,线
parafin,名o,,蜡
paskvil,名o,,笑
pasxtel,名o,,色
patolog,名o,,师
patrici,名o,,贵
patriot,名o,,国
pedagog,名o,,教
pelerin,名o,,披
pension,名o,,所
percept,名o,,觉
pilastr,名o,,柱
piramid,名o,,古
plagiat,名o,,盗
plantag,名o,,植
polemik,名o,,论
prefekt,名o,,长
procesi,名o,,行
prognoz,名o,,预
prozodi,名o,,诗
puritan,名o,,者
retorik,名o,,辞
revizor,名o,,官
samovar,名o,,壺
sarkasm,名o,,讽
segment,名o,,段
sekreci,名o,,生
semafor,名o,,示
serenad,名o,,曲
sifilis,名o,,病
simetri,名o,,等
simfoni,名o,,曲
simptom,名o,,示
sinagog,名o,,堂
sinedri,名o,,法
sinonim,名o,,同
sintaks,名o,,构
skandal,名o,,丑
skrupul,名o,,细
stearin,名o,,脂
sugesti,名o,,劝
sxiling,名o,,物
taburet,名o,,椅
tangent,名o,,正
teokrat,名o,,教
teologi,名o,,学
trombon,名o,,音
ultimat,名o,,绝
uvertur,名o,,前
variant,名o,,变
vazelin,名o,,霜
verdikt,名o,,法
veteran,名o,,土
vokativ,名o,,求
abnegaci,名o,,我
adjutant,名o,,助
aeroplan,名o,,机
agronomi,名o,,农
akvafort,名o,,版
akvilegi,名o,,花
alabastr,名o,,白
aligator,名o,,鳄
ambulanc,名o,,车
antipati,名o,,恶
antologi,名o,,集
apostrof,名o,,符
arbalest,名o,,弓
areometr,名o,,器
arkeolog,名o,,文
arkitekt,名o,,师
artileri,名o,,炮
astrolog,名o,,星
astronom,名o,,星
atmosfer,名o,,层
auxdienc,名o,,引
balistik,名o,,学
balzamin,名o,,花
banderol,名o,,带
barelief,名o,,雕
batalion,名o,,队
bazilisk,名o,,兽
biografi,名o,,事
ceremoni,名o,,礼
dekadenc,名o,,衰
delegaci,名o,,团
demagogi,名o,,动
demokrat,名o,,者
diafragm,名o,,隔
diagonal,名o,,边
diapazon,名o,,音
didaktik,名o,,学
difterit,名o,,炎
diktator,名o,,者
discxipl,名o,,学
dispepsi,名o,,消
ditiramb,名o,,颂
dromedar,名o,,者
ekstrakt,名o,,取
epilepsi,名o,,脑
erizipel,名o,,感
etimologi##,名o,,源
etiologi,名o,,因
etnograf,名o,,民
evangeli,名o,,讯
faksimil,名o,,印
fakultat,名o,,学
felieton,名o,,论
feminism,名o,,女
feminist,名o,,者
filologi,名o,,学
filozofi,名o,,思
fiziolog,名o,,生
fonograf,名o,,音
galantin,名o,,菜
garnitur,名o,,套
garnizon,名o,,防
genealog,名o,,谱
geometri,名o,,形
glicerin,名o,,剂
gliciriz,名o,,草
grafolog,名o,,笔
gramofon,名o,,音
gutaperk,名o,,胶
halebard,名o,,枪
harmonik,名o,,和
hegemoni,名o,,权
hekatomb,名o,,祭
hierarki,名o,,级
hipodrom,名o,,场
honorari,名o,,敬
horoskop,名o,,星
hortensi,名o,,花
hxirurgi,名o,,术
idiotism,名o,,语
imperial,名o,,皇
indigxen,名o,,民
inkognit,名o,,隐
intervju,名o,,谈
kalendul,名o,,花
kardinal,名o,,教
katafalk,名o,,台
katakomb,名o,,地
katedral,名o,,堂
katekist,名o,,者
kavaleri,名o,,兵
komandit,名o,,令
konfekci,名o,,装
konflikt,名o,,斗
kontralt,名o,,音
kontrast,名o,,差
konvenci,名o,,约
kosmetik,名o,,妆
kreditor,名o,,者
ksilofon,名o,,琴
kvocient,名o,,数
labirint,名o,,迷
lauxreat,名o,,者
logaritm,名o,,数
logogrif,名o,,字
makaroni,名o,,面
mandaren,名o,,长
mandolin,名o,,琴
manifest,名o,,示
manometr,名o,,力
margarin,名o,,油
marionet,名o,,人
mauxzole,名o,,墓
mekanism,名o,,系
melodram,名o,,剧
meridian,名o,,地
metronom,名o,,器
metropol,名o,,城
mikrofon,名o,,音
miniatur,名o,,小
monogram,名o,,印
monomani,名o,,执
naftalin,名o,,剂
narkotik,名o,,药
navigaci,名o,,航
nekrolog,名o,,悼
nepotism,名o,,家
nihilism,名o,,无
nihilist,名o,,者
nostalgi,名o,,怀
numismat,名o,,币
obligaci,名o,,债
oligarhx,名o,,头
oligarki,名o,,权
optimism,名o,,进
optimist,名o,,心
organism,名o,,体
orografi,名o,,山
pacifism,名o,,和
pacifist,名o,,者
palanken,名o,,篮
panteism,名o,,神
panteist,名o,,者
pantomim,名o,,剧
paradigm,名o,,范
parafraz,名o,,释
paragraf,名o,,节
partitur,名o,,谱
patologi,名o,,病
pedagogi,名o,,教
perimetr,名o,,缘
peristil,名o,,廊
pesimism,名o,,苦
pesimist,名o,,者
pleonasm,名o,,啰
poliglot,名o,,语
preterit,名o,,往
procedur,名o,,程
projekci,名o,,示
proporci,名o,,比
prospekt,名o,,解
protokol,名o,,录
prototip,名o,,型
prozelit,名o,,者
psikolog,名o,,心
referenc,名o,,范
renesanc,名o,,新
reputaci,名o,,名
revelaci,名o,,露
revolver,名o,,转
rojalist,名o,,王
sacerdot,名o,,教
sakristi,名o,,堂
sarkofag,名o,,墓
seminari,名o,,班
sensaci,名o,,感
sfinkter,名o,,紧
silogism,名o,,论
solecism,名o,,不
stipendi,名o,,金
strategi,名o,,略
subvenci,名o,,金
talisman,名o,,符
tamburin,名o,,琴
tarantel,名o,,舞
tarantul,名o,,丝
teleskop,名o,,镜
teokrati,名o,,教
tipograf,名o,,印
topograf,名o,,师
toreador,名o,,斗
transept,名o,,横
tuberkul,名o,,病
amfiteatr,名o,,场
apopleksi,名o,,血
arbitraci,名o,,裁
arhxeolog,名o,,古
arhxitekt,名o,,设
aritmetik,名o,,数
arkeologi,名o,,文
arkipelag,名o,,岛
astrologi,名o,,星
astronomi,名o,,星
auxditori,名o,,厅
auxtograf,名o,,手
auxtokrat,名o,,者
deklaraci,名o,,示
demokrati,名o,,政
dialektik,名o,,法
disciplin,名o,,规
disenteri,名o,,病
entomolog,名o,,虫
etnografi,名o,,文
filantrop,名o,,者
fiziologi,名o,,生
fizionomi,名o,,容
fotografi,名o,,影
genealogi,名o,,家
gladiator,名o,,士
grafologi,名o,,笔
harmonium,名o,,风
heksametr,名o,,诗
heliotrop,名o,,日
hidrofobi,名o,,水
hieroglif,名o,,文
higrometr,名o,,湿
hipopotam,名o,,兽
homeopati,名o,,疗
ideografi,名o,,文
imperativ,名o,,令
imperfekt,名o,,不
impresari,名o,,者
indikativ,名o,,示
infanteri,名o,,兵
infinitiv,名o,,无
inkvizici,名o,,法
intendant,名o,,管
kabriolet,名o,,车
kandelabr,名o,,灯
karikatur,名o,,画
kartograf,名o,,地
kastanjet,名o,,栗
katalepsi,名o,,强
katastrof,名o,,难
katehxist,名o,,教
kompromis,名o,,和
konduktor,名o,,车
konkurenc,名o,,争
kontinent,名o,,地
kontrabas,名o,,提
konvolvul,名o,,花
kosmogoni,名o,,星
kosmograf,名o,,家
krizantem,名o,,菊
kronologi,名o,,年
kronometr,名o,,时
krucifiks,名o,,圣
kvadratur,名o,,方
litografi,名o,,印
lokomobil,名o,,车
melankoli,名o,,郁
metafizik,名o,,哲
mikrometr,名o,,微
mikroskop,名o,,微
mineralog,名o,,学
monoteism,名o,,一
neologism,名o,,新
oligarhxi,名o,,权
ornitolog,名o,,鸟
ostracism,名o,,弃
paleograf,名o,,文
palisandr,名o,,木
paroksism,名o,,发
pentametr,名o,,诗
plutokrat,名o,,资
politeism,名o,,神
providenc,名o,,天
pulcxinel,名o,,演
purgatori,名o,,净
recitativ,名o,,述
reformaci,名o,,新
rekrement,名o,,渣
repertuar,名o,,曲
rezignaci,名o,,弃
sakrament,名o,,圣
sekundant,名o,,助
skarlatin,名o,,病
skolastik,名o,,学
somnambul,名o,,者
sortiment,名o,,合
spekulaci,名o,,测
spiritism,名o,,灵
spiritist,名o,,师
stalagmit,名o,,石
stalaktit,名o,,石
statistik,名o,,计
sxovinism,名o,,国
sxovinist,名o,,排
tipografi,名o,,版
topografi,名o,,学
velociped,名o,,车
veterinar,名o,,物
vivisekci,名o,,解
abiturient,名o,,学
alternativ,名o,,异
anakronism,名o,,时
antropolog,名o,,学
arhxeologi,名o,,文
arhxipelag,名o,,岛
aristokrat,名o,,贵
arkitektur,名o,,设
auxtokrati,名o,,权
beletristik,名o,,文
bibliograf,名o,,理
civilizaci,名o,,示
dinamometr,名o,,测
ekskrement,名o,,物
entomologi,名o,,虫
euxkaristi,名o,,敬
filantropi,名o,,善
hipertrofi,名o,,大
ingredienc,名o,,料
inkvizitor,名o,,员
kartografi,名o,,图
koeficient,名o,,数
kompliment,名o,,赞
kongregaci,名o,,教
konsistori,名o,,会
kontraband,名o,,易
kontribuci,名o,,助
kosmografi,名o,,星
kosmopolit,名o,,者
krestomati,名o,,集
kvintesenc,名o,,精
manufaktur,名o,,工
manuskript,名o,,本
metamorfoz,名o,,变
meteorolog,名o,,气
mineralogi,名o,,学
naturalism,名o,,生
numismatik,名o,,币
ornitologi,名o,,鸟
paleografi,名o,,文
perspektiv,名o,,景
plutokrati,名o,,财
pneuxmatik,名o,,轮
prerogativ,名o,,权
pseuxdonim,名o,,名
stenografi,名o,,记
subjunktiv,名o,,假
superlativ,名o,,上
tuberkuloz,名o,,结
admiralitat,名o,,海
antropologi,名o,,学
aristokrati,名o,,族
bibliografi,名o,,目
cirkumfleks,名o,,符
demonstraci,名o,,示
departement,名o,,部
enciklopedi,名o,,集
hermafrodit,名o,,性
hidrostatik,名o,,静
hidroterapi,名o,,水
imperialism,名o,,权
inauxguraci,名o,,式
kalejdoskop,名o,,筒
kondicional,名o,,条
konfederaci,名o,,联
konglomerat,名o,,合
kontrapunkt,名o,,对
manifestaci,名o,,示
metempsikoz,名o,,生
meteorologi,名o,,气
observatori,名o,,站
paleontolog,名o,,古
pleuxronekt,名o,,鱼
protagonist,名o,,人
protektorat,名o,,护
pseuxd,名o,,名
racionalism,名o,,理
racionalist,名o,,者
reuxmatism,名o,,炎
temperament,名o,,性
tragikomedi,名o,,剧
administraci,名o,,政
demonstrativ,名o,,示
konservatori,名o,,学
paleontologi,名o,,古
paralelogram,名o,,形
spiritualism,名o,,论
spiritualist,名o,,者
trigonometri,名o,,角
auxtobiografi,名o,,事
t.e.,略f,是,是
k.t.p.,略f,等,类
kiom,形9,何量,第
kiom##,接1,量,多
kiom##,副1,量,多
dum,接1,当间,时
dum##,前1,时,中
gxis,接1,至,至
gxis##,前1,至,止
anstataux,接1,代,换
anstataux##,前1,代,替
kiu##,形1,哪,哪
kiu,代1,何u,哪
tiu##,形1,那,那
tiu##,代1,那,那
cxiu,形1,全u,各
cxiu##,代1,各,専
neniu,形1,无u,有
neniu##,代1,无,无
ambaux,形1,双,两
ambaux##,代1,双,双
tiu cxi##,形1,这,这
tiu cxi##,代1,此,此
fiks,形5,固,定
fiks##,動5,固,固
fals,形6,伪,假
fals##,動6,伪,伪
cxu##,接1,否,否
cxu,副1,吗,是
kial,接1,何因,何
kial##,副1,原因,因
kiel,接1,何方,如
kiel##,副1,方式,程
tamen,接1,但,然
tamen##,副1,但,然
apenaux,接1,,刚
apenaux##,副1,几乎,微
kvazaux,接1,如,如
kvazaux##,副1,似,似
cxirkaux,前1,约,周
cxirkaux##,副1,周围,近
precip##,形4,重,要
precip,副 <4>,特别,特
tut,形2,全,全
tut##,副b,全,全
rest##,動2,留,留
rest,名2,余,剩
cxiel,副6,全方,多
cxiel##,名3,天,空
interes,動3,兴趣,迷
interes##,名 <3>,兴趣,迷
lig,動4,联,合
lig##,名4,联,结
rul,動5,轮,转
rul##,名5,轴,卷
arm##,動6,武器,装
arm,名6,武,弹
fos,動6,掘,掘
fos##,名6,坑,坑
plant,動6,植,种
plant##,名6,植,花
orient##,動9,方向,定
orient,名6,东,东
fald,動7,折,折
fald##,名7,折,折
kaj,接1,,再
kaj##,名8,台,台
amas,名4,群,集
amas##,名8,群,群
kopi,動f,复写,印
kopi##,名8,复,印
fotograf,動7,摄,录
fotograf##,名8,摄,影
cxar,接1,因,因
cxar##,名9,车,车
fikci##,形9,构,想
fikci,名9,虚,想
nul,数4,,零
nul##,名 <f>,,零
klar##,名f,明,明
klar,形2,明,明
artikol,名7,文品,文
artikol##,名f,条款,文
auxgust,名5,8月,暑
auxgust##,名f,八月,夏
por##,前1,为,于
por##,名o,孔,孔
opozici,動9,反,反
opozici##,名o,反,反
fot,,照,影
vibr,,振,动
oscil,,振动,动
fluktu,,波动,动
,,,
,,,
,,,
,,,
,,,
,,,
,,,
,,,
,,,
,,,
,,,
,,,
,,,
,,,
,,,
,,,
,,,
,,,
,,,
,,,
,,,
,,,
,,,
,,,
,,,
,,,
,,,
,,,
,,,
,,,
,,,
,,,
,,,
,,,
,,,
,,,
,,,
,,,
,,,
,,,
,,,
,,,
,,,
,,,
,,,
,,,
,,,
,,,
,,,
,,,
,,,
,,,
,,,
,,,
,,,
,,,
,,,
,,,
,,,
,,,
,,,
,,,
,,,
,,,
,,,
,,,
,,,
,,,
,,,
,,,
,,,
,,,
,,,
,,,
,,,
,,,
,,,
,,,
,,,
,,,
,,,
,,,
,,,
,,,
,,,
,,,
,,,
,,,
,,,
,,,
,,,
,,,
,,,
,,,
,,,
,,,
,,,
,,,
,,,
,,,
,,,
,,,
,,,
,,,
,,,
,,,
,,,
,,,
,,,
,,,
,,,
,,,
,,,
,,,
,,,
,,,
,,,
,,,
,,,
,,,
,,,
,,,
,,,
,,,
,,,
,,,
,,,
,,,
,,,
,,,
,,,
,,,
,,,
,,,
,,,
,,,
,,,
,,,
,,,
,,,
,,,
,,,
,,,
,,,
,,,
,,,
,,,
,,,
,,,
,,,
,,,
,,,
,,,
,,,
,,,
,,,
,,,
,,,
,,,
,,,
,,,
,,,
,,,
,,,
,,,
,,,
,,,
,,,
,,,
,,,
,,,
,,,
,,,
,,,
,,,
,,,
,,,
,,,
,,,
,,,
,,,
,,,
,,,
,,,
,,,
,,,
,,,
,,,
,,,
,,,
,,,
,,,
,,,
,,,
,,,
,,,
,,,
,,,
,,,
,,,
,,,
,,,
,,,
,,,
,,,
,,,
,,,
,,,
,,,
,,,
,,,
,,,
,,,
,,,
,,,
,,,
,,,
,,,
,,,
,,,
,,,
,,,
,,,
,,,
,,,
,,,
,,,
,,,
,,,
,,,
,,,
,,,
,,,
,,,
,,,
,,,
,,,
,,,
,,,
,,,
,,,
,,,
,,,
,,,
,,,
,,,
,,,
,,,
,,,
,,,
,,,
,,,
,,,
,,,
,,,
,,,
,,,
,,,
,,,
,,,
,,,
,,,
,,,
,,,
,,,
,,,
,,,
,,,
,,,
,,,
,,,
,,,
,,,
,,,
,,,
,,,
,,,
,,,
,,,
,,,
,,,
,,,
,,,
,,,
,,,
,,,
,,,
,,,
,,,
,,,
,,,
,,,
,,,
,,,
,,,
,,,
,,,
,,,
,,,
,,,
,,,
,,,
,,,
,,,
,,,
,,,
,,,
,,,
,,,
,,,
,,,
,,,
,,,
,,,
,,,
,,,
,,,
,,,
,,,
,,,
,,,
,,,
,,,
,,,
,,,
,,,
,,,
,,,
,,,
,,,
,,,
,,,
,,,
,,,
,,,
,,,
,,,
,,,
,,,
,,,
,,,
,,,
,,,
,,,
,,,
,,,
,,,
,,,
,,0,0
,,0,0
,,0,0
,,0,0
,,0,0
,,0,0
,,0,0
,,0,0
,,0,0
,,0,0
,,0,0
,,0,0
,,0,0
,,0,0
,,0,0
,,0,0
,,0,0
,,0,0
,,0,0
,,0,0
,,0,0
,,0,0
,,0,0
,,0,0
,,0,0
,,0,0
,,0,0
,,0,0
,,0,0
,,0,0
,,0,0
,,0,0
,,0,0
,,0,0
,,0,0
,,0,0
,,0,0
,,0,0
,,0,0
,,0,0
,,0,0
,,0,0
,,0,0
,,0,0
,,0,0
,,0,0
,,0,0
,,0,0
,,0,0
,,0,0
,,0,0
,,0,0
,,0,0
,,0,0
,,0,0
,,0,0
,,0,0
,,0,0
,,0,0
,,0,0
,,0,0
,,0,0
,,0,0
,,0,0
,,0,0
,,0,0
,,0,0
,,0,0
,,0,0
,,0,0
,,0,0
,,0,0
,,0,0
,,0,0
,,0,0
,,0,0
,,0,0
,,0,0
,,0,0
,,0,0
,,0,0
,,0,0
,,0,0
,,0,0
,,0,0
,,0,0
,,0,0
,,0,0
,,0,0
,,0,0
,,0,0
,,0,0
,,0,0
,,0,0
,,0,0
,,0,0
,,0,0
,,0,0
,,0,0
,,0,0
,,0,0
,,0,0
,,0,0
,,0,0
,,0,0
,,0,0
,,0,0
,,0,0
,,0,0
,,0,0
,,0,0
,,0,0
,,0,0
,,0,0
,,0,0
,,0,0
,,0,0
,,0,0
,,0,0
,,0,0
,,0,0
,,0,0
,,0,0
,,0,0
,,0,0
,,0,0
,,0,0
,,0,0
,,0,0
,,0,0
,,0,0
,,0,0
,,0,0
,,0,0
,,0,0
,,0,0
,,0,0
,,0,0
,,0,0
,,0,0
,,0,0
,,0,0
,,0,0
,,0,0
,,0,0
,,0,0
,,0,0
,,0,0
,,0,0
,,0,0
,,0,0
,,0,0
,,0,0
,,0,0
,,0,0
,,0,0
,,0,0
,,0,0
,,0,0
,,0,0
,,0,0
,,0,0
,,0,0
,,0,0
,,0,0
,,0,0
,,0,0
,,0,0
,,0,0
,,0,0
,,0,0
,,0,0
,,0,0
,,0,0
,,0,0
,,0,0
,,0,0
,,0,0
,,0,0
,,0,0
,,0,0
,,0,0
,,0,0
,,0,0
,,0,0
,,0,0
,,0,0
,,0,0
,,0,0
,,0,0
,,0,0
,,0,0
,,0,0
,,0,0
,,0,0
,,0,0
,,0,0
,,0,0
,,0,0
,,0,0
,,0,0
,,0,0
,,0,0
,,0,0
,,0,0
,,0,0
,,0,0
,,0,0
,,0,0
,,0,0
,,0,0
,,0,0
,,0,0
,,0,0
,,0,0
,,0,0
,,0,0
,,0,0
,,0,0
,,0,0
,,0,0
,,0,0
,,0,0
,,0,0
,,0,0
,,0,0
,,0,0
,,0,0
,,0,0
,,0,0
,,0,0
,,0,0
,,0,0
,,0,0
,,0,0
,,0,0
,,0,0
,,0,0
,,0,0
,,0,0
,,0,0
,,0,0
,,0,0
,,0,0
,,0,0
,,0,0
,,0,0
,,0,0
,,0,0
,,0,0
,,0,0
,,0,0
,,0,0
,,0,0
,,0,0
,,0,0
,,0,0
,,0,0
,,0,0
,,0,0
,,0,0
,,0,0
,,0,0
,,0,0
,,0,0
,,0,0
,,0,0
,,0,0
,,0,0
,,0,0
,,0,0
,,0,0
,,0,0
,,0,0
,,0,0
,,0,0
,,0,0
,,0,0
,,0,0
,,0,0
,,0,0
,,0,0
,,0,0
,,0,0
,,0,0
,,0,0
,,0,0
,,0,0
,,0,0
,,0,0
,,0,0
,,0,0
,,0,0
,,0,0
,,0,0
,,0,0
,,0,0
,,0,0
,,0,0
,,0,0
,,0,0
,,0,0
,,0,0
,,0,0
,,0,0
,,0,0
,,0,0
,,0,0
,,0,0
,,0,0
,,0,0
,,0,0
,,0,0
,,0,0
,,0,0
,,0,0
,,0,0
,,0,0
,,0,0
,,0,0
,,0,0
,,0,0
,,0,0
,,0,0
,,0,0
,,0,0
,,0,0
,,0,0
,,0,0
,,0,0
,,0,0
,,0,0
,,0,0
,,0,0
,,0,0
,,0,0
,,0,0
,,0,0
,,0,0
,,0,0
,,0,0
,,0,0
,,0,0
,,0,0
,,0,0
,,0,0
,,0,0
,,0,0
,,0,0
,,0,0
,,0,0
,,0,0
,,0,0
,,0,0
,,0,0
,,0,0
,,0,0
,,0,0
,,0,0
,,0,0
,,0,0
,,0,0
,,0,0
,,0,0
,,0,0
,,0,0
,,0,0
,,0,0
,,0,0
,,0,0
,,0,0
,,0,0
,,0,0
,,0,0
,,0,0
,,0,0
,,0,0
,,0,0
,,0,0
,,0,0
,,0,0
,,0,0
,,0,0
,,0,0
,,0,0
,,0,0
,,0,0
,,0,0
,,0,0
,,0,0
,,0,0
,,0,0
,,0,0
,,0,0
,,0,0
,,0,0
,,0,0
,,0,0
,,0,0
,,0,0
,,0,0
,,0,0
,,0,0
,,0,0
,,0,0
,,0,0
,,0,0
,,0,0
,,0,0
,,0,0
,,0,0
,,0,0
,,0,0
,,0,0
,,0,0
,,0,0
,,0,0
,,0,0
,,0,0
,,0,0
,,0,0
,,0,0
,,0,0
,,0,0
,,0,0
,,0,0
,,0,0
,,0,0
,,0,0
,,0,0
,,0,0
,,0,0
,,0,0
,,0,0
,,0,0
,,0,0
,,0,0
,,0,0
,,0,0
,,0,0
,,0,0
,,0,0
,,0,0
,,0,0
,,0,0
,,0,0
,,0,0
,,0,0
,,0,0
,,0,0
,,0,0
,,0,0
,,0,0
,,0,0
,,0,0
,,0,0
,,0,0
,,0,0
,,0,0
,,0,0
,,0,0
,,0,0
,,0,0
,,0,0
,,0,0
,,0,0
,,0,0
,,0,0
,,0,0
,,0,0
,,0,0
,,0,0
,,0,0
,,0,0
,,0,0
,,0,0
,,0,0
,,0,0
,,0,0
,,0,0
,,0,0
,,0,0
,,0,0
,,0,0
,,0,0
,,0,0
,,0,0
,,0,0
,,0,0
,,0,0
,,0,0
,,0,0
,,0,0
,,0,0
,,0,0
,,0,0
,,0,0
,,0,0
,,0,0
,,0,0
,,0,0
,,0,0
,,0,0
,,0,0
,,0,0
,,0,0
,,0,0
,,0,0
,,0,0
,,0,0
,,0,0
,,0,0
,,,0
,,,0
,,,0
,,,0
,,,0
,,,0
,,,0
,,,0
,,,0
,,,0
,,,0
,,,0
,,,0
,,,0
,,,0
,,,0
,,,0
,,,0
,,,0
,,,0
,,,0
,,,0
,,,0
,,,0
,,,0
,,,0
,,,0
,,,0
,,,0
,,,0
,,,0
,,,0
,,,0
,,,0
,,,0
,,,0
,,,0
,,,0
,,,0
,,,0
,,,0
,,,0
,,,0
,,,0
,,,0
,,,0
,,,0
,,,0
,,,0
,,,0
,,,0
,,,0
,,,0
,,,0
,,,0
,,,0
,,,0
,,,0
